0,1,2,3,4,5,6
WO-0001,2026-01-01,MH19-LT-9961,Customer 3,Tata Nexon,COMPLETED,Suresh P
WO-0002,2026-01-01,MH14-IC-9556,Customer 8,Hyundai i20,COMPLETED,Kiran D
WO-0003,2026-01-01,MH12-EC-6235,Customer 86,Tata Nexon,COMPLETED,Ravi M
WO-0004,2026-01-01,MH16-TY-2370,Customer 6,Tata Nexon,COMPLETED,Suresh P
WO-0005,2026-01-01,MH14-YW-8474,Customer 16,Tata Nexon,COMPLETED,Suresh P
WO-0006,2026-01-01,MH10-VH-5913,Customer 23,Hyundai i20,COMPLETED,Ravi M
WO-0007,2026-01-01,MH12-OY-7407,Customer 34,Hyundai i20,COMPLETED,Ravi M
WO-0008,2026-01-01,MH18-SE-4973,Customer 34,Hyundai i20,COMPLETED,Ravi M
WO-0009,2026-01-01,MH14-SV-8279,Customer 82,Hyundai i20,COMPLETED,Suresh P
WO-0010,2026-01-01,MH20-WC-4790,Customer 4,Maruti Swift,COMPLETED,Ravi M
WO-0011,2026-01-02,MH12-DZ-6265,Rajesh Kumar 35,Tata Nexon,COMPLETED,Suresh P
WO-0012,2026-01-02,MH18-UB-3973,Customer 31,Honda City,COMPLETED,Suresh P
WO-0013,2026-01-02,MH18-LE-2694,Customer 107,Maruti Swift,COMPLETED,Suresh P
WO-0014,2026-01-02,MH11-VX-4368,Rajesh Kumar 10,Honda City,COMPLETED,Suresh P
WO-0015,2026-01-02,MH12-AU-6839,Customer 107,Honda City,COMPLETED,Ravi M
WO-0016,2026-01-02,MH11-JA-2183,Customer 6,Maruti Swift,COMPLETED,Kiran D
WO-0017,2026-01-02,MH19-NU-7657,Customer 42,Tata Nexon,COMPLETED,Kiran D
WO-0018,2026-01-02,MH17-CO-2719,Rajesh Kumar 15,Maruti Swift,COMPLETED,Ravi M
WO-0019,2026-01-02,MH10-VC-4316,Customer 112,Tata Nexon,COMPLETED,Kiran D
WO-0020,2026-01-02,MH17-XX-2449,Rajesh Kumar 70,Maruti Swift,COMPLETED,Ravi M
WO-0021,2026-01-02,MH11-LB-4545,Rajesh Kumar 35,Honda City,COMPLETED,Kiran D
WO-0022,2026-01-03,MH14-PU-7668,Customer 93,Honda City,COMPLETED,Ravi M
WO-0023,2026-01-03,MH19-UK-3541,Rajesh Kumar 25,Honda City,COMPLETED,Kiran D
WO-0024,2026-01-03,MH15-IE-4760,Customer 16,Tata Nexon,COMPLETED,Ravi M
WO-0025,2026-01-03,MH11-LT-8332,Customer 82,Honda City,COMPLETED,Kiran D
WO-0026,2026-01-03,MH12-UO-6704,Customer 8,Tata Nexon,COMPLETED,Suresh P
WO-0027,2026-01-03,MH15-JQ-3634,Customer 2,Tata Nexon,COMPLETED,Ravi M
WO-0028,2026-01-03,MH17-WK-3032,Rajesh Kumar 120,Maruti Swift,COMPLETED,Suresh P
WO-0029,2026-01-03,MH11-QH-2958,Customer 104,Honda City,COMPLETED,Suresh P
WO-0030,2026-01-03,MH20-TB-4402,Customer 61,Maruti Swift,COMPLETED,Ravi M
WO-0031,2026-01-03,MH16-KF-8848,Customer 71,Honda City,COMPLETED,Suresh P
WO-0032,2026-01-03,MH14-EZ-6411,Customer 82,Tata Nexon,COMPLETED,Ravi M
WO-0033,2026-01-03,MH17-QT-1230,Customer 48,Tata Nexon,COMPLETED,Kiran D
WO-0034,2026-01-04,MH11-FH-5241,Customer 57,Hyundai i20,COMPLETED,Ravi M
WO-0035,2026-01-04,MH11-WS-4704,Customer 1,Honda City,COMPLETED,Suresh P
WO-0036,2026-01-04,MH10-IC-9122,Customer 34,Honda City,COMPLETED,Kiran D
WO-0037,2026-01-04,MH13-MN-2976,Customer 41,Hyundai i20,COMPLETED,Kiran D
WO-0038,2026-01-04,MH19-AO-7050,Rajesh Kumar 95,Maruti Swift,COMPLETED,Kiran D
WO-0039,2026-01-04,MH13-SV-4460,Customer 2,Honda City,COMPLETED,Suresh P
WO-0040,2026-01-04,MH11-TA-8310,Customer 102,Tata Nexon,COMPLETED,Ravi M
WO-0041,2026-01-04,MH19-XN-1920,Customer 94,Maruti Swift,COMPLETED,Ravi M
WO-0042,2026-01-04,MH20-KA-1768,Customer 101,Hyundai i20,COMPLETED,Ravi M
WO-0043,2026-01-04,MH10-KV-5472,Customer 106,Honda City,COMPLETED,Kiran D
WO-0044,2026-01-04,MH10-BR-8751,Customer 103,Maruti Swift,COMPLETED,Ravi M
WO-0045,2026-01-04,MH16-MD-6643,Customer 81,Hyundai i20,COMPLETED,Suresh P
WO-0046,2026-01-05,MH15-BO-1519,Customer 59,Honda City,COMPLETED,Kiran D
WO-0047,2026-01-05,MH19-AG-3127,Customer 88,Honda City,COMPLETED,Ravi M
WO-0048,2026-01-05,MH10-YW-3684,Customer 78,Maruti Swift,COMPLETED,Suresh P
WO-0049,2026-01-05,MH16-JK-6676,Customer 38,Maruti Swift,COMPLETED,Suresh P
WO-0050,2026-01-05,MH12-MP-9399,Customer 72,Hyundai i20,COMPLETED,Suresh P
WO-0051,2026-01-05,MH15-ON-3206,Rajesh Kumar 85,Maruti Swift,COMPLETED,Suresh P
WO-0052,2026-01-06,MH13-DR-8245,Customer 43,Maruti Swift,COMPLETED,Ravi M
WO-0053,2026-01-06,MH10-CP-7685,Customer 96,Tata Nexon,COMPLETED,Suresh P
WO-0054,2026-01-06,MH10-TV-2485,Customer 113,Tata Nexon,COMPLETED,Suresh P
WO-0055,2026-01-06,MH12-VR-4260,Rajesh Kumar 50,Hyundai i20,COMPLETED,Kiran D
WO-0056,2026-01-06,MH16-WG-8907,Customer 11,Hyundai i20,COMPLETED,Kiran D
WO-0057,2026-01-06,MH16-NR-6217,Customer 117,Tata Nexon,COMPLETED,Suresh P
WO-0058,2026-01-06,MH14-AN-6927,Customer 46,Honda City,COMPLETED,Kiran D
WO-0059,2026-01-06,MH13-ZB-4391,Customer 68,Tata Nexon,COMPLETED,Ravi M
WO-0060,2026-01-07,MH18-SL-2334,Customer 111,Honda City,COMPLETED,Ravi M
WO-0061,2026-01-07,MH10-GK-7044,Customer 83,Tata Nexon,COMPLETED,Kiran D
WO-0062,2026-01-07,MH18-XS-8493,Rajesh Kumar 25,Maruti Swift,COMPLETED,Ravi M
WO-0063,2026-01-07,MH19-UY-6162,Customer 104,Hyundai i20,COMPLETED,Kiran D
WO-0064,2026-01-07,MH20-RW-3083,Customer 86,Maruti Swift,COMPLETED,Ravi M
WO-0065,2026-01-07,MH11-HP-8212,Customer 23,Hyundai i20,COMPLETED,Suresh P
WO-0066,2026-01-07,MH20-MS-9639,Customer 69,Hyundai i20,COMPLETED,Ravi M
WO-0067,2026-01-07,MH15-HW-9304,Customer 63,Tata Nexon,COMPLETED,Kiran D
WO-0068,2026-01-07,MH19-GJ-5929,Customer 62,Honda City,COMPLETED,Ravi M
WO-0069,2026-01-07,MH13-NL-2597,Customer 106,Honda City,COMPLETED,Suresh P
WO-0070,2026-01-07,MH13-RJ-4056,Customer 37,Hyundai i20,COMPLETED,Ravi M
WO-0071,2026-01-08,MH17-QO-7519,Rajesh Kumar 45,Tata Nexon,COMPLETED,Ravi M
WO-0072,2026-01-08,MH16-WZ-6802,Customer 109,Honda City,COMPLETED,Ravi M
WO-0073,2026-01-08,MH17-HP-1747,Customer 104,Tata Nexon,COMPLETED,Ravi M
WO-0074,2026-01-08,MH15-NM-5135,Customer 116,Maruti Swift,COMPLETED,Suresh P
WO-0075,2026-01-08,MH19-NX-9895,Customer 98,Honda City,COMPLETED,Ravi M
WO-0076,2026-01-08,MH16-VA-7755,Customer 69,Honda City,COMPLETED,Ravi M
WO-0078,2026-01-08,MH19-TS-7551,Customer 9,Hyundai i20,COMPLETED,Suresh P
WO-0079,2026-01-08,MH16-WI-6778,Customer 93,Honda City,COMPLETED,Kiran D
WO-0080,2026-01-09,MH10-VV-4897,Rajesh Kumar 25,Honda City,COMPLETED,Suresh P
WO-0081,2026-01-09,MH17-RH-5267,Customer 76,Tata Nexon,COMPLETED,Suresh P
WO-0082,2026-01-09,MH10-XL-4581,Customer 41,Tata Nexon,COMPLETED,Suresh P
WO-0083,2026-01-09,MH11-YK-9255,Rajesh Kumar 25,Tata Nexon,COMPLETED,Kiran D
WO-0084,2026-01-09,MH15-UG-9355,Customer 23,Hyundai i20,COMPLETED,Kiran D
WO-0085,2026-01-09,MH11-KF-2432,Customer 74,Tata Nexon,COMPLETED,Suresh P
WO-0086,2026-01-09,MH11-MY-2981,Customer 106,Hyundai i20,COMPLETED,Kiran D
WO-0087,2026-01-09,MH15-UB-4784,Customer 77,Hyundai i20,COMPLETED,Kiran D
WO-0088,2026-01-09,MH15-IK-1917,Customer 72,Maruti Swift,COMPLETED,Kiran D
WO-0089,2026-01-09,MH17-FD-6078,Customer 78,Hyundai i20,COMPLETED,Kiran D
WO-0090,2026-01-09,MH10-SO-4875,Customer 69,Honda City,COMPLETED,Ravi M
WO-0091,2026-01-10,MH11-ER-8708,Customer 69,Tata Nexon,COMPLETED,Kiran D
WO-0092,2026-01-10,MH19-VR-3344,Rajesh Kumar 100,Maruti Swift,COMPLETED,Kiran D
WO-0093,2026-01-10,MH10-TA-2760,Customer 11,Maruti Swift,COMPLETED,Ravi M
WO-0094,2026-01-10,MH17-RB-6931,Customer 62,Honda City,COMPLETED,Suresh P
WO-0095,2026-01-10,MH17-YG-8841,Customer 7,Honda City,COMPLETED,Kiran D
WO-0096,2026-01-10,MH11-BM-8004,Customer 117,Tata Nexon,COMPLETED,Suresh P
WO-0097,2026-01-10,MH18-RD-5184,Rajesh Kumar 35,Tata Nexon,COMPLETED,Suresh P
WO-0098,2026-01-10,MH20-LW-3706,Customer 4,Honda City,COMPLETED,Ravi M
WO-0099,2026-01-10,MH15-NB-8394,Customer 107,Honda City,COMPLETED,Suresh P
WO-0100,2026-01-10,MH18-VM-6126,Customer 48,Hyundai i20,COMPLETED,Kiran D
WO-0101,2026-01-10,MH18-HR-3029,Rajesh Kumar 45,Maruti Swift,COMPLETED,Kiran D
WO-0102,2026-01-10,MH14-IU-7153,Customer 106,Hyundai i20,COMPLETED,Suresh P
WO-0103,2026-01-11,MH10-XL-9141,Customer 62,Maruti Swift,COMPLETED,Suresh P
WO-0104,2026-01-11,MH16-TE-3727,Customer 42,Honda City,COMPLETED,Suresh P
WO-0105,2026-01-11,MH15-OI-4263,Customer 13,Hyundai i20,COMPLETED,Kiran D
WO-0106,2026-01-11,MH20-XL-1192,Customer 77,Hyundai i20,COMPLETED,Suresh P
WO-0107,2026-01-11,MH16-AH-9284,Customer 59,Honda City,COMPLETED,Suresh P
WO-0108,2026-01-11,MH10-HV-9200,Customer 13,Tata Nexon,COMPLETED,Kiran D
WO-0109,2026-01-11,MH19-KL-5185,Customer 52,Maruti Swift,COMPLETED,Ravi M
WO-0110,2026-01-11,MH10-HR-8734,Customer 77,Honda City,COMPLETED,Kiran D
WO-0111,2026-01-11,MH11-UR-6671,Customer 87,Tata Nexon,COMPLETED,Suresh P
WO-0112,2026-01-11,MH14-HE-4476,Rajesh Kumar 10,Honda City,COMPLETED,Ravi M
WO-0113,2026-01-11,MH18-EF-8250,Customer 106,Hyundai i20,COMPLETED,Suresh P
WO-0114,2026-01-11,MH13-RN-4136,Customer 53,Tata Nexon,COMPLETED,Kiran D
WO-0115,2026-01-12,MH18-SL-7040,Customer 102,Honda City,COMPLETED,Kiran D
WO-0116,2026-01-12,MH16-IO-6220,Customer 47,Honda City,COMPLETED,Suresh P
WO-0117,2026-01-12,MH10-SB-1937,Customer 39,Tata Nexon,COMPLETED,Kiran D
WO-0118,2026-01-12,MH16-LL-3338,Customer 74,Tata Nexon,COMPLETED,Ravi M
WO-0119,2026-01-12,MH16-ZN-6208,Customer 53,Honda City,COMPLETED,Kiran D
WO-0120,2026-01-12,MH14-NC-3987,Customer 29,Tata Nexon,COMPLETED,Suresh P
WO-0121,2026-01-12,MH15-YN-7234,Customer 94,Honda City,COMPLETED,Suresh P
WO-0122,2026-01-12,MH14-FH-3559,Customer 43,Honda City,COMPLETED,Suresh P
WO-0123,2026-01-12,MH19-TZ-7033,Customer 13,Tata Nexon,COMPLETED,Suresh P
WO-0124,2026-01-12,MH10-CM-4405,Customer 83,Tata Nexon,COMPLETED,Kiran D
WO-0125,2026-01-12,MH19-FP-9699,Customer 36,Maruti Swift,COMPLETED,Ravi M
WO-0126,2026-01-13,MH11-ZF-7700,Customer 3,Tata Nexon,COMPLETED,Suresh P
WO-0127,2026-01-13,MH20-YR-7802,Rajesh Kumar 120,Hyundai i20,COMPLETED,Suresh P
WO-0128,2026-01-13,MH10-TN-4555,Customer 59,Hyundai i20,COMPLETED,Kiran D
WO-0129,2026-01-13,MH13-EP-9377,Customer 62,Honda City,COMPLETED,Suresh P
WO-0130,2026-01-13,MH11-TO-5971,Rajesh Kumar 20,Hyundai i20,COMPLETED,Suresh P
WO-0131,2026-01-13,MH19-UF-1440,Customer 99,Honda City,COMPLETED,Suresh P
WO-0132,2026-01-13,MH11-LF-5481,Customer 14,Hyundai i20,COMPLETED,Suresh P
WO-0133,2026-01-13,MH15-WL-6629,Rajesh Kumar 90,Tata Nexon,COMPLETED,Kiran D
WO-0134,2026-01-13,MH16-XV-2829,Customer 19,Tata Nexon,COMPLETED,Kiran D
WO-0135,2026-01-13,MH10-VV-4603,Customer 36,Tata Nexon,COMPLETED,Kiran D
WO-0136,2026-01-14,MH10-NX-2085,Customer 6,Tata Nexon,COMPLETED,Suresh P
WO-0137,2026-01-14,MH20-WV-9537,Customer 38,Tata Nexon,COMPLETED,Suresh P
WO-0138,2026-01-14,MH16-SJ-1606,Customer 34,Maruti Swift,COMPLETED,Ravi M
WO-0139,2026-01-14,MH18-VO-5090,Customer 74,Tata Nexon,COMPLETED,Ravi M
WO-0140,2026-01-14,MH11-AT-5917,Customer 74,Honda City,COMPLETED,Suresh P
WO-0141,2026-01-14,MH12-TB-7174,Customer 22,Honda City,COMPLETED,Suresh P
WO-0142,2026-01-14,MH13-DX-2412,Rajesh Kumar 120,Maruti Swift,COMPLETED,Suresh P
WO-0143,2026-01-14,MH10-KI-3009,Customer 92,Honda City,COMPLETED,Suresh P
WO-0144,2026-01-14,MH16-RM-8578,Customer 41,Maruti Swift,COMPLETED,Suresh P
WO-0145,2026-01-14,MH15-LW-8504,Rajesh Kumar 85,Maruti Swift,COMPLETED,Suresh P
WO-0146,2026-01-14,MH17-LR-5586,Customer 18,Tata Nexon,COMPLETED,Suresh P
WO-0147,2026-01-15,MH18-KO-2454,Customer 63,Honda City,COMPLETED,Suresh P
WO-0148,2026-01-15,MH20-XY-8523,Customer 73,Hyundai i20,COMPLETED,Suresh P
WO-0149,2026-01-15,MH16-QN-8161,Customer 47,Tata Nexon,COMPLETED,Suresh P
WO-0150,2026-01-15,MH13-BR-7796,Customer 54,Tata Nexon,COMPLETED,Kiran D
WO-0151,2026-01-15,MH14-YL-3931,Customer 99,Tata Nexon,COMPLETED,Ravi M
WO-0152,2026-01-15,MH18-NZ-4272,Customer 107,Honda City,COMPLETED,Kiran D
WO-0153,2026-01-15,MH17-CZ-3415,Customer 8,Honda City,COMPLETED,Suresh P
WO-0154,2026-01-15,MH19-RM-1401,Customer 26,Tata Nexon,COMPLETED,Suresh P
WO-0155,2026-01-15,MH20-EG-4495,Customer 96,Tata Nexon,COMPLETED,Suresh P
WO-0156,2026-01-15,MH15-YQ-3642,Rajesh Kumar 30,Hyundai i20,COMPLETED,Kiran D
WO-0157,2026-01-15,MH18-SR-7030,Customer 41,Maruti Swift,COMPLETED,Ravi M
WO-0158,2026-01-16,MH14-HJ-4084,Customer 16,Tata Nexon,COMPLETED,Kiran D
WO-0159,2026-01-16,MH14-CR-3786,Rajesh Kumar 25,Honda City,COMPLETED,Ravi M
WO-0160,2026-01-16,MH14-PQ-3495,Rajesh Kumar 55,Honda City,COMPLETED,Suresh P
WO-0161,2026-01-16,MH20-BM-4225,Customer 73,Maruti Swift,COMPLETED,Ravi M
WO-0162,2026-01-16,MH18-XG-3994,Rajesh Kumar 55,Hyundai i20,COMPLETED,Kiran D
WO-0163,2026-01-16,MH19-FD-6333,Customer 68,Honda City,COMPLETED,Ravi M
WO-0164,2026-01-16,MH11-ZU-4297,Customer 63,Tata Nexon,COMPLETED,Kiran D
WO-0166,2026-01-16,MH18-ZW-5303,Customer 92,Honda City,COMPLETED,Kiran D
WO-0167,2026-01-17,MH20-GL-6464,Customer 116,Hyundai i20,COMPLETED,Ravi M
WO-0168,2026-01-17,MH19-CR-1506,Customer 111,Maruti Swift,COMPLETED,Ravi M
WO-0169,2026-01-17,MH14-QF-8093,Customer 109,Honda City,COMPLETED,Suresh P
WO-0170,2026-01-17,MH14-XD-7559,Customer 31,Maruti Swift,COMPLETED,Suresh P
WO-0171,2026-01-17,MH11-XJ-8695,Customer 66,Maruti Swift,COMPLETED,Suresh P
WO-0172,2026-01-17,MH16-CZ-3121,Customer 53,Tata Nexon,COMPLETED,Kiran D
WO-0173,2026-01-17,MH18-TK-1689,Customer 59,Honda City,COMPLETED,Suresh P
WO-0174,2026-01-17,MH16-CY-8935,Customer 1,Hyundai i20,COMPLETED,Kiran D
WO-0175,2026-01-17,MH10-IU-4051,Customer 57,Hyundai i20,COMPLETED,Suresh P
WO-0176,2026-01-17,MH13-SJ-7688,Rajesh Kumar 15,Hyundai i20,COMPLETED,Kiran D
WO-0177,2026-01-17,MH10-AC-4600,Customer 84,Tata Nexon,COMPLETED,Ravi M
WO-0178,2026-01-17,MH10-MO-3472,Customer 39,Maruti Swift,COMPLETED,Ravi M
WO-0179,2026-01-17,MH19-AU-7147,Customer 68,Hyundai i20,COMPLETED,Kiran D
WO-0180,2026-01-17,MH18-CY-1072,Customer 42,Tata Nexon,COMPLETED,Kiran D
WO-0181,2026-01-18,MH19-WY-4726,Customer 93,Honda City,COMPLETED,Ravi M
WO-0182,2026-01-18,MH18-UZ-2086,Rajesh Kumar 115,Honda City,COMPLETED,Kiran D
WO-0183,2026-01-18,MH12-FH-9275,Customer 73,Honda City,COMPLETED,Kiran D
WO-0184,2026-01-18,MH10-YL-1843,Customer 73,Maruti Swift,COMPLETED,Suresh P
WO-0185,2026-01-18,MH10-CR-1782,Customer 17,Honda City,COMPLETED,Suresh P
WO-0186,2026-01-18,MH13-PV-8747,Customer 34,Tata Nexon,COMPLETED,Suresh P
WO-0187,2026-01-18,MH20-UV-6426,Rajesh Kumar 45,Hyundai i20,COMPLETED,Kiran D
WO-0188,2026-01-18,MH20-FV-7984,Customer 23,Honda City,COMPLETED,Kiran D
WO-0189,2026-01-18,MH18-SR-5124,Customer 92,Hyundai i20,COMPLETED,Ravi M
WO-0190,2026-01-18,MH19-KO-9443,Customer 31,Maruti Swift,COMPLETED,Ravi M
WO-0191,2026-01-18,MH20-GQ-8457,Customer 19,Tata Nexon,COMPLETED,Kiran D
WO-0192,2026-01-18,MH20-MS-8936,Rajesh Kumar 30,Honda City,COMPLETED,Kiran D
WO-0193,2026-01-18,MH20-AX-3914,Customer 66,Hyundai i20,COMPLETED,Kiran D
WO-0194,2026-01-19,MH17-OP-7587,Rajesh Kumar 5,Tata Nexon,COMPLETED,Kiran D
WO-0195,2026-01-19,MH15-YL-2258,Customer 72,Honda City,COMPLETED,Ravi M
WO-0196,2026-01-19,MH11-IF-3696,Customer 104,Maruti Swift,COMPLETED,Kiran D
WO-0197,2026-01-19,MH18-ZC-2477,Customer 71,Tata Nexon,COMPLETED,Kiran D
WO-0198,2026-01-19,MH17-YF-9945,Customer 68,Maruti Swift,COMPLETED,Suresh P
WO-0199,2026-01-19,MH12-CK-7227,Customer 28,Hyundai i20,COMPLETED,Suresh P
WO-0200,2026-01-19,MH10-PV-5700,Customer 72,Maruti Swift,COMPLETED,Ravi M
WO-0201,2026-01-19,MH16-SO-8523,Customer 13,Maruti Swift,COMPLETED,Suresh P
WO-0202,2026-01-19,MH10-MW-8872,Customer 7,Hyundai i20,COMPLETED,Ravi M
WO-0203,2026-01-19,MH10-UK-7562,Customer 86,Maruti Swift,COMPLETED,Suresh P
WO-0204,2026-01-19,MH13-AV-6267,Customer 88,Hyundai i20,COMPLETED,Kiran D
WO-0205,2026-01-19,MH15-NH-7868,Rajesh Kumar 10,Hyundai i20,COMPLETED,Ravi M
WO-0206,2026-01-20,MH10-GN-4883,Customer 66,Hyundai i20,COMPLETED,Suresh P
WO-0207,2026-01-20,MH19-RX-9574,Customer 27,Maruti Swift,COMPLETED,Ravi M
WO-0208,2026-01-20,MH11-IK-9000,Customer 91,Hyundai i20,COMPLETED,Kiran D
WO-0209,2026-01-20,MH15-GS-1369,Customer 8,Maruti Swift,COMPLETED,Ravi M
WO-0210,2026-01-20,MH13-JB-4346,Customer 89,Honda City,COMPLETED,Ravi M
WO-0211,2026-01-20,MH17-YX-6827,Rajesh Kumar 25,Honda City,COMPLETED,Ravi M
WO-0212,2026-01-20,MH19-ER-7242,Customer 54,Tata Nexon,COMPLETED,Suresh P
WO-0213,2026-01-20,MH17-PZ-8436,Customer 74,Hyundai i20,COMPLETED,Ravi M
WO-0214,2026-01-20,MH12-JT-1058,Customer 102,Hyundai i20,COMPLETED,Ravi M
WO-0215,2026-01-21,MH19-WJ-1973,Rajesh Kumar 5,Honda City,COMPLETED,Kiran D
WO-0216,2026-01-21,MH19-OJ-7723,Customer 63,Hyundai i20,COMPLETED,Suresh P
WO-0217,2026-01-21,MH10-HH-5390,Customer 14,Maruti Swift,COMPLETED,Kiran D
WO-0218,2026-01-21,MH15-XX-1783,Customer 32,Maruti Swift,COMPLETED,Suresh P
WO-0219,2026-01-21,MH17-PT-6430,Customer 43,Hyundai i20,COMPLETED,Suresh P
WO-0220,2026-01-21,MH19-QM-3347,Customer 114,Maruti Swift,COMPLETED,Ravi M
WO-0221,2026-01-22,MH12-QA-9919,Customer 102,Maruti Swift,COMPLETED,Kiran D
WO-0222,2026-01-22,MH13-OE-5855,Customer 61,Tata Nexon,COMPLETED,Suresh P
WO-0223,2026-01-22,MH14-XD-4991,Customer 44,Hyundai i20,COMPLETED,Kiran D
WO-0224,2026-01-22,MH10-AC-8734,Customer 107,Maruti Swift,COMPLETED,Kiran D
WO-0225,2026-01-22,MH19-QF-5245,Customer 16,Tata Nexon,COMPLETED,Kiran D
WO-0226,2026-01-22,MH10-UP-1173,Customer 83,Honda City,COMPLETED,Kiran D
WO-0227,2026-01-22,MH20-CD-8527,Customer 96,Tata Nexon,COMPLETED,Kiran D
WO-0228,2026-01-23,MH16-UT-5226,Customer 61,Maruti Swift,COMPLETED,Suresh P
WO-0229,2026-01-23,MH10-SN-1664,Customer 4,Maruti Swift,COMPLETED,Suresh P
WO-0230,2026-01-23,MH11-BX-4051,Customer 108,Tata Nexon,COMPLETED,Kiran D
WO-0231,2026-01-23,MH15-UQ-1166,Customer 2,Hyundai i20,COMPLETED,Kiran D
WO-0232,2026-01-23,MH19-GK-9938,Customer 97,Honda City,COMPLETED,Ravi M
WO-0233,2026-01-23,MH19-LB-2017,Customer 88,Maruti Swift,COMPLETED,Ravi M
WO-0234,2026-01-23,MH19-LB-8860,Customer 78,Maruti Swift,COMPLETED,Kiran D
WO-0235,2026-01-23,MH10-PP-3456,Customer 37,Hyundai i20,COMPLETED,Suresh P
WO-0236,2026-01-23,MH12-CC-6689,Customer 82,Hyundai i20,COMPLETED,Ravi M
WO-0237,2026-01-23,MH17-MO-1414,Customer 98,Tata Nexon,COMPLETED,Ravi M
WO-0238,2026-01-23,MH18-FM-4855,Customer 59,Hyundai i20,COMPLETED,Suresh P
WO-0239,2026-01-23,MH17-AU-8881,Customer 12,Honda City,COMPLETED,Kiran D
WO-0240,2026-01-24,MH16-PE-7403,Rajesh Kumar 40,Tata Nexon,COMPLETED,Kiran D
WO-0241,2026-01-24,MH12-PU-1490,Customer 8,Maruti Swift,COMPLETED,Ravi M
WO-0242,2026-01-24,MH13-MA-6442,Customer 103,Tata Nexon,COMPLETED,Ravi M
WO-0243,2026-01-24,MH18-EE-9117,Customer 36,Tata Nexon,COMPLETED,Suresh P
WO-0244,2026-01-24,MH15-LS-1396,Customer 113,Hyundai i20,COMPLETED,Suresh P
WO-0245,2026-01-24,MH11-NM-2547,Customer 113,Maruti Swift,COMPLETED,Kiran D
WO-0246,2026-01-24,MH14-SU-4927,Rajesh Kumar 40,Honda City,COMPLETED,Ravi M
WO-0247,2026-01-24,MH15-CF-2866,Rajesh Kumar 95,Hyundai i20,COMPLETED,Suresh P
WO-0248,2026-01-24,MH12-XX-5016,Customer 107,Maruti Swift,COMPLETED,Kiran D
WO-0249,2026-01-24,MH20-XY-5582,Rajesh Kumar 35,Honda City,COMPLETED,Suresh P
WO-0250,2026-01-25,MH16-QK-4227,Rajesh Kumar 55,Hyundai i20,COMPLETED,Kiran D
WO-0251,2026-01-25,MH10-HX-2433,Customer 14,Maruti Swift,COMPLETED,Suresh P
WO-0252,2026-01-25,MH15-UD-5901,Customer 112,Tata Nexon,COMPLETED,Suresh P
WO-0253,2026-01-25,MH17-YS-3430,Customer 43,Tata Nexon,COMPLETED,Suresh P
WO-0254,2026-01-25,MH16-VG-1706,Customer 63,Honda City,COMPLETED,Ravi M
WO-0255,2026-01-25,MH17-BL-5481,Customer 63,Honda City,COMPLETED,Ravi M
WO-0256,2026-01-25,MH18-JE-3238,Customer 12,Honda City,COMPLETED,Suresh P
WO-0257,2026-01-25,MH20-MV-3281,Customer 4,Honda City,COMPLETED,Suresh P
WO-0258,2026-01-25,MH12-IP-2398,Customer 42,Hyundai i20,COMPLETED,Suresh P
WO-0259,2026-01-25,MH15-TX-2619,Customer 81,Tata Nexon,COMPLETED,Ravi M
WO-0260,2026-01-26,MH12-LK-2124,Customer 119,Tata Nexon,COMPLETED,Kiran D
WO-0261,2026-01-26,MH18-JQ-8222,Customer 79,Tata Nexon,COMPLETED,Suresh P
WO-0262,2026-01-26,MH15-ZN-6208,Customer 69,Honda City,COMPLETED,Suresh P
WO-0263,2026-01-26,MH17-CR-6232,Customer 76,Maruti Swift,COMPLETED,Ravi M
WO-0264,2026-01-26,MH16-KD-9605,Customer 82,Honda City,COMPLETED,Kiran D
WO-0265,2026-01-26,MH15-TX-3043,Customer 114,Tata Nexon,COMPLETED,Suresh P
WO-0266,2026-01-27,MH19-KM-4682,Customer 96,Hyundai i20,COMPLETED,Kiran D
WO-0267,2026-01-27,MH17-FS-7274,Customer 83,Honda City,COMPLETED,Suresh P
WO-0268,2026-01-27,MH11-OR-2826,Rajesh Kumar 25,Honda City,COMPLETED,Suresh P
WO-0269,2026-01-27,MH11-XJ-9851,Customer 36,Maruti Swift,COMPLETED,Kiran D
WO-0270,2026-01-27,MH20-SA-5949,Rajesh Kumar 5,Honda City,COMPLETED,Suresh P
WO-0271,2026-01-27,MH14-GB-7923,Rajesh Kumar 45,Maruti Swift,COMPLETED,Suresh P
WO-0272,2026-01-28,MH15-IF-3276,Customer 94,Tata Nexon,COMPLETED,Ravi M
WO-0273,2026-01-28,MH10-OU-8134,Rajesh Kumar 20,Honda City,COMPLETED,Kiran D
WO-0274,2026-01-28,MH13-HF-7678,Customer 43,Maruti Swift,COMPLETED,Suresh P
WO-0275,2026-01-28,MH18-AN-7245,Customer 21,Honda City,COMPLETED,Suresh P
WO-0276,2026-01-28,MH18-SY-8174,Customer 72,Tata Nexon,COMPLETED,Ravi M
WO-0277,2026-01-28,MH11-WE-5904,Customer 94,Hyundai i20,COMPLETED,Ravi M
WO-0278,2026-01-28,MH17-WR-1369,Customer 88,Maruti Swift,COMPLETED,Ravi M
WO-0279,2026-01-28,MH14-XX-4197,Customer 53,Maruti Swift,COMPLETED,Ravi M
WO-0280,2026-01-28,MH13-QR-6848,Customer 36,Tata Nexon,COMPLETED,Ravi M
WO-0281,2026-01-28,MH19-NC-5684,Customer 69,Honda City,COMPLETED,Kiran D
WO-0282,2026-01-28,MH15-FK-5722,Customer 54,Maruti Swift,COMPLETED,Ravi M
WO-0283,2026-01-29,MH18-NP-5832,Customer 68,Maruti Swift,COMPLETED,Kiran D
WO-0284,2026-01-29,MH20-PC-1061,Customer 113,Tata Nexon,COMPLETED,Kiran D
WO-0285,2026-01-29,MH17-SA-4861,Customer 41,Maruti Swift,COMPLETED,Kiran D
WO-0286,2026-01-29,MH10-OZ-5650,Customer 112,Tata Nexon,COMPLETED,Suresh P
WO-0287,2026-01-29,MH17-DY-7175,Customer 67,Tata Nexon,COMPLETED,Ravi M
WO-0288,2026-01-29,MH19-WF-2372,Customer 51,Maruti Swift,COMPLETED,Suresh P
WO-0289,2026-01-30,MH10-FH-2686,Customer 44,Honda City,COMPLETED,Ravi M
WO-0290,2026-01-30,MH20-WR-9389,Rajesh Kumar 120,Hyundai i20,COMPLETED,Ravi M
WO-0291,2026-01-30,MH16-PO-6658,Customer 77,Honda City,COMPLETED,Suresh P
WO-0292,2026-01-30,MH16-RJ-9035,Customer 71,Tata Nexon,COMPLETED,Kiran D
WO-0293,2026-01-30,MH19-JA-9844,Customer 53,Hyundai i20,COMPLETED,Suresh P
WO-0294,2026-01-30,MH17-QE-8098,Customer 11,Hyundai i20,COMPLETED,Suresh P
WO-0295,2026-01-31,MH18-MF-6507,Customer 27,Honda City,COMPLETED,Suresh P
WO-0296,2026-01-31,MH14-QB-1178,Customer 66,Honda City,COMPLETED,Kiran D
WO-0297,2026-01-31,MH19-XN-9069,Customer 118,Hyundai i20,COMPLETED,Kiran D
WO-0298,2026-01-31,MH19-ZO-9270,Customer 39,Hyundai i20,COMPLETED,Kiran D
WO-0299,2026-01-31,MH20-MB-9896,Customer 62,Honda City,COMPLETED,Suresh P
WO-0300,2026-01-31,MH17-LS-5081,Customer 76,Hyundai i20,COMPLETED,Kiran D
WO-0301,2026-01-31,MH20-PN-9163,Customer 49,Hyundai i20,COMPLETED,Suresh P
WO-0302,2026-01-31,MH11-BK-6071,Customer 106,Tata Nexon,COMPLETED,Kiran D
WO-0303,2026-01-31,MH15-JW-7905,Customer 17,Hyundai i20,COMPLETED,Ravi M
WO-0304,2026-02-01,MH18-HF-8647,Customer 7,Honda City,COMPLETED,Suresh P
WO-0305,2026-02-01,MH10-EK-6344,Customer 42,Maruti Swift,COMPLETED,Ravi M
WO-0306,2026-02-01,MH17-CX-1056,Customer 96,Tata Nexon,COMPLETED,Suresh P
WO-0307,2026-02-01,MH12-QW-1476,Customer 82,Hyundai i20,COMPLETED,Suresh P
WO-0308,2026-02-01,MH19-JG-7108,Rajesh Kumar 15,Tata Nexon,COMPLETED,Ravi M
WO-0309,2026-02-01,MH19-MN-7661,Customer 89,Tata Nexon,COMPLETED,Suresh P
WO-0310,2026-02-01,MH19-GA-1400,Customer 111,Maruti Swift,COMPLETED,Suresh P
WO-0311,2026-02-01,MH17-IZ-1280,Rajesh Kumar 20,Hyundai i20,COMPLETED,Kiran D
WO-0312,2026-02-01,MH15-RV-2014,Customer 102,Honda City,COMPLETED,Kiran D
WO-0313,2026-02-01,MH10-SF-6851,Customer 37,Hyundai i20,COMPLETED,Kiran D
WO-0314,2026-02-01,MH20-OY-7453,Customer 14,Maruti Swift,COMPLETED,Kiran D
WO-0315,2026-02-01,MH20-EO-9354,Rajesh Kumar 60,Hyundai i20,COMPLETED,Suresh P
WO-0316,2026-02-02,MH16-NB-8652,Rajesh Kumar 65,Honda City,COMPLETED,Ravi M
WO-0317,2026-02-02,MH10-XL-4679,Customer 7,Hyundai i20,COMPLETED,Ravi M
WO-0318,2026-02-02,MH13-TJ-7685,Customer 14,Maruti Swift,COMPLETED,Kiran D
WO-0319,2026-02-02,MH10-OU-6060,Customer 107,Honda City,COMPLETED,Suresh P
WO-0320,2026-02-02,MH15-ZT-5132,Customer 96,Honda City,COMPLETED,Suresh P
WO-0321,2026-02-02,MH10-LS-6243,Customer 39,Hyundai i20,COMPLETED,Ravi M
WO-0322,2026-02-02,MH20-WL-6318,Customer 119,Tata Nexon,COMPLETED,Suresh P
WO-0323,2026-02-03,MH11-DI-8799,Customer 3,Maruti Swift,COMPLETED,Ravi M
WO-0324,2026-02-03,MH12-PK-3900,Customer 52,Hyundai i20,COMPLETED,Suresh P
WO-0325,2026-02-03,MH16-IW-3291,Customer 41,Honda City,COMPLETED,Ravi M
WO-0326,2026-02-03,MH19-MY-2630,Customer 39,Hyundai i20,COMPLETED,Kiran D
WO-0327,2026-02-03,MH13-HS-1617,Customer 16,Maruti Swift,COMPLETED,Ravi M
WO-0328,2026-02-03,MH20-ZN-5234,Customer 3,Maruti Swift,COMPLETED,Ravi M
WO-0329,2026-02-03,MH12-QA-7798,Customer 48,Hyundai i20,COMPLETED,Ravi M
WO-0330,2026-02-04,MH20-PX-6580,Customer 57,Honda City,COMPLETED,Suresh P
WO-0331,2026-02-04,MH16-AO-3177,Customer 113,Honda City,COMPLETED,Ravi M
WO-0332,2026-02-04,MH12-BW-4976,Customer 96,Maruti Swift,COMPLETED,Suresh P
WO-0333,2026-02-04,MH12-DK-5549,Rajesh Kumar 85,Maruti Swift,COMPLETED,Ravi M
WO-0334,2026-02-04,MH15-DZ-1800,Customer 98,Honda City,COMPLETED,Ravi M
WO-0335,2026-02-04,MH19-BQ-4315,Customer 53,Honda City,COMPLETED,Ravi M
WO-0336,2026-02-04,MH14-BA-2413,Customer 46,Tata Nexon,COMPLETED,Kiran D
WO-0337,2026-02-04,MH19-FQ-3437,Customer 9,Tata Nexon,COMPLETED,Ravi M
WO-0338,2026-02-04,MH19-HU-5026,Rajesh Kumar 45,Hyundai i20,COMPLETED,Kiran D
WO-0339,2026-02-04,MH13-XQ-7374,Customer 54,Tata Nexon,COMPLETED,Ravi M
WO-0340,2026-02-04,MH17-LG-2736,Customer 119,Maruti Swift,COMPLETED,Suresh P
WO-0341,2026-02-05,MH11-VU-4414,Customer 46,Tata Nexon,COMPLETED,Suresh P
WO-0342,2026-02-05,MH16-XT-9259,Rajesh Kumar 20,Hyundai i20,COMPLETED,Kiran D
WO-0343,2026-02-05,MH13-MJ-4661,Rajesh Kumar 65,Hyundai i20,COMPLETED,Suresh P
WO-0344,2026-02-05,MH19-SU-7614,Customer 112,Honda City,COMPLETED,Suresh P
WO-0345,2026-02-05,MH11-TS-2089,Customer 52,Hyundai i20,COMPLETED,Kiran D
WO-0346,2026-02-05,MH13-YR-9239,Rajesh Kumar 120,Hyundai i20,COMPLETED,Suresh P
WO-0347,2026-02-05,MH19-ZR-1659,Customer 93,Honda City,COMPLETED,Ravi M
WO-0348,2026-02-05,MH19-KV-3244,Customer 102,Hyundai i20,COMPLETED,Ravi M
WO-0349,2026-02-06,MH14-PK-7132,Customer 104,Maruti Swift,COMPLETED,Suresh P
WO-0350,2026-02-06,MH14-ZA-9075,Customer 107,Honda City,COMPLETED,Suresh P
WO-0351,2026-02-06,MH20-LW-1838,Customer 99,Hyundai i20,COMPLETED,Kiran D
WO-0352,2026-02-06,MH14-LF-9643,Customer 19,Honda City,COMPLETED,Ravi M
WO-0353,2026-02-06,MH14-CJ-5001,Rajesh Kumar 30,Honda City,COMPLETED,Kiran D
WO-0354,2026-02-06,MH11-CQ-2432,Customer 18,Maruti Swift,COMPLETED,Suresh P
WO-0355,2026-02-06,MH20-FU-4912,Customer 102,Tata Nexon,COMPLETED,Kiran D
WO-0356,2026-02-06,MH15-QN-7911,Customer 32,Maruti Swift,COMPLETED,Kiran D
WO-0357,2026-02-06,MH13-DU-5952,Customer 63,Maruti Swift,COMPLETED,Suresh P
WO-0358,2026-02-06,MH18-NA-7106,Customer 31,Honda City,COMPLETED,Kiran D
WO-0359,2026-02-06,MH14-IO-9065,Customer 118,Hyundai i20,COMPLETED,Ravi M
WO-0360,2026-02-07,MH12-CG-6042,Customer 67,Honda City,COMPLETED,Kiran D
WO-0361,2026-02-07,MH14-BC-5317,Customer 11,Maruti Swift,COMPLETED,Ravi M
WO-0362,2026-02-07,MH20-IL-1434,Customer 114,Hyundai i20,COMPLETED,Kiran D
WO-0363,2026-02-07,MH18-QF-2298,Customer 52,Maruti Swift,COMPLETED,Suresh P
WO-0364,2026-02-07,MH20-OD-3508,Rajesh Kumar 35,Honda City,COMPLETED,Ravi M
WO-0365,2026-02-07,MH20-LH-3478,Customer 73,Honda City,COMPLETED,Kiran D
WO-0366,2026-02-07,MH18-CK-1046,Customer 12,Maruti Swift,COMPLETED,Kiran D
WO-0367,2026-02-07,MH20-JP-6098,Customer 111,Maruti Swift,COMPLETED,Kiran D
WO-0368,2026-02-07,MH10-PY-8998,Customer 96,Maruti Swift,COMPLETED,Suresh P
WO-0369,2026-02-07,MH11-ZI-5737,Rajesh Kumar 105,Hyundai i20,COMPLETED,Ravi M
WO-0370,2026-02-07,MH20-IT-4192,Customer 51,Honda City,COMPLETED,Ravi M
WO-0371,2026-02-08,MH10-GM-5423,Customer 7,Maruti Swift,COMPLETED,Suresh P
WO-0372,2026-02-08,MH17-QM-6347,Customer 103,Honda City,COMPLETED,Kiran D
WO-0373,2026-02-08,MH18-BB-6788,Customer 38,Tata Nexon,COMPLETED,Ravi M
WO-0374,2026-02-08,MH11-PR-3773,Customer 109,Tata Nexon,COMPLETED,Kiran D
WO-0375,2026-02-08,MH16-KG-5790,Customer 7,Honda City,COMPLETED,Kiran D
WO-0376,2026-02-08,MH20-RP-9973,Customer 38,Hyundai i20,COMPLETED,Suresh P
WO-0377,2026-02-08,MH11-GA-3578,Customer 69,Maruti Swift,COMPLETED,Kiran D
WO-0378,2026-02-08,MH14-YI-7276,Rajesh Kumar 80,Maruti Swift,COMPLETED,Ravi M
WO-0379,2026-02-08,MH15-SJ-1527,Customer 69,Honda City,COMPLETED,Suresh P
WO-0380,2026-02-08,MH18-CP-3612,Customer 72,Hyundai i20,COMPLETED,Kiran D
WO-0381,2026-02-09,MH19-IW-4074,Customer 18,Tata Nexon,COMPLETED,Ravi M
WO-0382,2026-02-09,MH11-ZG-9378,Customer 12,Hyundai i20,COMPLETED,Suresh P
WO-0383,2026-02-09,MH14-BK-6240,Rajesh Kumar 100,Tata Nexon,COMPLETED,Kiran D
WO-0384,2026-02-09,MH18-VB-7081,Rajesh Kumar 15,Honda City,COMPLETED,Suresh P
WO-0385,2026-02-09,MH10-FG-6946,Rajesh Kumar 50,Tata Nexon,COMPLETED,Kiran D
WO-0386,2026-02-09,MH20-AW-8165,Customer 62,Tata Nexon,COMPLETED,Suresh P
WO-0387,2026-02-09,MH11-DF-2601,Customer 92,Maruti Swift,COMPLETED,Suresh P
WO-0388,2026-02-09,MH20-YI-6671,Customer 99,Maruti Swift,COMPLETED,Kiran D
WO-0389,2026-02-09,MH13-IH-2060,Customer 96,Hyundai i20,COMPLETED,Kiran D
WO-0390,2026-02-09,MH12-FP-8395,Customer 58,Tata Nexon,COMPLETED,Ravi M
WO-0391,2026-02-09,MH17-KJ-9221,Customer 12,Honda City,COMPLETED,Kiran D
WO-0392,2026-02-09,MH13-LY-5247,Customer 114,Hyundai i20,COMPLETED,Suresh P
WO-0393,2026-02-10,MH16-SB-2436,Rajesh Kumar 95,Honda City,COMPLETED,Suresh P
WO-0394,2026-02-10,MH16-ER-1143,Customer 24,Maruti Swift,COMPLETED,Ravi M
WO-0395,2026-02-10,MH18-AY-1503,Customer 116,Honda City,COMPLETED,Suresh P
WO-0396,2026-02-10,MH12-NC-1448,Customer 76,Hyundai i20,COMPLETED,Kiran D
WO-0397,2026-02-10,MH12-NF-3293,Customer 1,Honda City,COMPLETED,Kiran D
WO-0398,2026-02-10,MH15-HW-3460,Customer 108,Maruti Swift,COMPLETED,Kiran D
WO-0399,2026-02-10,MH20-TR-6638,Customer 52,Tata Nexon,COMPLETED,Ravi M
WO-0400,2026-02-11,MH12-ZQ-3438,Customer 24,Hyundai i20,COMPLETED,Suresh P
WO-0401,2026-02-11,MH18-PL-5150,Customer 7,Maruti Swift,COMPLETED,Suresh P
WO-0402,2026-02-11,MH17-JE-6974,Customer 96,Hyundai i20,COMPLETED,Suresh P
WO-0403,2026-02-11,MH10-JJ-4195,Rajesh Kumar 50,Honda City,COMPLETED,Suresh P
WO-0404,2026-02-11,MH10-VW-7950,Rajesh Kumar 80,Hyundai i20,COMPLETED,Kiran D
WO-0405,2026-02-11,MH11-II-6841,Customer 84,Hyundai i20,COMPLETED,Ravi M
WO-0406,2026-02-11,MH15-KN-5571,Customer 96,Hyundai i20,COMPLETED,Kiran D
WO-0407,2026-02-11,MH13-BF-5779,Customer 59,Honda City,COMPLETED,Kiran D
WO-0408,2026-02-11,MH18-SE-6928,Customer 83,Maruti Swift,COMPLETED,Ravi M
WO-0410,2026-02-12,MH20-RF-5587,Customer 119,Hyundai i20,COMPLETED,Kiran D
WO-0411,2026-02-12,MH12-HJ-1342,Customer 33,Hyundai i20,COMPLETED,Suresh P
WO-0412,2026-02-12,MH16-WI-9544,Customer 46,Tata Nexon,COMPLETED,Ravi M
WO-0413,2026-02-12,MH18-AU-7198,Customer 2,Honda City,COMPLETED,Kiran D
WO-0414,2026-02-12,MH11-CY-6176,Customer 47,Hyundai i20,COMPLETED,Ravi M
WO-0415,2026-02-12,MH12-HK-7234,Rajesh Kumar 40,Tata Nexon,COMPLETED,Ravi M
WO-0416,2026-02-13,MH18-ZJ-6623,Customer 93,Honda City,COMPLETED,Suresh P
WO-0417,2026-02-13,MH10-LF-4067,Customer 48,Honda City,COMPLETED,Ravi M
WO-0418,2026-02-13,MH12-EY-8640,Customer 39,Tata Nexon,COMPLETED,Suresh P
WO-0419,2026-02-13,MH10-FJ-4695,Rajesh Kumar 90,Hyundai i20,COMPLETED,Ravi M
WO-0420,2026-02-13,MH12-LL-9020,Customer 109,Maruti Swift,COMPLETED,Suresh P
WO-0421,2026-02-13,MH18-SM-3884,Customer 102,Honda City,COMPLETED,Suresh P
WO-0422,2026-02-13,MH15-XR-6298,Customer 44,Honda City,COMPLETED,Ravi M
WO-0423,2026-02-13,MH12-DI-4823,Rajesh Kumar 15,Honda City,COMPLETED,Ravi M
WO-0424,2026-02-13,MH16-UH-2446,Customer 12,Maruti Swift,COMPLETED,Suresh P
WO-0425,2026-02-14,MH12-IT-8543,Customer 58,Tata Nexon,COMPLETED,Ravi M
WO-0426,2026-02-14,MH10-PO-2243,Customer 112,Maruti Swift,COMPLETED,Suresh P
WO-0427,2026-02-14,MH12-NR-8528,Customer 106,Tata Nexon,COMPLETED,Kiran D
WO-0428,2026-02-14,MH17-AM-7934,Rajesh Kumar 30,Maruti Swift,COMPLETED,Kiran D
WO-0429,2026-02-14,MH13-AA-9293,Customer 78,Honda City,COMPLETED,Kiran D
WO-0430,2026-02-14,MH18-TC-9207,Customer 74,Hyundai i20,COMPLETED,Suresh P
WO-0431,2026-02-14,MH12-NW-8821,Customer 24,Honda City,COMPLETED,Ravi M
WO-0432,2026-02-14,MH20-LN-5295,Rajesh Kumar 65,Honda City,COMPLETED,Suresh P
WO-0433,2026-02-14,MH12-KM-2858,Customer 92,Tata Nexon,COMPLETED,Kiran D
WO-0434,2026-02-14,MH10-TX-4945,Customer 53,Maruti Swift,COMPLETED,Ravi M
WO-0435,2026-02-14,MH18-KY-2441,Rajesh Kumar 40,Maruti Swift,COMPLETED,Kiran D
WO-0436,2026-02-15,MH12-ZH-1686,Customer 99,Maruti Swift,COMPLETED,Kiran D
WO-0437,2026-02-15,MH19-BK-5963,Customer 54,Tata Nexon,COMPLETED,Ravi M
WO-0438,2026-02-15,MH20-FO-3921,Customer 21,Hyundai i20,COMPLETED,Kiran D
WO-0439,2026-02-15,MH10-ND-8515,Customer 73,Tata Nexon,COMPLETED,Suresh P
WO-0440,2026-02-15,MH18-LS-4263,Customer 52,Hyundai i20,COMPLETED,Suresh P
WO-0441,2026-02-15,MH12-FT-3441,Rajesh Kumar 25,Honda City,COMPLETED,Ravi M
WO-0442,2026-02-15,MH12-CQ-7895,Customer 2,Hyundai i20,COMPLETED,Kiran D
WO-0443,2026-02-15,MH13-TM-6406,Rajesh Kumar 105,Hyundai i20,COMPLETED,Kiran D
WO-0444,2026-02-15,MH16-QI-7119,Customer 106,Hyundai i20,COMPLETED,Kiran D
WO-0445,2026-02-15,MH13-CD-9536,Customer 43,Tata Nexon,COMPLETED,Ravi M
WO-0446,2026-02-15,MH12-YF-9296,Customer 49,Maruti Swift,COMPLETED,Kiran D
WO-0447,2026-02-15,MH19-FV-8142,Customer 71,Maruti Swift,COMPLETED,Suresh P
WO-0448,2026-02-15,MH14-UH-8270,Customer 113,Maruti Swift,COMPLETED,Ravi M
WO-0449,2026-02-15,MH15-MX-1693,Customer 69,Honda City,COMPLETED,Ravi M
WO-0450,2026-02-16,MH11-QW-8239,Customer 52,Maruti Swift,COMPLETED,Ravi M
WO-0451,2026-02-16,MH13-BM-1793,Customer 22,Maruti Swift,COMPLETED,Ravi M
WO-0452,2026-02-16,MH12-KL-6099,Customer 99,Tata Nexon,COMPLETED,Suresh P
WO-0453,2026-02-16,MH11-MQ-6759,Customer 64,Maruti Swift,COMPLETED,Ravi M
WO-0454,2026-02-16,MH11-BM-8378,Rajesh Kumar 5,Maruti Swift,COMPLETED,Suresh P
WO-0455,2026-02-16,MH18-RE-9222,Customer 24,Honda City,COMPLETED,Suresh P
WO-0456,2026-02-16,MH13-IN-9159,Customer 83,Honda City,COMPLETED,Ravi M
WO-0457,2026-02-16,MH15-ZW-4698,Customer 74,Honda City,COMPLETED,Ravi M
WO-0458,2026-02-16,MH19-JF-8255,Customer 98,Hyundai i20,COMPLETED,Ravi M
WO-0459,2026-02-16,MH13-XK-1953,Customer 46,Tata Nexon,COMPLETED,Ravi M
WO-0460,2026-02-16,MH20-HI-3142,Customer 73,Honda City,COMPLETED,Kiran D
WO-0461,2026-02-17,MH16-IN-9712,Rajesh Kumar 95,Hyundai i20,COMPLETED,Ravi M
WO-0462,2026-02-17,MH17-JX-2346,Customer 38,Tata Nexon,COMPLETED,Kiran D
WO-0463,2026-02-17,MH19-UH-8471,Customer 53,Honda City,COMPLETED,Ravi M
WO-0464,2026-02-17,MH13-HG-3768,Customer 79,Hyundai i20,COMPLETED,Ravi M
WO-0465,2026-02-17,MH13-OQ-5848,Customer 69,Tata Nexon,COMPLETED,Kiran D
WO-0466,2026-02-17,MH19-RJ-8648,Customer 17,Honda City,COMPLETED,Kiran D
WO-0467,2026-02-17,MH17-RH-3177,Customer 61,Hyundai i20,COMPLETED,Ravi M
WO-0468,2026-02-17,MH10-NK-7277,Customer 78,Maruti Swift,COMPLETED,Ravi M
WO-0469,2026-02-17,MH12-JZ-1332,Rajesh Kumar 85,Tata Nexon,COMPLETED,Kiran D
WO-0470,2026-02-17,MH10-VV-8907,Customer 57,Hyundai i20,COMPLETED,Ravi M
WO-0471,2026-02-17,MH16-ZE-6141,Customer 106,Honda City,COMPLETED,Ravi M
WO-0472,2026-02-18,MH13-CP-3151,Customer 7,Hyundai i20,COMPLETED,Kiran D
WO-0473,2026-02-18,MH13-VG-4955,Customer 17,Honda City,COMPLETED,Kiran D
WO-0474,2026-02-18,MH18-SY-8441,Customer 23,Tata Nexon,COMPLETED,Ravi M
WO-0475,2026-02-18,MH18-WH-3198,Customer 108,Hyundai i20,COMPLETED,Suresh P
WO-0476,2026-02-18,MH12-XR-6199,Customer 62,Tata Nexon,COMPLETED,Kiran D
WO-0477,2026-02-18,MH14-ZX-6123,Customer 32,Maruti Swift,COMPLETED,Kiran D
WO-0478,2026-02-18,MH18-UH-2423,Customer 23,Honda City,COMPLETED,Kiran D
WO-0479,2026-02-18,MH18-FY-6932,Customer 91,Tata Nexon,COMPLETED,Kiran D
WO-0480,2026-02-19,MH19-LV-5876,Customer 57,Honda City,COMPLETED,Suresh P
WO-0481,2026-02-19,MH18-PD-2774,Customer 17,Honda City,COMPLETED,Kiran D
WO-0482,2026-02-19,MH18-FP-4588,Customer 96,Tata Nexon,COMPLETED,Ravi M
WO-0483,2026-02-19,MH12-CG-3255,Rajesh Kumar 65,Maruti Swift,COMPLETED,Suresh P
WO-0484,2026-02-19,MH14-JP-7051,Rajesh Kumar 20,Maruti Swift,COMPLETED,Kiran D
WO-0485,2026-02-19,MH16-SW-2816,Rajesh Kumar 100,Hyundai i20,COMPLETED,Ravi M
WO-0486,2026-02-19,MH20-QY-8632,Customer 39,Maruti Swift,COMPLETED,Kiran D
WO-0487,2026-02-19,MH18-HL-3725,Customer 118,Tata Nexon,COMPLETED,Kiran D
WO-0488,2026-02-20,MH11-TQ-4310,Customer 51,Maruti Swift,COMPLETED,Ravi M
WO-0489,2026-02-20,MH16-RN-2894,Rajesh Kumar 110,Maruti Swift,COMPLETED,Suresh P
WO-0490,2026-02-20,MH11-GZ-9632,Customer 94,Maruti Swift,COMPLETED,Ravi M
WO-0491,2026-02-20,MH10-OU-3131,Customer 13,Hyundai i20,COMPLETED,Suresh P
WO-0492,2026-02-20,MH12-NU-4215,Rajesh Kumar 5,Hyundai i20,COMPLETED,Ravi M
WO-0493,2026-02-20,MH17-FD-6800,Customer 111,Tata Nexon,COMPLETED,Ravi M
WO-0494,2026-02-20,MH10-LJ-9989,Customer 88,Honda City,COMPLETED,Ravi M
WO-0495,2026-02-20,MH15-EV-8728,Customer 16,Hyundai i20,COMPLETED,Ravi M
WO-0496,2026-02-20,MH13-BH-9321,Customer 53,Hyundai i20,COMPLETED,Ravi M
WO-0497,2026-02-20,MH12-OV-3462,Customer 11,Hyundai i20,COMPLETED,Kiran D
WO-0498,2026-02-21,MH18-ZY-6469,Rajesh Kumar 110,Honda City,COMPLETED,Suresh P
WO-0499,2026-02-21,MH17-QK-5454,Customer 11,Hyundai i20,COMPLETED,Suresh P
WO-0500,2026-02-21,MH10-NV-2098,Rajesh Kumar 65,Hyundai i20,COMPLETED,Kiran D
WO-0501,2026-02-21,MH19-NW-9337,Customer 81,Hyundai i20,COMPLETED,Ravi M
WO-0502,2026-02-21,MH17-XL-7902,Customer 17,Maruti Swift,COMPLETED,Kiran D
WO-0503,2026-02-21,MH16-PF-9259,Customer 32,Tata Nexon,COMPLETED,Suresh P
WO-0504,2026-02-21,MH12-PY-6060,Customer 67,Honda City,COMPLETED,Ravi M
WO-0505,2026-02-21,MH19-VV-9600,Customer 68,Tata Nexon,COMPLETED,Ravi M
WO-0506,2026-02-21,MH13-XD-2871,Customer 16,Honda City,COMPLETED,Kiran D
WO-0507,2026-02-21,MH16-BC-4618,Customer 94,Honda City,COMPLETED,Ravi M
WO-0508,2026-02-21,MH19-QT-4135,Customer 103,Maruti Swift,COMPLETED,Suresh P
WO-0509,2026-02-21,MH15-AD-6025,Rajesh Kumar 110,Honda City,COMPLETED,Kiran D
WO-0510,2026-02-21,MH20-FV-4496,Customer 96,Honda City,COMPLETED,Suresh P
WO-0511,2026-02-21,MH15-IC-4285,Customer 38,Maruti Swift,COMPLETED,Suresh P
WO-0512,2026-02-22,MH18-RW-8827,Customer 6,Hyundai i20,COMPLETED,Suresh P
WO-0513,2026-02-22,MH10-GM-4623,Rajesh Kumar 90,Honda City,COMPLETED,Ravi M
WO-0514,2026-02-22,MH14-WK-5689,Rajesh Kumar 20,Tata Nexon,COMPLETED,Suresh P
WO-0515,2026-02-22,MH10-RA-5428,Customer 23,Tata Nexon,COMPLETED,Suresh P
WO-0516,2026-02-22,MH12-WY-9275,Customer 7,Maruti Swift,COMPLETED,Suresh P
WO-0517,2026-02-22,MH14-PB-8732,Customer 58,Honda City,COMPLETED,Kiran D
WO-0518,2026-02-22,MH20-KZ-7105,Customer 32,Tata Nexon,COMPLETED,Kiran D
WO-0519,2026-02-22,MH13-NJ-2892,Customer 11,Maruti Swift,COMPLETED,Kiran D
WO-0520,2026-02-22,MH13-QH-2094,Customer 36,Hyundai i20,COMPLETED,Suresh P
WO-0521,2026-02-22,MH16-NN-1253,Customer 23,Hyundai i20,COMPLETED,Kiran D
WO-0522,2026-02-22,MH11-TF-5252,Customer 79,Hyundai i20,COMPLETED,Kiran D
WO-0523,2026-02-23,MH13-WJ-8221,Customer 21,Tata Nexon,COMPLETED,Suresh P
WO-0524,2026-02-23,MH16-BU-8559,Rajesh Kumar 120,Honda City,COMPLETED,Ravi M
WO-0525,2026-02-23,MH16-PY-8928,Customer 22,Tata Nexon,COMPLETED,Kiran D
WO-0526,2026-02-23,MH12-RP-8788,Customer 108,Tata Nexon,COMPLETED,Suresh P
WO-0527,2026-02-23,MH17-PM-3510,Customer 99,Hyundai i20,COMPLETED,Ravi M
WO-0528,2026-02-23,MH10-CC-4712,Rajesh Kumar 25,Tata Nexon,COMPLETED,Suresh P
WO-0530,2026-02-24,MH16-CF-6018,Rajesh Kumar 70,Maruti Swift,COMPLETED,Suresh P
WO-0531,2026-02-24,MH20-ED-1739,Customer 69,Tata Nexon,COMPLETED,Kiran D
WO-0532,2026-02-24,MH17-VP-4886,Customer 118,Maruti Swift,COMPLETED,Ravi M
WO-0533,2026-02-24,MH18-IQ-9983,Rajesh Kumar 50,Tata Nexon,COMPLETED,Suresh P
WO-0534,2026-02-24,MH20-VH-3058,Customer 54,Hyundai i20,COMPLETED,Kiran D
WO-0535,2026-02-24,MH16-RO-2478,Rajesh Kumar 50,Maruti Swift,COMPLETED,Kiran D
WO-0536,2026-02-24,MH18-RR-9810,Customer 46,Honda City,COMPLETED,Suresh P
WO-0537,2026-02-24,MH17-ER-8690,Rajesh Kumar 110,Hyundai i20,COMPLETED,Kiran D
WO-0538,2026-02-24,MH19-BN-5840,Customer 7,Tata Nexon,COMPLETED,Kiran D
WO-0539,2026-02-24,MH20-KO-8176,Customer 49,Hyundai i20,COMPLETED,Ravi M
WO-0540,2026-02-25,MH18-TO-6299,Rajesh Kumar 45,Honda City,COMPLETED,Ravi M
WO-0541,2026-02-25,MH14-PC-6661,Customer 77,Honda City,COMPLETED,Kiran D
WO-0542,2026-02-25,MH20-XS-7759,Customer 58,Tata Nexon,COMPLETED,Ravi M
WO-0543,2026-02-25,MH19-QY-8054,Rajesh Kumar 10,Maruti Swift,COMPLETED,Ravi M
WO-0544,2026-02-25,MH16-DS-9720,Customer 114,Maruti Swift,COMPLETED,Ravi M
WO-0545,2026-02-25,MH18-ZU-4583,Customer 27,Hyundai i20,COMPLETED,Suresh P
WO-0546,2026-02-25,MH16-SA-6344,Customer 78,Honda City,COMPLETED,Ravi M
WO-0547,2026-02-25,MH12-GG-6179,Rajesh Kumar 70,Maruti Swift,COMPLETED,Ravi M
WO-0548,2026-02-25,MH20-MQ-4759,Customer 67,Tata Nexon,COMPLETED,Ravi M
WO-0549,2026-02-25,MH19-DD-3310,Customer 68,Tata Nexon,COMPLETED,Kiran D
WO-0550,2026-02-26,MH12-DR-2134,Customer 7,Maruti Swift,COMPLETED,Suresh P
WO-0551,2026-02-26,MH20-AG-3445,Customer 7,Honda City,COMPLETED,Suresh P
WO-0552,2026-02-26,MH13-UA-7397,Customer 71,Maruti Swift,COMPLETED,Kiran D
WO-0553,2026-02-26,MH13-OP-9700,Customer 111,Honda City,COMPLETED,Ravi M
WO-0554,2026-02-26,MH11-UK-7404,Customer 43,Tata Nexon,COMPLETED,Suresh P
WO-0555,2026-02-26,MH19-PJ-2530,Customer 103,Tata Nexon,COMPLETED,Suresh P
WO-0556,2026-02-27,MH20-ZR-3888,Customer 79,Honda City,COMPLETED,Suresh P
WO-0557,2026-02-27,MH16-OL-6881,Customer 18,Maruti Swift,COMPLETED,Suresh P
WO-0558,2026-02-27,MH10-BR-4476,Rajesh Kumar 25,Honda City,COMPLETED,Suresh P
WO-0559,2026-02-27,MH10-GG-6017,Customer 6,Hyundai i20,COMPLETED,Kiran D
WO-0560,2026-02-27,MH20-TN-9940,Customer 8,Tata Nexon,COMPLETED,Ravi M
WO-0561,2026-02-27,MH17-DL-3621,Customer 118,Maruti Swift,COMPLETED,Kiran D
WO-0562,2026-02-27,MH13-UX-6342,Customer 41,Honda City,COMPLETED,Kiran D
WO-0563,2026-02-27,MH17-HC-6674,Customer 1,Maruti Swift,COMPLETED,Kiran D
WO-0564,2026-02-28,MH20-EX-3155,Customer 78,Honda City,COMPLETED,Suresh P
WO-0565,2026-02-28,MH15-IP-6844,Customer 117,Honda City,COMPLETED,Ravi M
WO-0566,2026-02-28,MH13-EG-5416,Customer 59,Honda City,COMPLETED,Kiran D
WO-0567,2026-02-28,MH10-BR-8153,Customer 99,Hyundai i20,COMPLETED,Suresh P
WO-0568,2026-02-28,MH18-OL-4048,Customer 73,Tata Nexon,COMPLETED,Kiran D
WO-0569,2026-02-28,MH16-SN-2124,Customer 36,Honda City,COMPLETED,Ravi M
WO-0570,2026-02-28,MH19-GD-5069,Customer 67,Honda City,COMPLETED,Kiran D
WO-0571,2026-02-28,MH16-YU-2625,Customer 39,Tata Nexon,COMPLETED,Ravi M
WO-0572,2026-02-28,MH19-UP-6613,Customer 102,Maruti Swift,COMPLETED,Ravi M
WO-0573,2026-02-28,MH19-SK-4333,Customer 23,Maruti Swift,COMPLETED,Ravi M
WO-0575,2026-02-28,MH20-KE-8023,Customer 101,Hyundai i20,COMPLETED,Suresh P
WO-0576,2026-02-28,MH12-XG-3782,Customer 34,Honda City,COMPLETED,Suresh P
WO-0577,2026-03-01,MH10-PH-6744,Customer 44,Honda City,COMPLETED,Suresh P
WO-0578,2026-03-01,MH12-FU-8349,Rajesh Kumar 20,Tata Nexon,COMPLETED,Suresh P
WO-0579,2026-03-01,MH20-BQ-5728,Customer 51,Hyundai i20,COMPLETED,Suresh P
WO-0580,2026-03-01,MH19-HA-4471,Customer 27,Honda City,COMPLETED,Suresh P
WO-0581,2026-03-01,MH16-HD-3613,Rajesh Kumar 115,Tata Nexon,COMPLETED,Suresh P
WO-0582,2026-03-01,MH19-PU-2304,Customer 26,Hyundai i20,COMPLETED,Suresh P
WO-0583,2026-03-01,MH15-GP-9965,Customer 37,Tata Nexon,COMPLETED,Suresh P
WO-0584,2026-03-01,MH15-UM-9518,Customer 106,Hyundai i20,COMPLETED,Kiran D
WO-0585,2026-03-01,MH12-AX-7937,Customer 98,Hyundai i20,COMPLETED,Kiran D
WO-0587,2026-03-01,MH14-XZ-9843,Customer 93,Hyundai i20,COMPLETED,Kiran D
WO-0588,2026-03-02,MH19-ZW-5463,Customer 72,Tata Nexon,COMPLETED,Ravi M
WO-0589,2026-03-02,MH16-XA-8160,Customer 91,Maruti Swift,COMPLETED,Ravi M
WO-0590,2026-03-02,MH14-VQ-2367,Rajesh Kumar 45,Hyundai i20,COMPLETED,Suresh P
WO-0591,2026-03-02,MH19-WP-9712,Customer 51,Honda City,COMPLETED,Kiran D
WO-0592,2026-03-02,MH15-PZ-5515,Customer 12,Honda City,COMPLETED,Kiran D
WO-0593,2026-03-02,MH12-QC-4333,Rajesh Kumar 5,Tata Nexon,COMPLETED,Ravi M
WO-0594,2026-03-02,MH14-GT-1286,Customer 117,Hyundai i20,COMPLETED,Ravi M
WO-0595,2026-03-02,MH16-XW-1943,Customer 57,Honda City,COMPLETED,Suresh P
WO-0596,2026-03-02,MH11-YN-4475,Customer 19,Maruti Swift,COMPLETED,Ravi M
WO-0597,2026-03-02,MH14-BZ-9277,Customer 113,Hyundai i20,COMPLETED,Suresh P
WO-0598,2026-03-02,MH17-ZC-4107,Customer 29,Tata Nexon,COMPLETED,Kiran D
WO-0599,2026-03-03,MH18-II-9866,Customer 4,Hyundai i20,COMPLETED,Ravi M
WO-0600,2026-03-03,MH16-TE-8613,Rajesh Kumar 15,Maruti Swift,COMPLETED,Ravi M
WO-0601,2026-03-03,MH11-HB-7025,Customer 102,Honda City,COMPLETED,Kiran D
WO-0602,2026-03-03,MH12-OS-6598,Customer 26,Hyundai i20,COMPLETED,Kiran D
WO-0603,2026-03-03,MH11-WI-1262,Rajesh Kumar 75,Honda City,COMPLETED,Kiran D
WO-0604,2026-03-03,MH15-UO-4370,Customer 31,Honda City,COMPLETED,Kiran D
WO-0605,2026-03-04,MH14-SR-6519,Customer 99,Tata Nexon,COMPLETED,Suresh P
WO-0606,2026-03-04,MH20-JP-8017,Customer 104,Honda City,COMPLETED,Ravi M
WO-0607,2026-03-04,MH17-XP-3133,Customer 8,Tata Nexon,COMPLETED,Kiran D
WO-0608,2026-03-04,MH19-VS-4126,Customer 118,Tata Nexon,COMPLETED,Kiran D
WO-0609,2026-03-04,MH19-PS-2760,Rajesh Kumar 110,Honda City,COMPLETED,Suresh P
WO-0610,2026-03-04,MH18-LO-3717,Customer 29,Maruti Swift,COMPLETED,Suresh P
WO-0611,2026-03-05,MH19-PX-1067,Rajesh Kumar 90,Hyundai i20,COMPLETED,Ravi M
WO-0612,2026-03-05,MH18-VU-5115,Customer 14,Honda City,COMPLETED,Suresh P
WO-0613,2026-03-05,MH12-KM-6816,Customer 81,Maruti Swift,COMPLETED,Suresh P
WO-0614,2026-03-05,MH14-UJ-7903,Rajesh Kumar 20,Maruti Swift,COMPLETED,Suresh P
WO-0615,2026-03-05,MH14-QN-1412,Customer 107,Hyundai i20,COMPLETED,Ravi M
WO-0616,2026-03-05,MH18-QO-2262,Rajesh Kumar 45,Hyundai i20,COMPLETED,Ravi M
WO-0617,2026-03-05,MH16-EK-2342,Customer 106,Honda City,COMPLETED,Ravi M
WO-0619,2026-03-05,MH20-FL-4543,Rajesh Kumar 25,Maruti Swift,COMPLETED,Suresh P
WO-0620,2026-03-05,MH12-KI-4051,Customer 71,Hyundai i20,COMPLETED,Kiran D
WO-0621,2026-03-05,MH15-ZE-1636,Customer 34,Hyundai i20,COMPLETED,Ravi M
WO-0622,2026-03-05,MH13-JO-4350,Customer 56,Tata Nexon,COMPLETED,Suresh P
WO-0623,2026-03-06,MH10-MF-9002,Rajesh Kumar 85,Honda City,COMPLETED,Suresh P
WO-0624,2026-03-06,MH13-ZC-6998,Customer 114,Maruti Swift,COMPLETED,Suresh P
WO-0625,2026-03-06,MH10-NQ-8911,Rajesh Kumar 75,Maruti Swift,COMPLETED,Ravi M
WO-0626,2026-03-06,MH18-EE-5114,Customer 23,Maruti Swift,COMPLETED,Kiran D
WO-0627,2026-03-06,MH13-FL-5192,Customer 31,Honda City,COMPLETED,Suresh P
WO-0628,2026-03-06,MH20-NO-7336,Customer 72,Tata Nexon,COMPLETED,Kiran D
WO-0629,2026-03-06,MH18-KG-5020,Customer 108,Maruti Swift,COMPLETED,Kiran D
WO-0630,2026-03-07,MH19-BK-5547,Customer 47,Tata Nexon,COMPLETED,Ravi M
WO-0631,2026-03-07,MH16-RG-7867,Customer 38,Honda City,COMPLETED,Suresh P
WO-0632,2026-03-07,MH14-UQ-7141,Customer 1,Honda City,COMPLETED,Ravi M
WO-0633,2026-03-07,MH11-HY-9838,Rajesh Kumar 100,Maruti Swift,COMPLETED,Suresh P
WO-0634,2026-03-07,MH10-NL-8266,Customer 61,Hyundai i20,COMPLETED,Ravi M
WO-0635,2026-03-07,MH17-FM-7187,Rajesh Kumar 85,Maruti Swift,COMPLETED,Suresh P
WO-0636,2026-03-07,MH20-UI-5828,Customer 111,Hyundai i20,COMPLETED,Ravi M
WO-0637,2026-03-07,MH17-TS-6904,Customer 42,Tata Nexon,COMPLETED,Ravi M
WO-0638,2026-03-08,MH17-JE-3884,Customer 6,Tata Nexon,COMPLETED,Ravi M
WO-0639,2026-03-08,MH15-ER-5459,Customer 107,Maruti Swift,COMPLETED,Kiran D
WO-0640,2026-03-08,MH19-NZ-2459,Customer 62,Hyundai i20,COMPLETED,Kiran D
WO-0641,2026-03-08,MH12-ZF-5348,Customer 112,Hyundai i20,COMPLETED,Ravi M
WO-0642,2026-03-08,MH20-WU-1140,Customer 8,Hyundai i20,COMPLETED,Kiran D
WO-0643,2026-03-08,MH16-CU-8036,Customer 16,Hyundai i20,COMPLETED,Kiran D
WO-0644,2026-03-08,MH16-KJ-6029,Customer 91,Maruti Swift,COMPLETED,Kiran D
WO-0645,2026-03-08,MH12-TM-8367,Rajesh Kumar 25,Maruti Swift,COMPLETED,Suresh P
WO-0646,2026-03-08,MH14-NZ-2765,Rajesh Kumar 65,Maruti Swift,COMPLETED,Suresh P
WO-0647,2026-03-08,MH13-VG-9991,Customer 77,Maruti Swift,COMPLETED,Ravi M
WO-0648,2026-03-08,MH11-FD-9366,Rajesh Kumar 85,Maruti Swift,COMPLETED,Ravi M
WO-0649,2026-03-08,MH18-FU-6585,Customer 94,Hyundai i20,COMPLETED,Kiran D
WO-0650,2026-03-09,MH15-TI-6808,Customer 48,Hyundai i20,COMPLETED,Ravi M
WO-0651,2026-03-09,MH15-CC-6907,Customer 17,Hyundai i20,COMPLETED,Kiran D
WO-0652,2026-03-09,MH17-CU-3448,Rajesh Kumar 120,Hyundai i20,COMPLETED,Ravi M
WO-0653,2026-03-09,MH15-ZY-4313,Customer 41,Tata Nexon,COMPLETED,Kiran D
WO-0654,2026-03-09,MH16-OO-3597,Customer 89,Tata Nexon,COMPLETED,Ravi M
WO-0655,2026-03-09,MH10-UC-8366,Customer 17,Tata Nexon,COMPLETED,Ravi M
WO-0657,2026-03-09,MH13-FV-1005,Customer 67,Tata Nexon,COMPLETED,Suresh P
WO-0658,2026-03-09,MH20-JN-6719,Customer 1,Maruti Swift,COMPLETED,Ravi M
WO-0659,2026-03-09,MH10-MN-4991,Customer 83,Hyundai i20,COMPLETED,Ravi M
WO-0660,2026-03-10,MH15-QG-5195,Customer 71,Tata Nexon,COMPLETED,Ravi M
WO-0661,2026-03-10,MH16-UN-2582,Customer 27,Tata Nexon,COMPLETED,Suresh P
WO-0662,2026-03-10,MH17-EA-6979,Rajesh Kumar 95,Hyundai i20,COMPLETED,Ravi M
WO-0663,2026-03-10,MH17-SE-8561,Customer 1,Honda City,COMPLETED,Kiran D
WO-0664,2026-03-10,MH15-XA-9657,Customer 28,Maruti Swift,COMPLETED,Ravi M
WO-0665,2026-03-10,MH11-OR-1121,Customer 47,Honda City,COMPLETED,Ravi M
WO-0666,2026-03-10,MH11-DT-4444,Customer 51,Maruti Swift,COMPLETED,Ravi M
WO-0667,2026-03-10,MH20-KI-6902,Rajesh Kumar 100,Honda City,COMPLETED,Ravi M
WO-0668,2026-03-11,MH18-HM-8927,Customer 68,Honda City,COMPLETED,Ravi M
WO-0669,2026-03-11,MH11-XL-4707,Customer 91,Hyundai i20,COMPLETED,Suresh P
WO-0670,2026-03-11,MH12-KP-9540,Customer 36,Hyundai i20,COMPLETED,Kiran D
WO-0671,2026-03-11,MH15-PH-1089,Customer 67,Maruti Swift,COMPLETED,Suresh P
WO-0672,2026-03-11,MH15-KB-9963,Customer 93,Maruti Swift,COMPLETED,Kiran D
WO-0673,2026-03-11,MH12-AP-1794,Customer 83,Maruti Swift,COMPLETED,Ravi M
WO-0674,2026-03-11,MH16-YI-5241,Customer 71,Tata Nexon,COMPLETED,Ravi M
WO-0675,2026-03-11,MH12-OB-5354,Customer 111,Hyundai i20,COMPLETED,Ravi M
WO-0676,2026-03-11,MH16-MO-7302,Customer 19,Maruti Swift,COMPLETED,Kiran D
WO-0677,2026-03-11,MH20-MZ-5471,Rajesh Kumar 75,Hyundai i20,COMPLETED,Kiran D
WO-0678,2026-03-11,MH10-FZ-5984,Customer 101,Hyundai i20,COMPLETED,Suresh P
WO-0679,2026-03-12,MH10-KX-1204,Customer 84,Tata Nexon,COMPLETED,Kiran D
WO-0680,2026-03-12,MH11-LT-3208,Customer 1,Tata Nexon,COMPLETED,Kiran D
WO-0681,2026-03-12,MH18-SS-8124,Rajesh Kumar 110,Honda City,COMPLETED,Ravi M
WO-0682,2026-03-12,MH17-VK-2522,Customer 76,Hyundai i20,COMPLETED,Suresh P
WO-0683,2026-03-12,MH13-NI-2688,Customer 63,Tata Nexon,COMPLETED,Ravi M
WO-0684,2026-03-12,MH12-EZ-1307,Customer 57,Tata Nexon,COMPLETED,Kiran D
WO-0685,2026-03-12,MH16-RY-6661,Customer 67,Tata Nexon,COMPLETED,Suresh P
WO-0686,2026-03-13,MH11-LF-8354,Customer 71,Maruti Swift,COMPLETED,Kiran D
WO-0687,2026-03-13,MH11-XF-7332,Customer 9,Tata Nexon,COMPLETED,Suresh P
WO-0688,2026-03-13,MH14-TA-2406,Rajesh Kumar 15,Maruti Swift,COMPLETED,Kiran D
WO-0689,2026-03-13,MH16-UV-2937,Rajesh Kumar 80,Tata Nexon,COMPLETED,Suresh P
WO-0690,2026-03-13,MH10-OM-4515,Customer 61,Hyundai i20,COMPLETED,Ravi M
WO-0691,2026-03-13,MH10-WG-1360,Rajesh Kumar 100,Tata Nexon,COMPLETED,Suresh P
WO-0692,2026-03-13,MH15-RZ-2677,Rajesh Kumar 75,Honda City,COMPLETED,Kiran D
WO-0693,2026-03-13,MH12-DI-7729,Rajesh Kumar 75,Honda City,COMPLETED,Kiran D
WO-0694,2026-03-13,MH18-DK-7475,Customer 11,Maruti Swift,COMPLETED,Suresh P
WO-0695,2026-03-14,MH16-CE-7575,Rajesh Kumar 90,Maruti Swift,COMPLETED,Ravi M
WO-0696,2026-03-14,MH19-KU-8299,Customer 26,Honda City,COMPLETED,Kiran D
WO-0697,2026-03-14,MH12-CT-9637,Customer 44,Hyundai i20,COMPLETED,Ravi M
WO-0698,2026-03-14,MH19-YR-9185,Customer 22,Honda City,COMPLETED,Suresh P
WO-0699,2026-03-14,MH20-YI-1365,Customer 71,Maruti Swift,COMPLETED,Ravi M
WO-0700,2026-03-14,MH11-OD-3031,Customer 53,Maruti Swift,COMPLETED,Kiran D
WO-0701,2026-03-14,MH10-EC-4017,Customer 31,Tata Nexon,COMPLETED,Suresh P
WO-0702,2026-03-14,MH14-AR-3909,Customer 12,Maruti Swift,COMPLETED,Ravi M
WO-0703,2026-03-15,MH15-GU-4016,Customer 99,Hyundai i20,COMPLETED,Suresh P
WO-0704,2026-03-15,MH10-NN-9151,Customer 16,Hyundai i20,COMPLETED,Ravi M
WO-0705,2026-03-15,MH11-BQ-3205,Customer 14,Maruti Swift,COMPLETED,Kiran D
WO-0706,2026-03-15,MH17-PW-1393,Rajesh Kumar 115,Hyundai i20,COMPLETED,Ravi M
WO-0707,2026-03-15,MH12-UR-8702,Customer 77,Maruti Swift,COMPLETED,Suresh P
WO-0708,2026-03-15,MH11-WX-9638,Rajesh Kumar 50,Maruti Swift,COMPLETED,Suresh P
WO-0709,2026-03-15,MH16-BD-4860,Customer 84,Maruti Swift,COMPLETED,Ravi M
WO-0710,2026-03-15,MH10-EY-6339,Rajesh Kumar 40,Honda City,COMPLETED,Suresh P
WO-0711,2026-03-15,MH16-CF-2104,Customer 62,Tata Nexon,COMPLETED,Kiran D
WO-0712,2026-03-15,MH19-BO-6341,Rajesh Kumar 20,Honda City,COMPLETED,Kiran D
WO-0713,2026-03-15,MH20-VH-7673,Customer 76,Tata Nexon,COMPLETED,Suresh P
WO-0714,2026-03-15,MH13-XZ-5004,Rajesh Kumar 100,Tata Nexon,COMPLETED,Suresh P
WO-0715,2026-03-15,MH19-BX-7825,Rajesh Kumar 110,Hyundai i20,COMPLETED,Kiran D
WO-0716,2026-03-15,MH12-FJ-2480,Customer 4,Maruti Swift,COMPLETED,Ravi M
WO-0717,2026-03-16,MH15-SP-5582,Customer 101,Tata Nexon,COMPLETED,Ravi M
WO-0718,2026-03-16,MH18-WY-6759,Rajesh Kumar 110,Tata Nexon,COMPLETED,Suresh P
WO-0719,2026-03-16,MH18-ZW-7876,Customer 17,Tata Nexon,COMPLETED,Kiran D
WO-0720,2026-03-16,MH16-PQ-6865,Customer 24,Hyundai i20,COMPLETED,Kiran D
WO-0721,2026-03-16,MH13-IH-9091,Customer 29,Tata Nexon,COMPLETED,Suresh P
WO-0722,2026-03-16,MH11-NG-3857,Customer 109,Maruti Swift,COMPLETED,Ravi M
WO-0723,2026-03-16,MH19-YZ-8529,Rajesh Kumar 110,Maruti Swift,COMPLETED,Kiran D
WO-0724,2026-03-16,MH14-EG-8399,Rajesh Kumar 45,Hyundai i20,COMPLETED,Ravi M
WO-0725,2026-03-16,MH16-IR-6352,Rajesh Kumar 65,Tata Nexon,COMPLETED,Ravi M
WO-0726,2026-03-16,MH10-IG-1918,Customer 63,Hyundai i20,COMPLETED,Kiran D
WO-0727,2026-03-16,MH20-XG-2850,Customer 67,Honda City,COMPLETED,Suresh P
WO-0728,2026-03-17,MH17-RC-7656,Rajesh Kumar 25,Hyundai i20,COMPLETED,Suresh P
WO-0729,2026-03-17,MH18-OG-3072,Rajesh Kumar 30,Honda City,COMPLETED,Suresh P
WO-0730,2026-03-17,MH17-XD-9706,Customer 34,Hyundai i20,COMPLETED,Suresh P
WO-0731,2026-03-17,MH18-ND-1386,Customer 116,Tata Nexon,COMPLETED,Suresh P
WO-0732,2026-03-17,MH20-ZF-4469,Customer 21,Honda City,COMPLETED,Kiran D
WO-0733,2026-03-17,MH11-DX-5955,Customer 118,Maruti Swift,COMPLETED,Kiran D
WO-0734,2026-03-17,MH10-QU-8566,Customer 109,Tata Nexon,COMPLETED,Kiran D
WO-0735,2026-03-17,MH19-TQ-5239,Customer 67,Honda City,COMPLETED,Suresh P
WO-0736,2026-03-17,MH19-FS-3172,Rajesh Kumar 100,Tata Nexon,COMPLETED,Suresh P
WO-0737,2026-03-17,MH19-LV-4677,Rajesh Kumar 110,Hyundai i20,COMPLETED,Suresh P
WO-0738,2026-03-17,MH16-AC-5885,Customer 119,Hyundai i20,COMPLETED,Ravi M
WO-0739,2026-03-18,MH19-RW-1226,Customer 16,Hyundai i20,COMPLETED,Ravi M
WO-0740,2026-03-18,MH16-VB-6773,Customer 14,Hyundai i20,COMPLETED,Ravi M
WO-0741,2026-03-18,MH14-FU-2186,Customer 7,Maruti Swift,COMPLETED,Suresh P
WO-0742,2026-03-18,MH19-BS-7560,Customer 82,Honda City,COMPLETED,Ravi M
WO-0743,2026-03-18,MH19-IF-4134,Customer 84,Tata Nexon,COMPLETED,Kiran D
WO-0744,2026-03-18,MH11-WO-9452,Customer 118,Hyundai i20,COMPLETED,Suresh P
WO-0745,2026-03-18,MH18-WM-1348,Customer 51,Tata Nexon,COMPLETED,Ravi M
WO-0746,2026-03-18,MH13-SX-7688,Rajesh Kumar 50,Tata Nexon,COMPLETED,Suresh P
WO-0747,2026-03-18,MH11-AP-9586,Customer 29,Honda City,COMPLETED,Suresh P
WO-0748,2026-03-18,MH19-YX-3293,Customer 4,Honda City,COMPLETED,Suresh P
WO-0749,2026-03-18,MH13-IO-5779,Customer 111,Honda City,COMPLETED,Suresh P
WO-0750,2026-03-19,MH17-KC-9128,Customer 63,Maruti Swift,COMPLETED,Kiran D
WO-0751,2026-03-19,MH15-KV-9840,Customer 23,Maruti Swift,COMPLETED,Suresh P
WO-0752,2026-03-19,MH11-QQ-1527,Rajesh Kumar 105,Hyundai i20,COMPLETED,Ravi M
WO-0753,2026-03-19,MH20-XJ-7376,Customer 92,Maruti Swift,COMPLETED,Kiran D
WO-0754,2026-03-19,MH16-CZ-6541,Customer 33,Tata Nexon,COMPLETED,Suresh P
WO-0755,2026-03-19,MH20-SE-8838,Customer 57,Maruti Swift,COMPLETED,Ravi M
WO-0756,2026-03-19,MH17-UP-8214,Customer 73,Honda City,COMPLETED,Ravi M
WO-0757,2026-03-19,MH10-CH-3262,Customer 36,Tata Nexon,COMPLETED,Ravi M
WO-0758,2026-03-19,MH12-MP-4864,Customer 6,Tata Nexon,COMPLETED,Kiran D
WO-0759,2026-03-19,MH20-YP-4730,Rajesh Kumar 70,Tata Nexon,COMPLETED,Ravi M
WO-0760,2026-03-19,MH10-QN-5130,Customer 6,Maruti Swift,COMPLETED,Ravi M
WO-0761,2026-03-19,MH18-YQ-6458,Customer 37,Honda City,COMPLETED,Suresh P
WO-0762,2026-03-20,MH15-YD-4971,Customer 39,Maruti Swift,COMPLETED,Suresh P
WO-0763,2026-03-20,MH19-JB-4996,Customer 107,Tata Nexon,COMPLETED,Ravi M
WO-0764,2026-03-20,MH20-ZH-8187,Customer 63,Hyundai i20,COMPLETED,Kiran D
WO-0765,2026-03-20,MH17-FG-7192,Customer 14,Hyundai i20,COMPLETED,Suresh P
WO-0766,2026-03-20,MH13-KK-9624,Customer 81,Maruti Swift,COMPLETED,Suresh P
WO-0767,2026-03-20,MH20-AS-7337,Customer 24,Maruti Swift,COMPLETED,Ravi M
WO-0768,2026-03-20,MH19-XY-6095,Customer 83,Hyundai i20,COMPLETED,Ravi M
WO-0769,2026-03-21,MH19-QU-7179,Customer 23,Honda City,COMPLETED,Suresh P
WO-0770,2026-03-21,MH14-QK-9436,Customer 54,Honda City,COMPLETED,Kiran D
WO-0771,2026-03-21,MH13-BL-2201,Customer 82,Tata Nexon,COMPLETED,Ravi M
WO-0772,2026-03-21,MH15-MR-2405,Customer 9,Honda City,COMPLETED,Ravi M
WO-0773,2026-03-21,MH19-VW-3281,Customer 8,Honda City,COMPLETED,Suresh P
WO-0774,2026-03-21,MH11-HQ-5996,Customer 29,Maruti Swift,COMPLETED,Suresh P
WO-0775,2026-03-21,MH20-WH-5268,Customer 16,Honda City,COMPLETED,Ravi M
WO-0776,2026-03-21,MH17-AR-2636,Customer 37,Maruti Swift,COMPLETED,Suresh P
WO-0777,2026-03-21,MH10-SJ-2608,Customer 49,Tata Nexon,COMPLETED,Ravi M
WO-0778,2026-03-22,MH10-EF-2888,Customer 22,Maruti Swift,COMPLETED,Ravi M
WO-0779,2026-03-22,MH10-VC-4454,Customer 3,Honda City,COMPLETED,Suresh P
WO-0780,2026-03-22,MH18-BB-8735,Customer 71,Maruti Swift,COMPLETED,Kiran D
WO-0781,2026-03-22,MH20-CD-3582,Customer 8,Honda City,COMPLETED,Kiran D
WO-0782,2026-03-22,MH19-RI-4752,Customer 31,Tata Nexon,COMPLETED,Ravi M
WO-0783,2026-03-22,MH12-JG-7603,Customer 24,Tata Nexon,COMPLETED,Kiran D
WO-0784,2026-03-22,MH10-ZU-5553,Customer 97,Maruti Swift,COMPLETED,Suresh P
WO-0785,2026-03-22,MH10-WN-1389,Customer 24,Hyundai i20,COMPLETED,Kiran D
WO-0786,2026-03-22,MH16-CW-1844,Rajesh Kumar 15,Hyundai i20,COMPLETED,Suresh P
WO-0787,2026-03-22,MH11-SD-3356,Customer 32,Hyundai i20,COMPLETED,Kiran D
WO-0788,2026-03-22,MH13-UF-5161,Customer 83,Tata Nexon,COMPLETED,Ravi M
WO-0789,2026-03-22,MH11-VP-3853,Rajesh Kumar 70,Maruti Swift,COMPLETED,Kiran D
WO-0790,2026-03-22,MH12-OF-9349,Customer 119,Maruti Swift,COMPLETED,Kiran D
WO-0791,2026-03-22,MH14-JX-2198,Customer 43,Hyundai i20,COMPLETED,Suresh P
WO-0792,2026-03-23,MH10-OC-1719,Customer 89,Honda City,COMPLETED,Ravi M
WO-0793,2026-03-23,MH19-IK-8970,Rajesh Kumar 55,Maruti Swift,COMPLETED,Kiran D
WO-0794,2026-03-23,MH13-DP-8991,Customer 98,Maruti Swift,COMPLETED,Ravi M
WO-0795,2026-03-23,MH10-YM-4654,Customer 82,Honda City,COMPLETED,Kiran D
WO-0796,2026-03-23,MH12-FS-9693,Customer 73,Tata Nexon,COMPLETED,Suresh P
WO-0797,2026-03-23,MH16-JU-8236,Customer 93,Hyundai i20,COMPLETED,Suresh P
WO-0798,2026-03-23,MH19-VP-1944,Customer 27,Maruti Swift,COMPLETED,Suresh P
WO-0799,2026-03-23,MH10-HR-7247,Rajesh Kumar 45,Honda City,COMPLETED,Ravi M
WO-0800,2026-03-23,MH19-MI-2444,Customer 83,Maruti Swift,COMPLETED,Suresh P
WO-0801,2026-03-24,MH12-BV-3898,Customer 111,Maruti Swift,COMPLETED,Kiran D
WO-0802,2026-03-24,MH15-RC-6093,Customer 28,Maruti Swift,COMPLETED,Suresh P
WO-0803,2026-03-24,MH14-WW-1069,Customer 26,Hyundai i20,COMPLETED,Kiran D
WO-0804,2026-03-24,MH10-DK-6627,Customer 119,Hyundai i20,COMPLETED,Ravi M
WO-0805,2026-03-24,MH17-CY-8950,Rajesh Kumar 20,Honda City,COMPLETED,Ravi M
WO-0806,2026-03-24,MH20-PW-8075,Customer 18,Maruti Swift,COMPLETED,Ravi M
WO-0807,2026-03-25,MH19-QM-6180,Customer 22,Maruti Swift,COMPLETED,Kiran D
WO-0808,2026-03-25,MH16-BS-3029,Customer 3,Honda City,COMPLETED,Suresh P
WO-0809,2026-03-25,MH12-NH-2612,Customer 38,Tata Nexon,COMPLETED,Kiran D
WO-0810,2026-03-25,MH12-IC-8577,Customer 17,Tata Nexon,COMPLETED,Ravi M
WO-0811,2026-03-25,MH14-NP-4784,Rajesh Kumar 45,Tata Nexon,COMPLETED,Ravi M
WO-0812,2026-03-25,MH19-QH-1312,Customer 33,Honda City,COMPLETED,Ravi M
WO-0813,2026-03-25,MH14-TL-3289,Customer 34,Maruti Swift,COMPLETED,Ravi M
WO-0814,2026-03-25,MH13-YB-7633,Customer 13,Honda City,COMPLETED,Kiran D
WO-0815,2026-03-26,MH19-AS-4488,Customer 77,Maruti Swift,COMPLETED,Ravi M
WO-0816,2026-03-26,MH14-OR-9838,Customer 57,Hyundai i20,COMPLETED,Kiran D
WO-0817,2026-03-26,MH10-VI-2046,Rajesh Kumar 70,Honda City,COMPLETED,Suresh P
WO-0818,2026-03-26,MH18-UB-5931,Customer 32,Hyundai i20,COMPLETED,Kiran D
WO-0819,2026-03-26,MH20-DH-6051,Customer 92,Hyundai i20,COMPLETED,Ravi M
WO-0820,2026-03-26,MH10-OX-9096,Customer 87,Honda City,COMPLETED,Suresh P
WO-0821,2026-03-26,MH10-HF-4858,Customer 107,Honda City,COMPLETED,Ravi M
WO-0822,2026-03-26,MH11-BB-6142,Customer 31,Honda City,COMPLETED,Ravi M
WO-0823,2026-03-26,MH11-RO-4923,Customer 111,Honda City,COMPLETED,Ravi M
WO-0824,2026-03-26,MH17-NO-9684,Customer 8,Hyundai i20,COMPLETED,Kiran D
WO-0825,2026-03-26,MH16-GP-5017,Rajesh Kumar 45,Tata Nexon,COMPLETED,Kiran D
WO-0826,2026-03-26,MH16-SZ-4055,Customer 41,Honda City,COMPLETED,Suresh P
WO-0827,2026-03-27,MH15-NR-4681,Customer 111,Maruti Swift,COMPLETED,Ravi M
WO-0828,2026-03-27,MH13-JV-9293,Customer 71,Maruti Swift,COMPLETED,Ravi M
WO-0829,2026-03-27,MH12-UZ-7960,Customer 19,Hyundai i20,COMPLETED,Ravi M
WO-0830,2026-03-27,MH18-OD-1520,Customer 98,Hyundai i20,COMPLETED,Suresh P
WO-0831,2026-03-27,MH20-DF-1111,Rajesh Kumar 120,Tata Nexon,COMPLETED,Ravi M
WO-0832,2026-03-27,MH13-RM-1363,Customer 109,Tata Nexon,COMPLETED,Ravi M
WO-0833,2026-03-27,MH15-XL-3015,Customer 52,Hyundai i20,COMPLETED,Suresh P
WO-0834,2026-03-27,MH14-XH-2354,Customer 88,Honda City,COMPLETED,Kiran D
WO-0835,2026-03-27,MH14-MC-1365,Customer 2,Hyundai i20,COMPLETED,Suresh P
WO-0836,2026-03-27,MH15-JI-7912,Customer 103,Honda City,COMPLETED,Suresh P
WO-0837,2026-03-27,MH17-FH-7585,Customer 89,Maruti Swift,COMPLETED,Ravi M
WO-0838,2026-03-27,MH15-YW-7694,Customer 89,Honda City,COMPLETED,Kiran D
WO-0839,2026-03-28,MH11-QK-4930,Customer 16,Honda City,COMPLETED,Ravi M
WO-0840,2026-03-28,MH18-EB-8825,Rajesh Kumar 35,Maruti Swift,COMPLETED,Kiran D
WO-0841,2026-03-28,MH17-BB-8990,Customer 68,Hyundai i20,COMPLETED,Suresh P
WO-0842,2026-03-28,MH18-CK-1311,Rajesh Kumar 20,Maruti Swift,COMPLETED,Ravi M
WO-0843,2026-03-28,MH13-VC-3988,Customer 44,Hyundai i20,COMPLETED,Kiran D
WO-0844,2026-03-28,MH14-XL-7262,Customer 92,Tata Nexon,COMPLETED,Suresh P
WO-0845,2026-03-28,MH12-DI-2855,Customer 78,Maruti Swift,COMPLETED,Kiran D
WO-0846,2026-03-28,MH17-NS-7371,Rajesh Kumar 45,Honda City,COMPLETED,Kiran D
WO-0847,2026-03-28,MH18-MK-6024,Customer 51,Honda City,COMPLETED,Ravi M
WO-0848,2026-03-29,MH14-ZM-6760,Customer 1,Maruti Swift,COMPLETED,Kiran D
WO-0849,2026-03-29,MH17-GB-8353,Rajesh Kumar 105,Maruti Swift,COMPLETED,Suresh P
WO-0850,2026-03-29,MH15-PF-6212,Rajesh Kumar 100,Maruti Swift,COMPLETED,Kiran D
WO-0851,2026-03-29,MH18-NM-7919,Customer 3,Maruti Swift,COMPLETED,Kiran D
WO-0852,2026-03-29,MH17-XQ-2837,Customer 103,Maruti Swift,COMPLETED,Ravi M
WO-0853,2026-03-29,MH18-ZG-1789,Rajesh Kumar 70,Honda City,COMPLETED,Ravi M
WO-0854,2026-03-29,MH15-AM-4407,Rajesh Kumar 35,Hyundai i20,COMPLETED,Kiran D
WO-0855,2026-03-29,MH10-HO-8325,Rajesh Kumar 100,Hyundai i20,COMPLETED,Kiran D
WO-0856,2026-03-29,MH16-LD-4917,Customer 108,Tata Nexon,COMPLETED,Ravi M
WO-0857,2026-03-29,MH18-YP-1815,Customer 101,Maruti Swift,COMPLETED,Kiran D
WO-0858,2026-03-29,MH14-XQ-1664,Customer 86,Maruti Swift,COMPLETED,Kiran D
WO-0859,2026-03-29,MH14-PP-7333,Customer 6,Hyundai i20,COMPLETED,Suresh P
WO-0860,2026-03-29,MH20-PZ-2794,Customer 43,Honda City,COMPLETED,Kiran D
WO-0861,2026-03-29,MH19-NX-9730,Customer 117,Maruti Swift,COMPLETED,Suresh P
WO-0862,2026-03-30,MH15-GJ-6487,Customer 8,Tata Nexon,COMPLETED,Kiran D
WO-0863,2026-03-30,MH16-HK-8341,Customer 26,Honda City,COMPLETED,Ravi M
WO-0864,2026-03-30,MH12-HF-4633,Customer 59,Maruti Swift,COMPLETED,Ravi M
WO-0865,2026-03-30,MH10-HE-1014,Customer 64,Hyundai i20,COMPLETED,Suresh P
WO-0866,2026-03-30,MH13-LL-8113,Rajesh Kumar 40,Tata Nexon,COMPLETED,Ravi M
WO-0867,2026-03-30,MH19-RF-7246,Rajesh Kumar 50,Tata Nexon,COMPLETED,Kiran D
WO-0869,2026-03-30,MH18-XB-1982,Customer 41,Tata Nexon,COMPLETED,Suresh P
WO-0870,2026-03-31,MH19-ZU-3506,Customer 76,Tata Nexon,COMPLETED,Ravi M
WO-0871,2026-03-31,MH15-PF-5408,Customer 37,Maruti Swift,COMPLETED,Suresh P
WO-0872,2026-03-31,MH10-DE-5685,Rajesh Kumar 100,Maruti Swift,COMPLETED,Kiran D
WO-0873,2026-03-31,MH17-FA-5063,Rajesh Kumar 20,Maruti Swift,COMPLETED,Kiran D
WO-0874,2026-03-31,MH12-CW-6709,Customer 36,Hyundai i20,COMPLETED,Suresh P
WO-0875,2026-03-31,MH20-BC-9368,Rajesh Kumar 15,Maruti Swift,COMPLETED,Kiran D
WO-0876,2026-03-31,MH19-RW-9453,Customer 117,Hyundai i20,COMPLETED,Kiran D
WO-0877,2026-03-31,MH19-QE-2882,Rajesh Kumar 85,Hyundai i20,COMPLETED,Kiran D
WO-0878,2026-03-31,MH13-TB-4310,Customer 8,Honda City,COMPLETED,Ravi M
WO-0879,2026-03-31,MH15-VE-1401,Customer 58,Hyundai i20,COMPLETED,Ravi M
WO-0880,2026-03-31,MH12-VI-2664,Customer 72,Maruti Swift,COMPLETED,Ravi M
WO-0881,2026-03-31,MH10-UO-5777,Customer 7,Tata Nexon,COMPLETED,Kiran D
WO-0882,2026-04-01,MH19-NS-7770,Customer 6,Tata Nexon,COMPLETED,Suresh P
WO-0883,2026-04-01,MH10-LL-5759,Rajesh Kumar 25,Tata Nexon,COMPLETED,Kiran D
WO-0884,2026-04-01,MH18-ZQ-1890,Customer 64,Tata Nexon,COMPLETED,Kiran D
WO-0885,2026-04-01,MH12-BF-8886,Customer 76,Tata Nexon,COMPLETED,Ravi M
WO-0886,2026-04-01,MH19-RS-6129,Customer 47,Honda City,COMPLETED,Ravi M
WO-0887,2026-04-01,MH12-UO-1151,Customer 71,Honda City,COMPLETED,Suresh P
WO-0888,2026-04-01,MH16-DC-9102,Customer 104,Hyundai i20,COMPLETED,Suresh P
WO-0889,2026-04-01,MH17-BW-6136,Customer 22,Honda City,COMPLETED,Kiran D
WO-0890,2026-04-01,MH11-GD-1905,Rajesh Kumar 40,Tata Nexon,COMPLETED,Kiran D
WO-0891,2026-04-01,MH12-SQ-8468,Rajesh Kumar 40,Honda City,COMPLETED,Ravi M
WO-0892,2026-04-01,MH17-TK-6180,Customer 101,Hyundai i20,COMPLETED,Kiran D
WO-0893,2026-04-01,MH15-IP-9726,Customer 53,Maruti Swift,COMPLETED,Kiran D
WO-0894,2026-04-02,MH16-HW-5231,Customer 91,Maruti Swift,COMPLETED,Ravi M
WO-0895,2026-04-02,MH12-BV-1933,Customer 78,Hyundai i20,COMPLETED,Kiran D
WO-0896,2026-04-02,MH13-XT-8764,Customer 3,Maruti Swift,COMPLETED,Ravi M
WO-0897,2026-04-02,MH16-PR-1750,Customer 68,Maruti Swift,COMPLETED,Ravi M
WO-0898,2026-04-02,MH14-TO-6028,Rajesh Kumar 15,Maruti Swift,COMPLETED,Kiran D
WO-0899,2026-04-02,MH18-FB-2073,Customer 99,Honda City,COMPLETED,Suresh P
WO-0900,2026-04-02,MH17-BM-9100,Customer 1,Honda City,COMPLETED,Kiran D
WO-0901,2026-04-02,MH10-TP-6312,Customer 106,Maruti Swift,COMPLETED,Ravi M
WO-0902,2026-04-02,MH13-MO-9517,Customer 94,Honda City,COMPLETED,Suresh P
WO-0903,2026-04-03,MH19-QI-2976,Customer 2,Tata Nexon,COMPLETED,Kiran D
WO-0904,2026-04-03,MH17-KJ-3521,Customer 114,Honda City,COMPLETED,Kiran D
WO-0905,2026-04-03,MH19-FY-3264,Rajesh Kumar 50,Hyundai i20,COMPLETED,Ravi M
WO-0906,2026-04-03,MH13-NK-7327,Rajesh Kumar 105,Maruti Swift,COMPLETED,Suresh P
WO-0907,2026-04-03,MH18-GS-1537,Customer 83,Maruti Swift,COMPLETED,Suresh P
WO-0908,2026-04-03,MH13-HC-5071,Customer 111,Maruti Swift,COMPLETED,Ravi M
WO-0909,2026-04-03,MH12-TX-5357,Customer 84,Maruti Swift,COMPLETED,Ravi M
WO-0910,2026-04-03,MH14-FC-5851,Rajesh Kumar 95,Hyundai i20,COMPLETED,Kiran D
WO-0911,2026-04-03,MH16-EG-6545,Customer 21,Honda City,COMPLETED,Ravi M
WO-0912,2026-04-03,MH20-GW-9465,Customer 74,Tata Nexon,COMPLETED,Kiran D
WO-0913,2026-04-03,MH11-BO-2289,Customer 32,Maruti Swift,COMPLETED,Suresh P
WO-0914,2026-04-04,MH19-QQ-4948,Rajesh Kumar 65,Tata Nexon,COMPLETED,Suresh P
WO-0915,2026-04-04,MH18-IB-7291,Rajesh Kumar 35,Tata Nexon,COMPLETED,Suresh P
WO-0916,2026-04-04,MH18-GW-7411,Customer 108,Maruti Swift,COMPLETED,Kiran D
WO-0917,2026-04-04,MH12-RD-4746,Customer 43,Tata Nexon,COMPLETED,Ravi M
WO-0918,2026-04-04,MH11-LA-1930,Customer 83,Maruti Swift,COMPLETED,Suresh P
WO-0919,2026-04-04,MH11-VU-6237,Customer 93,Maruti Swift,COMPLETED,Suresh P
WO-0920,2026-04-04,MH13-ZL-4290,Customer 4,Tata Nexon,COMPLETED,Ravi M
WO-0921,2026-04-04,MH15-ZU-3912,Customer 111,Tata Nexon,COMPLETED,Kiran D
WO-0922,2026-04-04,MH19-YU-1488,Customer 1,Hyundai i20,COMPLETED,Ravi M
WO-0923,2026-04-04,MH12-UT-5701,Customer 11,Honda City,COMPLETED,Suresh P
WO-0924,2026-04-04,MH15-IV-7515,Customer 104,Tata Nexon,COMPLETED,Kiran D
WO-0925,2026-04-04,MH16-LV-6661,Customer 49,Tata Nexon,COMPLETED,Kiran D
WO-0926,2026-04-04,MH13-ED-7735,Customer 83,Hyundai i20,COMPLETED,Suresh P
WO-0927,2026-04-04,MH17-QY-6171,Rajesh Kumar 10,Hyundai i20,COMPLETED,Suresh P
WO-0928,2026-04-05,MH11-CT-1795,Customer 3,Honda City,COMPLETED,Ravi M
WO-0929,2026-04-05,MH17-XW-4775,Customer 21,Maruti Swift,COMPLETED,Ravi M
WO-0930,2026-04-05,MH20-JP-6251,Rajesh Kumar 15,Tata Nexon,COMPLETED,Kiran D
WO-0931,2026-04-05,MH13-FE-5505,Customer 12,Hyundai i20,COMPLETED,Ravi M
WO-0932,2026-04-05,MH18-RT-1400,Customer 56,Maruti Swift,COMPLETED,Ravi M
WO-0933,2026-04-05,MH13-HH-3829,Rajesh Kumar 95,Maruti Swift,COMPLETED,Kiran D
WO-0934,2026-04-05,MH19-MA-1805,Customer 52,Maruti Swift,COMPLETED,Suresh P
WO-0935,2026-04-05,MH20-MF-6452,Customer 109,Honda City,COMPLETED,Kiran D
WO-0936,2026-04-05,MH11-VH-8840,Customer 67,Maruti Swift,COMPLETED,Ravi M
WO-0937,2026-04-05,MH19-KV-4859,Customer 4,Tata Nexon,COMPLETED,Suresh P
WO-0938,2026-04-06,MH20-HU-7177,Customer 111,Tata Nexon,COMPLETED,Kiran D
WO-0939,2026-04-06,MH20-YJ-5076,Customer 103,Honda City,COMPLETED,Suresh P
WO-0940,2026-04-06,MH19-HJ-5671,Customer 88,Hyundai i20,COMPLETED,Suresh P
WO-0941,2026-04-06,MH12-WV-1363,Customer 92,Hyundai i20,COMPLETED,Suresh P
WO-0942,2026-04-06,MH10-JW-1647,Rajesh Kumar 105,Hyundai i20,COMPLETED,Kiran D
WO-0943,2026-04-06,MH10-UG-4060,Customer 77,Tata Nexon,COMPLETED,Suresh P
WO-0944,2026-04-07,MH17-YX-8917,Customer 113,Maruti Swift,COMPLETED,Ravi M
WO-0945,2026-04-07,MH19-JJ-4678,Customer 119,Hyundai i20,COMPLETED,Kiran D
WO-0946,2026-04-07,MH16-QC-6069,Customer 4,Tata Nexon,COMPLETED,Kiran D
WO-0947,2026-04-07,MH19-MK-4628,Rajesh Kumar 95,Hyundai i20,COMPLETED,Ravi M
WO-0948,2026-04-07,MH20-EZ-3335,Customer 68,Honda City,COMPLETED,Kiran D
WO-0949,2026-04-07,MH13-QD-2709,Customer 96,Tata Nexon,COMPLETED,Kiran D
WO-0950,2026-04-08,MH19-SB-9271,Customer 56,Honda City,COMPLETED,Suresh P
WO-0951,2026-04-08,MH10-MD-5272,Customer 74,Maruti Swift,COMPLETED,Kiran D
WO-0952,2026-04-08,MH15-MQ-2035,Customer 41,Hyundai i20,COMPLETED,Kiran D
WO-0953,2026-04-08,MH20-WC-5715,Rajesh Kumar 35,Tata Nexon,COMPLETED,Kiran D
WO-0954,2026-04-08,MH15-KN-7602,Customer 3,Hyundai i20,COMPLETED,Suresh P
WO-0955,2026-04-08,MH13-PJ-6843,Customer 62,Maruti Swift,COMPLETED,Kiran D
WO-0956,2026-04-08,MH18-ZO-9097,Customer 76,Maruti Swift,COMPLETED,Suresh P
WO-0957,2026-04-08,MH16-YX-2489,Rajesh Kumar 110,Maruti Swift,COMPLETED,Kiran D
WO-0958,2026-04-08,MH10-YA-4046,Customer 19,Honda City,COMPLETED,Ravi M
WO-0959,2026-04-08,MH16-KN-9194,Customer 66,Hyundai i20,COMPLETED,Kiran D
WO-0960,2026-04-09,MH11-RZ-5051,Customer 103,Honda City,COMPLETED,Ravi M
WO-0961,2026-04-09,MH11-AJ-1165,Customer 67,Tata Nexon,COMPLETED,Suresh P
WO-0962,2026-04-09,MH18-ER-1728,Customer 39,Tata Nexon,COMPLETED,Suresh P
WO-0963,2026-04-09,MH20-NG-7752,Customer 62,Hyundai i20,COMPLETED,Ravi M
WO-0964,2026-04-09,MH15-AB-4448,Customer 108,Honda City,COMPLETED,Ravi M
WO-0965,2026-04-09,MH12-CY-7364,Customer 84,Honda City,COMPLETED,Ravi M
WO-0966,2026-04-09,MH18-KS-8101,Customer 18,Tata Nexon,COMPLETED,Suresh P
WO-0967,2026-04-09,MH17-OK-7258,Customer 24,Tata Nexon,COMPLETED,Kiran D
WO-0968,2026-04-10,MH20-LS-9458,Customer 6,Tata Nexon,COMPLETED,Kiran D
WO-0969,2026-04-10,MH17-XO-3257,Rajesh Kumar 85,Maruti Swift,COMPLETED,Kiran D
WO-0970,2026-04-10,MH12-HI-1977,Customer 1,Tata Nexon,COMPLETED,Ravi M
WO-0971,2026-04-10,MH11-IH-3364,Customer 49,Tata Nexon,COMPLETED,Ravi M
WO-0972,2026-04-10,MH10-LJ-9972,Customer 51,Tata Nexon,COMPLETED,Ravi M
WO-0973,2026-04-10,MH10-BV-6431,Customer 67,Tata Nexon,COMPLETED,Kiran D
WO-0974,2026-04-10,MH16-FZ-5938,Customer 36,Honda City,COMPLETED,Suresh P
WO-0975,2026-04-10,MH19-RM-4554,Customer 74,Hyundai i20,COMPLETED,Ravi M
WO-0976,2026-04-10,MH20-JL-3801,Customer 72,Honda City,COMPLETED,Suresh P
WO-0977,2026-04-11,MH19-XT-2550,Customer 71,Honda City,COMPLETED,Ravi M
WO-0978,2026-04-11,MH16-FE-1946,Customer 7,Tata Nexon,COMPLETED,Suresh P
WO-0979,2026-04-11,MH16-PY-2026,Customer 6,Hyundai i20,COMPLETED,Suresh P
WO-0980,2026-04-11,MH12-VL-3313,Rajesh Kumar 40,Honda City,COMPLETED,Ravi M
WO-0981,2026-04-11,MH14-YQ-4863,Customer 28,Tata Nexon,COMPLETED,Ravi M
WO-0982,2026-04-11,MH14-JV-5301,Customer 74,Maruti Swift,COMPLETED,Ravi M
WO-0983,2026-04-11,MH10-JK-6788,Customer 63,Hyundai i20,COMPLETED,Kiran D
WO-0984,2026-04-11,MH19-UH-6122,Customer 87,Hyundai i20,COMPLETED,Ravi M
WO-0985,2026-04-11,MH11-VT-6576,Rajesh Kumar 15,Maruti Swift,COMPLETED,Ravi M
WO-0986,2026-04-11,MH17-CR-3783,Rajesh Kumar 30,Maruti Swift,COMPLETED,Kiran D
WO-0987,2026-04-12,MH20-LW-4265,Customer 11,Hyundai i20,COMPLETED,Kiran D
WO-0988,2026-04-12,MH12-HX-1243,Customer 54,Honda City,COMPLETED,Ravi M
WO-0989,2026-04-12,MH16-EV-5018,Rajesh Kumar 110,Tata Nexon,COMPLETED,Kiran D
WO-0990,2026-04-12,MH13-LK-3931,Customer 102,Hyundai i20,COMPLETED,Suresh P
WO-0991,2026-04-12,MH11-FJ-1629,Customer 109,Hyundai i20,COMPLETED,Suresh P
WO-0992,2026-04-12,MH14-OJ-7827,Customer 3,Honda City,COMPLETED,Kiran D
WO-0993,2026-04-12,MH15-GK-6864,Rajesh Kumar 80,Maruti Swift,COMPLETED,Kiran D
WO-0994,2026-04-12,MH13-US-7338,Customer 63,Honda City,COMPLETED,Suresh P
WO-0995,2026-04-12,MH15-PW-2574,Customer 68,Maruti Swift,COMPLETED,Kiran D
WO-0996,2026-04-12,MH12-SS-2672,Customer 2,Hyundai i20,COMPLETED,Kiran D
WO-0997,2026-04-13,MH16-TQ-3269,Customer 78,Maruti Swift,COMPLETED,Kiran D
WO-0998,2026-04-13,MH17-QO-1746,Customer 119,Honda City,COMPLETED,Suresh P
WO-0999,2026-04-13,MH13-ZA-8448,Customer 88,Honda City,COMPLETED,Ravi M
WO-1000,2026-04-13,MH11-UT-3810,Customer 76,Tata Nexon,COMPLETED,Suresh P
WO-1001,2026-04-13,MH16-AI-5459,Customer 117,Tata Nexon,COMPLETED,Suresh P
WO-1002,2026-04-13,MH18-GS-2880,Customer 108,Honda City,COMPLETED,Kiran D
WO-1003,2026-04-13,MH12-SF-9795,Customer 68,Hyundai i20,COMPLETED,Suresh P
WO-1004,2026-04-13,MH12-QK-8882,Customer 61,Tata Nexon,COMPLETED,Ravi M
WO-1005,2026-04-13,MH18-BS-4880,Customer 22,Tata Nexon,COMPLETED,Ravi M
WO-1006,2026-04-13,MH19-SX-9771,Customer 18,Honda City,COMPLETED,Suresh P
WO-1007,2026-04-14,MH20-HP-1092,Customer 114,Tata Nexon,COMPLETED,Suresh P
WO-1008,2026-04-14,MH12-DG-3352,Rajesh Kumar 60,Honda City,COMPLETED,Ravi M
WO-1009,2026-04-14,MH20-DS-7972,Rajesh Kumar 20,Hyundai i20,COMPLETED,Suresh P
WO-1010,2026-04-14,MH11-AB-4671,Customer 51,Tata Nexon,COMPLETED,Kiran D
WO-1011,2026-04-14,MH12-FF-7554,Customer 48,Honda City,COMPLETED,Kiran D
WO-1012,2026-04-14,MH10-XL-1412,Customer 86,Honda City,COMPLETED,Ravi M
WO-1013,2026-04-14,MH13-DX-1355,Customer 12,Maruti Swift,COMPLETED,Ravi M
WO-1014,2026-04-14,MH15-ZB-9984,Customer 98,Honda City,COMPLETED,Suresh P
WO-1015,2026-04-14,MH13-YZ-8187,Customer 72,Hyundai i20,COMPLETED,Kiran D
WO-1016,2026-04-14,MH11-JU-4626,Customer 57,Hyundai i20,COMPLETED,Suresh P
WO-1017,2026-04-15,MH16-ZO-8533,Customer 116,Tata Nexon,COMPLETED,Ravi M
WO-1018,2026-04-15,MH13-EV-1310,Customer 4,Maruti Swift,COMPLETED,Kiran D
WO-1019,2026-04-15,MH12-CC-5282,Customer 102,Hyundai i20,COMPLETED,Suresh P
WO-1020,2026-04-15,MH14-EE-9724,Rajesh Kumar 60,Maruti Swift,COMPLETED,Suresh P
WO-1021,2026-04-15,MH10-CT-9334,Rajesh Kumar 80,Tata Nexon,COMPLETED,Suresh P
WO-1022,2026-04-15,MH10-GW-4545,Customer 3,Tata Nexon,COMPLETED,Kiran D
WO-1023,2026-04-15,MH19-RP-7711,Customer 38,Tata Nexon,COMPLETED,Kiran D
WO-1024,2026-04-15,MH12-RP-6789,Customer 57,Hyundai i20,COMPLETED,Suresh P
WO-1025,2026-04-15,MH15-KS-1396,Customer 8,Maruti Swift,COMPLETED,Kiran D
WO-1026,2026-04-15,MH13-XP-9615,Customer 99,Maruti Swift,COMPLETED,Suresh P
WO-1027,2026-04-15,MH20-QE-5267,Customer 62,Tata Nexon,COMPLETED,Suresh P
WO-1028,2026-04-15,MH11-NO-8916,Customer 77,Hyundai i20,COMPLETED,Kiran D
WO-1029,2026-04-16,MH19-DX-9456,Customer 73,Maruti Swift,COMPLETED,Kiran D
WO-1030,2026-04-16,MH16-OM-5752,Customer 21,Maruti Swift,COMPLETED,Ravi M
WO-1031,2026-04-16,MH14-CV-7300,Rajesh Kumar 120,Honda City,COMPLETED,Suresh P
WO-1032,2026-04-16,MH11-IB-4692,Customer 57,Hyundai i20,COMPLETED,Suresh P
WO-1033,2026-04-16,MH17-XQ-8440,Customer 88,Tata Nexon,COMPLETED,Suresh P
WO-1034,2026-04-16,MH16-AE-3807,Customer 98,Maruti Swift,COMPLETED,Kiran D
WO-1035,2026-04-16,MH18-JM-3258,Customer 107,Maruti Swift,COMPLETED,Kiran D
WO-1036,2026-04-16,MH16-QX-2006,Customer 2,Tata Nexon,COMPLETED,Ravi M
WO-1037,2026-04-17,MH11-XC-6119,Customer 61,Honda City,COMPLETED,Kiran D
WO-1038,2026-04-17,MH10-QK-4648,Customer 16,Honda City,COMPLETED,Kiran D
WO-1039,2026-04-17,MH17-LG-6505,Customer 78,Maruti Swift,COMPLETED,Ravi M
WO-1040,2026-04-17,MH16-DB-2144,Rajesh Kumar 110,Hyundai i20,COMPLETED,Ravi M
WO-1041,2026-04-17,MH20-WW-2636,Rajesh Kumar 35,Tata Nexon,COMPLETED,Kiran D
WO-1042,2026-04-17,MH14-FA-4434,Customer 86,Hyundai i20,COMPLETED,Kiran D
WO-1043,2026-04-18,MH10-WP-9255,Rajesh Kumar 35,Honda City,COMPLETED,Kiran D
WO-1044,2026-04-18,MH13-TB-3121,Rajesh Kumar 80,Maruti Swift,COMPLETED,Kiran D
WO-1045,2026-04-18,MH17-SO-1575,Customer 31,Hyundai i20,COMPLETED,Ravi M
WO-1046,2026-04-18,MH12-CQ-4117,Customer 86,Honda City,COMPLETED,Ravi M
WO-1047,2026-04-18,MH18-JC-3020,Customer 101,Honda City,COMPLETED,Ravi M
WO-1048,2026-04-18,MH20-TI-9163,Customer 107,Honda City,COMPLETED,Suresh P
WO-1049,2026-04-18,MH13-OV-7130,Customer 41,Hyundai i20,COMPLETED,Ravi M
WO-1050,2026-04-18,MH16-IS-9568,Customer 42,Honda City,COMPLETED,Kiran D
WO-1051,2026-04-18,MH16-SJ-2448,Rajesh Kumar 10,Honda City,COMPLETED,Ravi M
WO-1052,2026-04-18,MH18-UI-1973,Customer 27,Tata Nexon,COMPLETED,Suresh P
WO-1053,2026-04-18,MH20-EK-5233,Customer 92,Tata Nexon,COMPLETED,Ravi M
WO-1054,2026-04-18,MH19-ZH-4853,Customer 87,Maruti Swift,COMPLETED,Kiran D
WO-1055,2026-04-19,MH16-ZO-3484,Customer 74,Tata Nexon,COMPLETED,Ravi M
WO-1056,2026-04-19,MH11-AW-2278,Customer 13,Maruti Swift,COMPLETED,Suresh P
WO-1057,2026-04-19,MH11-PN-7143,Customer 29,Honda City,COMPLETED,Ravi M
WO-1058,2026-04-19,MH12-FD-7948,Customer 92,Tata Nexon,COMPLETED,Ravi M
WO-1059,2026-04-19,MH13-ZX-1508,Customer 63,Tata Nexon,COMPLETED,Kiran D
WO-1060,2026-04-19,MH20-LC-6301,Rajesh Kumar 20,Tata Nexon,COMPLETED,Ravi M
WO-1061,2026-04-19,MH16-UP-4281,Rajesh Kumar 110,Tata Nexon,COMPLETED,Kiran D
WO-1062,2026-04-19,MH19-LZ-3850,Customer 42,Maruti Swift,COMPLETED,Suresh P
WO-1063,2026-04-19,MH12-GP-3128,Customer 67,Hyundai i20,COMPLETED,Kiran D
WO-1064,2026-04-19,MH20-ZA-9924,Customer 54,Honda City,COMPLETED,Ravi M
WO-1065,2026-04-19,MH19-CD-4460,Customer 78,Hyundai i20,COMPLETED,Kiran D
WO-1066,2026-04-19,MH12-WM-1803,Customer 9,Tata Nexon,COMPLETED,Kiran D
WO-1067,2026-04-20,MH17-AK-1225,Customer 86,Honda City,COMPLETED,Ravi M
WO-1068,2026-04-20,MH10-VB-8845,Customer 104,Hyundai i20,COMPLETED,Ravi M
WO-1069,2026-04-20,MH20-NI-5504,Customer 113,Hyundai i20,COMPLETED,Suresh P
WO-1070,2026-04-20,MH12-WP-6376,Rajesh Kumar 100,Tata Nexon,COMPLETED,Ravi M
WO-1071,2026-04-20,MH15-PD-5555,Customer 92,Tata Nexon,COMPLETED,Ravi M
WO-1072,2026-04-20,MH13-IR-3588,Rajesh Kumar 115,Hyundai i20,COMPLETED,Kiran D
WO-1073,2026-04-20,MH13-BI-4106,Customer 31,Honda City,COMPLETED,Ravi M
WO-1074,2026-04-20,MH14-HN-5655,Customer 37,Tata Nexon,COMPLETED,Kiran D
WO-1075,2026-04-20,MH20-ZV-8761,Customer 107,Honda City,COMPLETED,Ravi M
WO-1076,2026-04-20,MH15-BJ-7435,Rajesh Kumar 40,Maruti Swift,COMPLETED,Ravi M
WO-1077,2026-04-20,MH17-FK-4077,Customer 97,Honda City,COMPLETED,Kiran D
WO-1078,2026-04-21,MH11-KU-2638,Rajesh Kumar 25,Tata Nexon,COMPLETED,Suresh P
WO-1079,2026-04-21,MH16-YQ-4522,Rajesh Kumar 70,Maruti Swift,COMPLETED,Kiran D
WO-1080,2026-04-21,MH20-VU-9289,Customer 1,Honda City,COMPLETED,Ravi M
WO-1081,2026-04-21,MH14-PE-7790,Customer 72,Hyundai i20,COMPLETED,Ravi M
WO-1082,2026-04-21,MH18-ZS-4925,Customer 44,Hyundai i20,COMPLETED,Suresh P
WO-1083,2026-04-21,MH19-CH-3306,Customer 84,Honda City,COMPLETED,Suresh P
WO-1084,2026-04-21,MH18-DE-5573,Customer 28,Tata Nexon,COMPLETED,Ravi M
WO-1085,2026-04-21,MH12-VK-9688,Customer 11,Tata Nexon,COMPLETED,Ravi M
WO-1086,2026-04-21,MH14-ES-2739,Customer 88,Maruti Swift,COMPLETED,Suresh P
WO-1088,2026-04-21,MH19-XE-1031,Customer 9,Maruti Swift,COMPLETED,Kiran D
WO-1089,2026-04-21,MH16-UM-9866,Customer 97,Maruti Swift,COMPLETED,Ravi M
WO-1090,2026-04-22,MH17-XJ-4447,Customer 73,Maruti Swift,COMPLETED,Kiran D
WO-1091,2026-04-22,MH14-NX-1010,Customer 92,Maruti Swift,COMPLETED,Suresh P
WO-1092,2026-04-22,MH20-KF-9535,Customer 4,Tata Nexon,COMPLETED,Ravi M
WO-1093,2026-04-22,MH15-KC-2889,Rajesh Kumar 120,Tata Nexon,COMPLETED,Suresh P
WO-1094,2026-04-22,MH17-YC-6169,Rajesh Kumar 110,Tata Nexon,COMPLETED,Ravi M
WO-1095,2026-04-22,MH15-NN-2221,Customer 106,Tata Nexon,COMPLETED,Ravi M
WO-1096,2026-04-22,MH19-XT-3839,Customer 71,Tata Nexon,COMPLETED,Ravi M
WO-1097,2026-04-22,MH18-GC-8405,Customer 89,Maruti Swift,COMPLETED,Ravi M
WO-1098,2026-04-22,MH16-KY-1972,Customer 3,Hyundai i20,COMPLETED,Ravi M
WO-1099,2026-04-23,MH16-LS-3523,Customer 41,Tata Nexon,COMPLETED,Suresh P
WO-1100,2026-04-23,MH17-EX-1694,Customer 59,Tata Nexon,COMPLETED,Ravi M
WO-1101,2026-04-23,MH17-GV-3805,Customer 82,Maruti Swift,COMPLETED,Suresh P
WO-1102,2026-04-23,MH14-GY-3551,Customer 68,Hyundai i20,COMPLETED,Ravi M
WO-1103,2026-04-23,MH11-NG-2922,Customer 43,Maruti Swift,COMPLETED,Ravi M
WO-1104,2026-04-23,MH17-BJ-1062,Customer 106,Maruti Swift,COMPLETED,Kiran D
WO-1105,2026-04-23,MH11-IR-9596,Customer 62,Hyundai i20,COMPLETED,Kiran D
WO-1106,2026-04-23,MH16-AL-5420,Rajesh Kumar 40,Maruti Swift,COMPLETED,Suresh P
WO-1107,2026-04-23,MH10-MX-4638,Rajesh Kumar 50,Honda City,COMPLETED,Suresh P
WO-1108,2026-04-24,MH11-WG-5517,Customer 104,Tata Nexon,COMPLETED,Kiran D
WO-1109,2026-04-24,MH18-NN-8306,Customer 34,Maruti Swift,COMPLETED,Suresh P
WO-1110,2026-04-24,MH16-UL-7657,Customer 39,Maruti Swift,COMPLETED,Suresh P
WO-1111,2026-04-24,MH14-RA-9320,Customer 112,Honda City,COMPLETED,Suresh P
WO-1112,2026-04-24,MH17-EQ-5632,Customer 51,Honda City,COMPLETED,Ravi M
WO-1113,2026-04-24,MH15-RU-2889,Rajesh Kumar 105,Tata Nexon,COMPLETED,Suresh P
WO-1114,2026-04-24,MH15-OQ-3606,Customer 109,Tata Nexon,COMPLETED,Kiran D
WO-1115,2026-04-24,MH19-FD-6562,Customer 6,Maruti Swift,COMPLETED,Suresh P
WO-1116,2026-04-25,MH20-MV-4713,Rajesh Kumar 80,Hyundai i20,COMPLETED,Suresh P
WO-1117,2026-04-25,MH10-HW-6226,Customer 28,Hyundai i20,COMPLETED,Ravi M
WO-1118,2026-04-25,MH15-CN-6826,Customer 56,Maruti Swift,COMPLETED,Suresh P
WO-1119,2026-04-25,MH18-KF-6780,Customer 59,Hyundai i20,COMPLETED,Kiran D
WO-1120,2026-04-25,MH14-PJ-5523,Customer 88,Hyundai i20,COMPLETED,Suresh P
WO-1121,2026-04-25,MH13-SX-7661,Rajesh Kumar 95,Honda City,COMPLETED,Ravi M
WO-1122,2026-04-25,MH12-IF-4062,Customer 99,Honda City,COMPLETED,Ravi M
WO-1123,2026-04-25,MH10-XY-9603,Customer 28,Hyundai i20,COMPLETED,Suresh P
WO-1124,2026-04-25,MH19-HD-7249,Customer 104,Tata Nexon,COMPLETED,Suresh P
WO-1125,2026-04-25,MH12-SW-8118,Rajesh Kumar 70,Tata Nexon,COMPLETED,Ravi M
WO-1126,2026-04-26,MH14-ZU-3980,Customer 101,Honda City,COMPLETED,Ravi M
WO-1127,2026-04-26,MH11-QS-5107,Customer 42,Maruti Swift,COMPLETED,Kiran D
WO-1128,2026-04-26,MH20-GE-1257,Rajesh Kumar 30,Hyundai i20,COMPLETED,Suresh P
WO-1129,2026-04-26,MH20-JE-9452,Customer 79,Honda City,COMPLETED,Kiran D
WO-1130,2026-04-26,MH18-EL-2150,Customer 31,Honda City,COMPLETED,Kiran D
WO-1131,2026-04-26,MH12-EP-7165,Customer 31,Maruti Swift,COMPLETED,Kiran D
WO-1132,2026-04-26,MH11-VB-7772,Customer 114,Maruti Swift,COMPLETED,Ravi M
WO-1133,2026-04-26,MH12-ZQ-7450,Customer 32,Hyundai i20,COMPLETED,Suresh P
WO-1134,2026-04-26,MH16-YQ-8657,Customer 41,Tata Nexon,COMPLETED,Ravi M
WO-1135,2026-04-26,MH20-UW-7734,Customer 37,Honda City,COMPLETED,Suresh P
WO-1136,2026-04-26,MH14-AS-1284,Rajesh Kumar 100,Hyundai i20,COMPLETED,Suresh P
WO-1137,2026-04-26,MH14-QL-8738,Customer 68,Hyundai i20,COMPLETED,Kiran D
WO-1139,2026-04-26,MH13-JE-2309,Customer 102,Honda City,COMPLETED,Kiran D
WO-1140,2026-04-27,MH17-OE-2141,Rajesh Kumar 100,Tata Nexon,COMPLETED,Suresh P
WO-1141,2026-04-27,MH11-DG-7433,Customer 84,Honda City,COMPLETED,Kiran D
WO-1142,2026-04-27,MH20-IY-8800,Customer 117,Honda City,COMPLETED,Ravi M
WO-1143,2026-04-27,MH17-HV-7202,Customer 92,Honda City,COMPLETED,Kiran D
WO-1144,2026-04-27,MH12-UY-2635,Customer 88,Hyundai i20,COMPLETED,Suresh P
WO-1145,2026-04-27,MH11-SC-2071,Customer 53,Tata Nexon,COMPLETED,Ravi M
WO-1146,2026-04-27,MH10-PB-7097,Customer 16,Tata Nexon,COMPLETED,Ravi M
WO-1147,2026-04-27,MH15-NG-8577,Customer 76,Tata Nexon,COMPLETED,Kiran D
WO-1148,2026-04-28,MH19-VO-7889,Customer 56,Hyundai i20,COMPLETED,Suresh P
WO-1149,2026-04-28,MH13-ZD-9579,Rajesh Kumar 20,Tata Nexon,COMPLETED,Ravi M
WO-1150,2026-04-28,MH13-NV-1765,Customer 48,Tata Nexon,COMPLETED,Suresh P
WO-1151,2026-04-28,MH19-VC-6064,Rajesh Kumar 70,Tata Nexon,COMPLETED,Ravi M
WO-1152,2026-04-28,MH18-NG-8355,Customer 96,Honda City,COMPLETED,Kiran D
WO-1153,2026-04-28,MH16-ZH-5437,Customer 58,Hyundai i20,COMPLETED,Suresh P
WO-1154,2026-04-28,MH17-KF-5723,Customer 78,Maruti Swift,COMPLETED,Ravi M
WO-1155,2026-04-28,MH20-NP-8066,Customer 63,Honda City,COMPLETED,Kiran D
WO-1156,2026-04-28,MH12-VN-6526,Customer 116,Tata Nexon,COMPLETED,Kiran D
WO-1157,2026-04-28,MH19-UV-6696,Customer 62,Tata Nexon,COMPLETED,Kiran D
WO-1158,2026-04-29,MH16-MN-6664,Customer 21,Hyundai i20,COMPLETED,Kiran D
WO-1159,2026-04-29,MH18-DF-7830,Customer 7,Honda City,COMPLETED,Ravi M
WO-1160,2026-04-29,MH17-UB-3120,Customer 107,Tata Nexon,COMPLETED,Ravi M
WO-1161,2026-04-29,MH20-HR-1058,Customer 103,Honda City,COMPLETED,Ravi M
WO-1162,2026-04-29,MH18-FZ-5177,Customer 59,Honda City,COMPLETED,Ravi M
WO-1163,2026-04-29,MH10-IY-5043,Customer 17,Hyundai i20,COMPLETED,Suresh P
WO-1164,2026-04-29,MH12-TG-9638,Customer 51,Maruti Swift,COMPLETED,Suresh P
WO-1165,2026-04-29,MH11-WF-2162,Customer 91,Maruti Swift,COMPLETED,Suresh P
WO-1166,2026-04-29,MH18-VV-3793,Rajesh Kumar 95,Tata Nexon,COMPLETED,Suresh P
WO-1167,2026-04-29,MH14-KF-8384,Customer 34,Tata Nexon,COMPLETED,Suresh P
WO-1168,2026-04-30,MH20-SN-5946,Customer 31,Maruti Swift,COMPLETED,Suresh P
WO-1169,2026-04-30,MH11-TS-8760,Customer 22,Honda City,COMPLETED,Kiran D
WO-1170,2026-04-30,MH15-FF-6131,Customer 54,Tata Nexon,COMPLETED,Kiran D
WO-1171,2026-04-30,MH18-LY-5058,Customer 38,Honda City,COMPLETED,Ravi M
WO-1172,2026-04-30,MH18-MF-2588,Customer 19,Tata Nexon,COMPLETED,Kiran D
WO-1173,2026-04-30,MH20-RG-8204,Customer 93,Honda City,COMPLETED,Suresh P
WO-1174,2026-04-30,MH18-AD-1921,Customer 104,Tata Nexon,COMPLETED,Ravi M
WO-1175,2026-04-30,MH14-OZ-8253,Customer 36,Hyundai i20,COMPLETED,Suresh P
WO-1176,2026-04-30,MH16-DQ-9494,Customer 118,Tata Nexon,COMPLETED,Ravi M
WO-1177,2026-04-30,MH13-RW-5175,Customer 14,Hyundai i20,COMPLETED,Ravi M
WO-1178,2026-04-30,MH10-BM-7813,Rajesh Kumar 75,Maruti Swift,COMPLETED,Kiran D
WO-1179,2026-04-30,MH12-HY-1741,Rajesh Kumar 35,Hyundai i20,COMPLETED,Kiran D
WO-1180,2026-05-01,MH17-JP-7101,Customer 32,Hyundai i20,COMPLETED,Suresh P
WO-1181,2026-05-01,MH12-CP-2517,Customer 8,Tata Nexon,COMPLETED,Ravi M
WO-1182,2026-05-01,MH15-UW-6574,Customer 61,Maruti Swift,COMPLETED,Ravi M
WO-1183,2026-05-01,MH14-RT-6989,Customer 57,Tata Nexon,COMPLETED,Ravi M
WO-1184,2026-05-01,MH19-JW-4274,Customer 18,Hyundai i20,COMPLETED,Kiran D
WO-1185,2026-05-01,MH10-ST-5140,Rajesh Kumar 45,Tata Nexon,COMPLETED,Kiran D
WO-1186,2026-05-01,MH17-JS-5693,Rajesh Kumar 110,Tata Nexon,COMPLETED,Suresh P
WO-1187,2026-05-02,MH13-HN-1944,Customer 57,Maruti Swift,COMPLETED,Suresh P
WO-1188,2026-05-02,MH11-RP-9070,Rajesh Kumar 15,Honda City,COMPLETED,Kiran D
WO-1189,2026-05-02,MH20-YO-9918,Customer 119,Hyundai i20,COMPLETED,Kiran D
WO-1190,2026-05-02,MH10-QG-9336,Rajesh Kumar 55,Maruti Swift,COMPLETED,Kiran D
WO-1191,2026-05-02,MH13-AM-7053,Rajesh Kumar 40,Maruti Swift,COMPLETED,Ravi M
WO-1192,2026-05-02,MH10-AD-8541,Customer 66,Tata Nexon,COMPLETED,Suresh P
WO-1193,2026-05-02,MH14-WJ-3226,Rajesh Kumar 15,Hyundai i20,COMPLETED,Suresh P
WO-1194,2026-05-02,MH20-GO-3561,Customer 98,Honda City,COMPLETED,Kiran D
WO-1195,2026-05-02,MH16-IS-2789,Customer 84,Tata Nexon,COMPLETED,Ravi M
WO-1196,2026-05-02,MH16-GX-6645,Customer 102,Maruti Swift,COMPLETED,Ravi M
WO-1197,2026-05-02,MH15-GT-8351,Customer 26,Hyundai i20,COMPLETED,Ravi M
WO-1198,2026-05-02,MH11-JS-1138,Rajesh Kumar 55,Hyundai i20,COMPLETED,Kiran D
WO-1199,2026-05-02,MH10-RD-4466,Rajesh Kumar 115,Tata Nexon,COMPLETED,Kiran D
WO-1200,2026-05-03,MH17-LV-9341,Customer 101,Hyundai i20,COMPLETED,Ravi M
WO-1201,2026-05-03,MH14-XY-5292,Rajesh Kumar 80,Tata Nexon,COMPLETED,Suresh P
WO-1202,2026-05-03,MH12-QV-5304,Customer 32,Tata Nexon,COMPLETED,Ravi M
WO-1203,2026-05-03,MH13-YS-3564,Rajesh Kumar 45,Honda City,COMPLETED,Suresh P
WO-1204,2026-05-03,MH16-CN-9542,Customer 27,Hyundai i20,COMPLETED,Suresh P
WO-1205,2026-05-03,MH19-WW-5895,Rajesh Kumar 50,Tata Nexon,COMPLETED,Suresh P
WO-1206,2026-05-03,MH14-BC-7254,Customer 119,Tata Nexon,COMPLETED,Kiran D
WO-1207,2026-05-03,MH14-GZ-6389,Rajesh Kumar 25,Maruti Swift,COMPLETED,Suresh P
WO-1208,2026-05-03,MH17-EW-7195,Rajesh Kumar 70,Hyundai i20,COMPLETED,Ravi M
WO-1209,2026-05-04,MH13-TW-3131,Customer 34,Hyundai i20,COMPLETED,Kiran D
WO-1210,2026-05-04,MH10-GC-1282,Customer 62,Maruti Swift,COMPLETED,Kiran D
WO-1211,2026-05-04,MH13-BX-8223,Customer 28,Honda City,COMPLETED,Kiran D
WO-1212,2026-05-04,MH19-MF-9287,Customer 57,Maruti Swift,COMPLETED,Ravi M
WO-1213,2026-05-04,MH19-EL-1647,Customer 12,Tata Nexon,COMPLETED,Ravi M
WO-1214,2026-05-04,MH20-DF-5339,Customer 72,Honda City,COMPLETED,Kiran D
WO-1215,2026-05-04,MH15-TX-2620,Rajesh Kumar 75,Tata Nexon,COMPLETED,Kiran D
WO-1216,2026-05-04,MH18-LS-8178,Customer 19,Maruti Swift,COMPLETED,Kiran D
WO-1217,2026-05-04,MH13-FU-6717,Rajesh Kumar 55,Tata Nexon,COMPLETED,Suresh P
WO-1218,2026-05-04,MH16-UF-4626,Rajesh Kumar 100,Hyundai i20,COMPLETED,Suresh P
WO-1219,2026-05-05,MH10-PI-1197,Customer 3,Honda City,COMPLETED,Ravi M
WO-1220,2026-05-05,MH12-JW-4544,Customer 119,Hyundai i20,COMPLETED,Suresh P
WO-1221,2026-05-05,MH15-JW-6694,Customer 117,Tata Nexon,COMPLETED,Ravi M
WO-1222,2026-05-05,MH17-NC-1045,Customer 62,Hyundai i20,COMPLETED,Ravi M
WO-1223,2026-05-05,MH10-YC-8895,Customer 14,Tata Nexon,COMPLETED,Suresh P
WO-1224,2026-05-05,MH10-LZ-3632,Rajesh Kumar 70,Maruti Swift,COMPLETED,Kiran D
WO-1225,2026-05-05,MH10-CQ-3431,Customer 24,Hyundai i20,COMPLETED,Kiran D
WO-1226,2026-05-05,MH20-PN-6150,Customer 119,Tata Nexon,COMPLETED,Kiran D
WO-1227,2026-05-05,MH11-AX-3351,Customer 24,Maruti Swift,COMPLETED,Ravi M
WO-1228,2026-05-06,MH15-AZ-2181,Customer 49,Maruti Swift,COMPLETED,Ravi M
WO-1229,2026-05-06,MH19-XN-8779,Customer 42,Honda City,COMPLETED,Ravi M
WO-1230,2026-05-06,MH12-GX-6155,Customer 52,Honda City,COMPLETED,Kiran D
WO-1231,2026-05-06,MH10-DU-5971,Customer 67,Honda City,COMPLETED,Kiran D
WO-1232,2026-05-06,MH12-YV-9218,Customer 111,Hyundai i20,COMPLETED,Kiran D
WO-1233,2026-05-06,MH20-DE-3388,Customer 94,Tata Nexon,COMPLETED,Ravi M
WO-1234,2026-05-06,MH17-TW-8484,Rajesh Kumar 15,Honda City,COMPLETED,Ravi M
WO-1235,2026-05-06,MH15-QL-3788,Customer 38,Honda City,COMPLETED,Suresh P
WO-1236,2026-05-06,MH18-IY-4425,Rajesh Kumar 20,Tata Nexon,COMPLETED,Kiran D
WO-1237,2026-05-06,MH17-DH-4179,Customer 116,Tata Nexon,COMPLETED,Kiran D
WO-1238,2026-05-07,MH16-AH-9447,Customer 2,Hyundai i20,COMPLETED,Ravi M
WO-1239,2026-05-07,MH17-AY-7290,Customer 102,Maruti Swift,COMPLETED,Suresh P
WO-1240,2026-05-07,MH15-FQ-8136,Customer 118,Maruti Swift,COMPLETED,Suresh P
WO-1241,2026-05-07,MH20-SC-5254,Customer 26,Honda City,COMPLETED,Ravi M
WO-1242,2026-05-07,MH13-UE-9368,Customer 99,Honda City,COMPLETED,Kiran D
WO-1243,2026-05-07,MH12-XE-9124,Customer 71,Tata Nexon,COMPLETED,Ravi M
WO-1244,2026-05-07,MH19-FU-4359,Rajesh Kumar 35,Tata Nexon,COMPLETED,Kiran D
WO-1245,2026-05-07,MH19-VK-8518,Rajesh Kumar 10,Tata Nexon,COMPLETED,Kiran D
WO-1246,2026-05-07,MH12-RZ-6000,Customer 78,Hyundai i20,COMPLETED,Kiran D
WO-1247,2026-05-07,MH17-OP-2079,Customer 116,Tata Nexon,COMPLETED,Kiran D
WO-1248,2026-05-07,MH18-QK-2586,Customer 57,Honda City,COMPLETED,Ravi M
WO-1249,2026-05-08,MH10-BX-2686,Customer 63,Maruti Swift,COMPLETED,Kiran D
WO-1250,2026-05-08,MH10-QW-8332,Customer 31,Honda City,COMPLETED,Kiran D
WO-1251,2026-05-08,MH17-ZK-2674,Rajesh Kumar 45,Tata Nexon,COMPLETED,Ravi M
WO-1252,2026-05-08,MH13-AH-9802,Customer 104,Maruti Swift,COMPLETED,Suresh P
WO-1253,2026-05-08,MH18-EK-3696,Customer 113,Maruti Swift,COMPLETED,Kiran D
WO-1254,2026-05-08,MH13-SR-2160,Customer 91,Tata Nexon,COMPLETED,Kiran D
WO-1255,2026-05-08,MH16-PI-3409,Customer 44,Tata Nexon,COMPLETED,Ravi M
WO-1256,2026-05-08,MH16-II-6669,Customer 49,Hyundai i20,COMPLETED,Ravi M
WO-1257,2026-05-08,MH10-PY-1065,Customer 72,Maruti Swift,COMPLETED,Kiran D
WO-1258,2026-05-08,MH20-BD-3450,Rajesh Kumar 55,Maruti Swift,COMPLETED,Ravi M
WO-1259,2026-05-09,MH17-DF-5957,Customer 11,Honda City,COMPLETED,Kiran D
WO-1260,2026-05-09,MH14-MJ-1355,Customer 101,Tata Nexon,COMPLETED,Suresh P
WO-1261,2026-05-09,MH11-WT-2897,Customer 79,Tata Nexon,COMPLETED,Ravi M
WO-1262,2026-05-09,MH19-MF-1555,Rajesh Kumar 65,Hyundai i20,COMPLETED,Ravi M
WO-1263,2026-05-09,MH17-GY-4556,Customer 38,Maruti Swift,COMPLETED,Kiran D
WO-1264,2026-05-09,MH20-XW-3647,Customer 11,Hyundai i20,COMPLETED,Suresh P
WO-1265,2026-05-09,MH19-EY-4289,Customer 2,Maruti Swift,COMPLETED,Kiran D
WO-1266,2026-05-09,MH13-OR-1095,Customer 83,Tata Nexon,COMPLETED,Ravi M
WO-1267,2026-05-09,MH17-SK-4739,Customer 4,Honda City,COMPLETED,Kiran D
WO-1268,2026-05-09,MH10-JM-2633,Customer 112,Hyundai i20,COMPLETED,Kiran D
WO-1269,2026-05-10,MH11-XO-3760,Rajesh Kumar 20,Tata Nexon,COMPLETED,Ravi M
WO-1270,2026-05-10,MH12-IG-9225,Rajesh Kumar 80,Hyundai i20,COMPLETED,Suresh P
WO-1271,2026-05-10,MH14-ZN-3379,Customer 38,Tata Nexon,COMPLETED,Suresh P
WO-1272,2026-05-10,MH10-PA-9089,Customer 34,Maruti Swift,COMPLETED,Ravi M
WO-1273,2026-05-10,MH16-GC-9789,Customer 54,Maruti Swift,COMPLETED,Ravi M
WO-1274,2026-05-10,MH19-RH-2544,Customer 2,Honda City,COMPLETED,Kiran D
WO-1275,2026-05-10,MH20-BM-3846,Customer 39,Tata Nexon,COMPLETED,Kiran D
WO-1276,2026-05-10,MH16-MG-6317,Customer 102,Maruti Swift,COMPLETED,Ravi M
WO-1277,2026-05-10,MH12-XA-2038,Customer 59,Tata Nexon,COMPLETED,Suresh P
WO-1278,2026-05-10,MH20-OX-1974,Customer 42,Maruti Swift,COMPLETED,Suresh P
WO-1279,2026-05-10,MH15-KT-6053,Customer 56,Hyundai i20,COMPLETED,Ravi M
WO-1280,2026-05-11,MH18-KU-8474,Rajesh Kumar 90,Hyundai i20,COMPLETED,Ravi M
WO-1281,2026-05-11,MH14-BH-5064,Customer 53,Honda City,COMPLETED,Suresh P
WO-1282,2026-05-11,MH16-KU-4618,Rajesh Kumar 25,Maruti Swift,COMPLETED,Kiran D
WO-1283,2026-05-11,MH12-UY-1525,Customer 7,Honda City,COMPLETED,Ravi M
WO-1284,2026-05-11,MH17-CY-3584,Customer 39,Honda City,COMPLETED,Ravi M
WO-1285,2026-05-11,MH13-GD-2725,Customer 7,Tata Nexon,COMPLETED,Ravi M
WO-1286,2026-05-11,MH13-IB-7242,Customer 37,Tata Nexon,COMPLETED,Ravi M
WO-1287,2026-05-11,MH15-UG-9285,Customer 63,Honda City,COMPLETED,Ravi M
WO-1288,2026-05-11,MH16-GP-3398,Customer 49,Maruti Swift,COMPLETED,Ravi M
WO-1289,2026-05-11,MH10-LC-5902,Customer 78,Hyundai i20,COMPLETED,Kiran D
WO-1290,2026-05-12,MH18-NI-6792,Customer 77,Hyundai i20,COMPLETED,Ravi M
WO-1291,2026-05-12,MH12-HD-7775,Customer 34,Honda City,COMPLETED,Suresh P
WO-1292,2026-05-12,MH10-QR-6186,Customer 91,Hyundai i20,COMPLETED,Kiran D
WO-1294,2026-05-12,MH19-JB-1135,Customer 49,Tata Nexon,COMPLETED,Kiran D
WO-1295,2026-05-12,MH14-IN-8132,Customer 62,Tata Nexon,COMPLETED,Suresh P
WO-1296,2026-05-12,MH15-SD-4202,Customer 26,Tata Nexon,COMPLETED,Ravi M
WO-1297,2026-05-12,MH14-BM-5574,Rajesh Kumar 40,Hyundai i20,COMPLETED,Suresh P
WO-1298,2026-05-12,MH16-UB-7705,Rajesh Kumar 20,Hyundai i20,COMPLETED,Kiran D
WO-1299,2026-05-13,MH16-MD-6926,Customer 41,Hyundai i20,COMPLETED,Suresh P
WO-1300,2026-05-13,MH12-KA-3450,Customer 34,Maruti Swift,COMPLETED,Suresh P
WO-1301,2026-05-13,MH12-BG-5725,Customer 116,Honda City,COMPLETED,Kiran D
WO-1302,2026-05-13,MH13-OM-2134,Rajesh Kumar 75,Maruti Swift,COMPLETED,Kiran D
WO-1303,2026-05-13,MH16-BD-6592,Customer 57,Honda City,COMPLETED,Ravi M
WO-1304,2026-05-13,MH11-CH-7337,Customer 111,Hyundai i20,COMPLETED,Suresh P
WO-1305,2026-05-13,MH16-CC-5177,Rajesh Kumar 20,Honda City,COMPLETED,Suresh P
WO-1306,2026-05-13,MH13-JY-7354,Customer 42,Maruti Swift,COMPLETED,Kiran D
WO-1307,2026-05-13,MH10-PI-2229,Customer 84,Tata Nexon,COMPLETED,Suresh P
WO-1308,2026-05-14,MH13-NT-4109,Rajesh Kumar 115,Honda City,COMPLETED,Kiran D
WO-1309,2026-05-14,MH19-TY-4896,Customer 88,Honda City,COMPLETED,Ravi M
WO-1310,2026-05-14,MH14-RZ-1283,Customer 44,Honda City,COMPLETED,Suresh P
WO-1311,2026-05-14,MH12-JN-6376,Rajesh Kumar 80,Tata Nexon,COMPLETED,Ravi M
WO-1312,2026-05-14,MH17-UJ-6445,Customer 19,Maruti Swift,COMPLETED,Suresh P
WO-1313,2026-05-14,MH16-TW-7248,Customer 79,Maruti Swift,COMPLETED,Suresh P
WO-1314,2026-05-14,MH11-FM-1750,Rajesh Kumar 105,Tata Nexon,COMPLETED,Suresh P
WO-1315,2026-05-14,MH12-IA-8236,Customer 71,Honda City,COMPLETED,Suresh P
WO-1316,2026-05-14,MH13-XD-6391,Customer 39,Tata Nexon,COMPLETED,Ravi M
WO-1317,2026-05-14,MH13-UB-6739,Customer 17,Hyundai i20,COMPLETED,Ravi M
WO-1318,2026-05-15,MH19-PA-7108,Rajesh Kumar 90,Maruti Swift,COMPLETED,Suresh P
WO-1319,2026-05-15,MH14-RA-4240,Customer 106,Honda City,COMPLETED,Ravi M
WO-1320,2026-05-15,MH11-EA-5087,Customer 82,Tata Nexon,COMPLETED,Suresh P
WO-1321,2026-05-15,MH14-WU-6107,Rajesh Kumar 95,Hyundai i20,COMPLETED,Ravi M
WO-1322,2026-05-15,MH11-MP-3186,Customer 58,Maruti Swift,COMPLETED,Ravi M
WO-1323,2026-05-15,MH14-VF-6621,Customer 62,Maruti Swift,COMPLETED,Suresh P
WO-1324,2026-05-15,MH14-BY-3260,Customer 106,Maruti Swift,COMPLETED,Suresh P
WO-1325,2026-05-15,MH10-PN-5323,Customer 38,Tata Nexon,COMPLETED,Kiran D
WO-1326,2026-05-15,MH10-NC-4873,Rajesh Kumar 80,Maruti Swift,COMPLETED,Suresh P
WO-1327,2026-05-16,MH20-XR-8450,Rajesh Kumar 50,Maruti Swift,COMPLETED,Kiran D
WO-1328,2026-05-16,MH11-LX-8612,Customer 43,Tata Nexon,COMPLETED,Ravi M
WO-1329,2026-05-16,MH14-XD-9344,Customer 81,Tata Nexon,COMPLETED,Ravi M
WO-1330,2026-05-16,MH11-LE-3423,Customer 1,Honda City,COMPLETED,Suresh P
WO-1331,2026-05-16,MH10-VJ-9741,Customer 19,Hyundai i20,COMPLETED,Kiran D
WO-1332,2026-05-16,MH10-QI-9780,Customer 49,Tata Nexon,COMPLETED,Kiran D
WO-1333,2026-05-16,MH16-XV-8028,Rajesh Kumar 85,Tata Nexon,COMPLETED,Suresh P
WO-1334,2026-05-16,MH14-HW-2332,Customer 33,Hyundai i20,COMPLETED,Suresh P
WO-1337,2026-05-17,MH17-BL-9959,Customer 102,Tata Nexon,COMPLETED,Kiran D
WO-1338,2026-05-17,MH13-KC-9783,Rajesh Kumar 90,Honda City,COMPLETED,Kiran D
WO-1339,2026-05-17,MH10-OI-6843,Customer 99,Hyundai i20,COMPLETED,Ravi M
WO-1340,2026-05-17,MH18-QW-7113,Customer 13,Hyundai i20,COMPLETED,Kiran D
WO-1341,2026-05-17,MH20-DH-7475,Customer 47,Honda City,COMPLETED,Suresh P
WO-1342,2026-05-17,MH17-TF-2309,Customer 102,Honda City,COMPLETED,Kiran D
WO-1343,2026-05-18,MH17-UL-2116,Customer 82,Maruti Swift,COMPLETED,Kiran D
WO-1344,2026-05-18,MH13-RK-7553,Customer 23,Maruti Swift,COMPLETED,Suresh P
WO-1345,2026-05-18,MH12-RO-3533,Customer 109,Honda City,COMPLETED,Ravi M
WO-1346,2026-05-18,MH19-TR-6082,Customer 93,Tata Nexon,COMPLETED,Suresh P
WO-1347,2026-05-18,MH13-BD-5247,Customer 113,Maruti Swift,COMPLETED,Suresh P
WO-1348,2026-05-18,MH20-EI-7491,Customer 71,Maruti Swift,COMPLETED,Kiran D
WO-1349,2026-05-19,MH18-FO-8330,Customer 21,Maruti Swift,COMPLETED,Suresh P
WO-1350,2026-05-19,MH16-MD-4892,Customer 21,Honda City,COMPLETED,Ravi M
WO-1351,2026-05-19,MH15-HX-8348,Customer 113,Honda City,COMPLETED,Suresh P
WO-1352,2026-05-19,MH14-EU-7065,Rajesh Kumar 60,Tata Nexon,COMPLETED,Suresh P
WO-1353,2026-05-19,MH11-VE-4448,Customer 22,Honda City,COMPLETED,Suresh P
WO-1354,2026-05-19,MH11-XJ-2336,Customer 54,Tata Nexon,COMPLETED,Ravi M
WO-1355,2026-05-19,MH10-WP-8409,Customer 99,Honda City,COMPLETED,Kiran D
WO-1356,2026-05-19,MH20-PU-1987,Customer 61,Honda City,COMPLETED,Kiran D
WO-1357,2026-05-19,MH18-GG-4927,Customer 7,Hyundai i20,COMPLETED,Suresh P
WO-1358,2026-05-19,MH14-YE-4622,Customer 9,Maruti Swift,COMPLETED,Suresh P
WO-1359,2026-05-20,MH12-FT-4931,Customer 48,Maruti Swift,COMPLETED,Suresh P
WO-1360,2026-05-20,MH17-JH-6427,Customer 31,Honda City,COMPLETED,Suresh P
WO-1361,2026-05-20,MH13-OL-8075,Customer 17,Maruti Swift,COMPLETED,Suresh P
WO-1363,2026-05-20,MH12-FN-4235,Customer 7,Tata Nexon,COMPLETED,Ravi M
WO-1364,2026-05-20,MH20-EX-1934,Customer 67,Tata Nexon,COMPLETED,Ravi M
WO-1365,2026-05-21,MH12-XY-3003,Customer 87,Tata Nexon,COMPLETED,Suresh P
WO-1366,2026-05-21,MH15-ZD-2014,Customer 37,Tata Nexon,COMPLETED,Ravi M
WO-1367,2026-05-21,MH14-KG-8399,Customer 59,Honda City,COMPLETED,Ravi M
WO-1368,2026-05-21,MH19-TI-4171,Customer 79,Tata Nexon,COMPLETED,Suresh P
WO-1369,2026-05-21,MH13-PR-5405,Customer 22,Maruti Swift,COMPLETED,Ravi M
WO-1370,2026-05-21,MH10-DB-6526,Customer 46,Tata Nexon,COMPLETED,Ravi M
WO-1371,2026-05-21,MH17-VS-7225,Customer 12,Maruti Swift,COMPLETED,Kiran D
WO-1372,2026-05-21,MH11-CC-8496,Customer 78,Tata Nexon,COMPLETED,Ravi M
WO-1373,2026-05-21,MH15-KK-4687,Customer 61,Tata Nexon,COMPLETED,Ravi M
WO-1374,2026-05-21,MH11-JA-8229,Customer 24,Tata Nexon,COMPLETED,Suresh P
WO-1375,2026-05-21,MH15-SI-3270,Customer 63,Hyundai i20,COMPLETED,Suresh P
WO-1376,2026-05-21,MH13-YB-7096,Customer 1,Tata Nexon,COMPLETED,Ravi M
WO-1377,2026-05-22,MH10-NG-9538,Customer 17,Tata Nexon,COMPLETED,Suresh P
WO-1378,2026-05-22,MH17-CZ-8467,Customer 93,Honda City,COMPLETED,Ravi M
WO-1379,2026-05-22,MH20-QT-4875,Customer 21,Tata Nexon,COMPLETED,Kiran D
WO-1380,2026-05-22,MH14-BY-4661,Customer 53,Honda City,COMPLETED,Kiran D
WO-1381,2026-05-22,MH15-UB-6698,Customer 86,Maruti Swift,COMPLETED,Suresh P
WO-1382,2026-05-22,MH19-KQ-6081,Customer 84,Maruti Swift,COMPLETED,Kiran D
WO-1383,2026-05-22,MH10-SS-5611,Customer 2,Tata Nexon,COMPLETED,Suresh P
WO-1384,2026-05-22,MH14-PV-2342,Customer 114,Hyundai i20,COMPLETED,Kiran D
WO-1385,2026-05-22,MH15-FY-4511,Customer 58,Hyundai i20,COMPLETED,Kiran D
WO-1386,2026-05-22,MH12-GO-5636,Rajesh Kumar 115,Hyundai i20,COMPLETED,Kiran D
WO-1387,2026-05-22,MH18-BM-5558,Customer 74,Hyundai i20,COMPLETED,Ravi M
WO-1388,2026-05-23,MH14-BF-1595,Customer 92,Honda City,COMPLETED,Suresh P
WO-1389,2026-05-23,MH20-MB-1774,Customer 27,Honda City,COMPLETED,Suresh P
WO-1390,2026-05-23,MH15-RS-2513,Rajesh Kumar 35,Maruti Swift,COMPLETED,Kiran D
WO-1391,2026-05-23,MH18-WG-8228,Customer 13,Honda City,COMPLETED,Kiran D
WO-1392,2026-05-23,MH18-QX-1772,Customer 34,Maruti Swift,COMPLETED,Ravi M
WO-1393,2026-05-23,MH13-BU-9893,Customer 63,Tata Nexon,COMPLETED,Kiran D
WO-1394,2026-05-23,MH11-SQ-2528,Customer 98,Honda City,COMPLETED,Ravi M
WO-1395,2026-05-23,MH16-EZ-7726,Rajesh Kumar 110,Tata Nexon,COMPLETED,Kiran D
WO-1396,2026-05-23,MH12-XQ-6151,Customer 33,Hyundai i20,COMPLETED,Kiran D
WO-1397,2026-05-23,MH11-LW-7813,Customer 101,Maruti Swift,COMPLETED,Ravi M
WO-1398,2026-05-23,MH14-ND-1635,Customer 12,Maruti Swift,COMPLETED,Kiran D
WO-1399,2026-05-24,MH19-NY-5253,Customer 118,Honda City,COMPLETED,Kiran D
WO-1400,2026-05-24,MH10-LD-4205,Customer 19,Maruti Swift,COMPLETED,Kiran D
WO-1401,2026-05-24,MH16-AN-2945,Customer 108,Tata Nexon,COMPLETED,Ravi M
WO-1402,2026-05-24,MH12-NV-8354,Customer 108,Honda City,COMPLETED,Ravi M
WO-1403,2026-05-24,MH14-VJ-7425,Customer 74,Maruti Swift,COMPLETED,Kiran D
WO-1404,2026-05-24,MH15-YC-5315,Customer 78,Honda City,COMPLETED,Kiran D
WO-1405,2026-05-24,MH16-LD-5981,Customer 84,Honda City,COMPLETED,Ravi M
WO-1406,2026-05-24,MH19-CG-5365,Customer 39,Honda City,COMPLETED,Suresh P
WO-1407,2026-05-24,MH10-EY-1197,Customer 41,Hyundai i20,COMPLETED,Suresh P
WO-1408,2026-05-24,MH20-MM-5310,Customer 98,Maruti Swift,COMPLETED,Suresh P
WO-1409,2026-05-24,MH10-ZT-1577,Customer 46,Honda City,COMPLETED,Suresh P
WO-1410,2026-05-24,MH15-TE-9234,Customer 83,Maruti Swift,COMPLETED,Suresh P
WO-1411,2026-05-24,MH12-ZR-4611,Customer 88,Hyundai i20,COMPLETED,Ravi M
WO-1412,2026-05-24,MH17-YZ-8220,Customer 12,Maruti Swift,COMPLETED,Ravi M
WO-1413,2026-05-25,MH18-QE-1000,Customer 108,Honda City,COMPLETED,Suresh P
WO-1414,2026-05-25,MH18-ZS-2723,Customer 79,Maruti Swift,COMPLETED,Ravi M
WO-1415,2026-05-25,MH13-KD-5234,Customer 3,Honda City,COMPLETED,Ravi M
WO-1416,2026-05-25,MH16-ZX-2132,Customer 82,Honda City,COMPLETED,Ravi M
WO-1418,2026-05-25,MH14-XJ-6067,Customer 24,Tata Nexon,COMPLETED,Suresh P
WO-1419,2026-05-26,MH16-KI-9139,Rajesh Kumar 35,Tata Nexon,COMPLETED,Kiran D
WO-1420,2026-05-26,MH17-IM-7596,Customer 94,Hyundai i20,COMPLETED,Suresh P
WO-1421,2026-05-26,MH20-WA-3377,Customer 33,Maruti Swift,COMPLETED,Ravi M
WO-1422,2026-05-26,MH19-UT-6939,Customer 69,Maruti Swift,COMPLETED,Ravi M
WO-1423,2026-05-26,MH11-NL-9226,Customer 13,Hyundai i20,COMPLETED,Suresh P
WO-1424,2026-05-26,MH18-QH-8804,Rajesh Kumar 95,Hyundai i20,COMPLETED,Suresh P
WO-1425,2026-05-26,MH16-WI-9828,Customer 63,Maruti Swift,COMPLETED,Kiran D
WO-1426,2026-05-26,MH12-CI-3826,Customer 39,Hyundai i20,COMPLETED,Ravi M
WO-1427,2026-05-26,MH20-FU-9464,Customer 28,Maruti Swift,COMPLETED,Kiran D
WO-1428,2026-05-26,MH14-ET-1124,Customer 3,Honda City,COMPLETED,Suresh P
WO-1430,2026-05-27,MH10-UO-5228,Customer 106,Tata Nexon,COMPLETED,Suresh P
WO-1431,2026-05-27,MH10-FJ-7684,Customer 73,Maruti Swift,COMPLETED,Kiran D
WO-1432,2026-05-27,MH19-RU-3360,Customer 68,Maruti Swift,COMPLETED,Kiran D
WO-1433,2026-05-27,MH13-GO-4782,Customer 11,Tata Nexon,COMPLETED,Ravi M
WO-1434,2026-05-27,MH19-OO-6198,Rajesh Kumar 30,Maruti Swift,COMPLETED,Ravi M
WO-1435,2026-05-27,MH19-WX-8476,Customer 16,Maruti Swift,COMPLETED,Kiran D
WO-1436,2026-05-27,MH12-TE-2075,Customer 112,Hyundai i20,COMPLETED,Suresh P
WO-1437,2026-05-27,MH17-XS-9852,Customer 93,Tata Nexon,COMPLETED,Suresh P
WO-1438,2026-05-27,MH12-JD-9063,Customer 31,Tata Nexon,COMPLETED,Ravi M
WO-1439,2026-05-27,MH12-RT-3855,Customer 101,Honda City,COMPLETED,Suresh P
WO-1440,2026-05-28,MH14-UT-1892,Customer 21,Maruti Swift,COMPLETED,Ravi M
WO-1441,2026-05-28,MH18-ZI-7662,Customer 11,Hyundai i20,COMPLETED,Suresh P
WO-1442,2026-05-28,MH14-GN-7727,Customer 21,Hyundai i20,COMPLETED,Kiran D
WO-1443,2026-05-28,MH20-BQ-8101,Customer 4,Maruti Swift,COMPLETED,Suresh P
WO-1445,2026-05-28,MH12-GE-7333,Customer 49,Honda City,COMPLETED,Ravi M
WO-1446,2026-05-28,MH18-LK-8173,Customer 9,Maruti Swift,COMPLETED,Kiran D
WO-1447,2026-05-28,MH18-FU-9667,Customer 36,Tata Nexon,COMPLETED,Kiran D
WO-1448,2026-05-28,MH11-UL-3148,Customer 102,Hyundai i20,COMPLETED,Ravi M
WO-1449,2026-05-28,MH13-HR-5236,Customer 33,Maruti Swift,COMPLETED,Kiran D
WO-1450,2026-05-28,MH19-JM-3942,Customer 23,Honda City,COMPLETED,Suresh P
WO-1451,2026-05-28,MH17-AB-3923,Customer 117,Hyundai i20,COMPLETED,Ravi M
WO-1452,2026-05-29,MH14-LJ-9497,Customer 117,Hyundai i20,COMPLETED,Ravi M
WO-1453,2026-05-29,MH15-PN-6940,Customer 89,Maruti Swift,COMPLETED,Suresh P
WO-1454,2026-05-29,MH15-QD-4078,Customer 101,Honda City,COMPLETED,Suresh P
WO-1455,2026-05-29,MH18-QQ-1124,Customer 79,Honda City,COMPLETED,Kiran D
WO-1456,2026-05-29,MH17-HU-6356,Customer 34,Tata Nexon,COMPLETED,Ravi M
WO-1457,2026-05-29,MH13-IF-8238,Customer 48,Maruti Swift,COMPLETED,Kiran D
WO-1458,2026-05-29,MH15-DC-6942,Customer 19,Tata Nexon,COMPLETED,Suresh P
WO-1459,2026-05-29,MH18-FW-3826,Customer 118,Maruti Swift,COMPLETED,Kiran D
WO-1460,2026-05-29,MH20-PK-4623,Customer 87,Honda City,COMPLETED,Ravi M
WO-1461,2026-05-30,MH11-WW-6074,Customer 109,Maruti Swift,COMPLETED,Ravi M
WO-1462,2026-05-30,MH20-MK-4892,Customer 89,Hyundai i20,COMPLETED,Kiran D
WO-1463,2026-05-30,MH18-GA-9749,Customer 21,Honda City,COMPLETED,Suresh P
WO-1464,2026-05-30,MH20-GD-4689,Customer 79,Tata Nexon,COMPLETED,Ravi M
WO-1465,2026-05-30,MH15-CS-4681,Customer 114,Honda City,COMPLETED,Kiran D
WO-1466,2026-05-30,MH16-IC-4684,Customer 36,Hyundai i20,COMPLETED,Kiran D
WO-1467,2026-05-30,MH10-QM-9713,Customer 16,Honda City,COMPLETED,Kiran D
WO-1468,2026-05-30,MH14-FI-1883,Customer 101,Honda City,COMPLETED,Ravi M
WO-1469,2026-05-30,MH16-CB-8759,Customer 46,Honda City,COMPLETED,Suresh P
WO-1470,2026-05-30,MH14-ZE-2217,Rajesh Kumar 110,Maruti Swift,COMPLETED,Suresh P
WO-1471,2026-05-30,MH14-PC-2369,Customer 27,Honda City,COMPLETED,Ravi M
WO-1472,2026-05-30,MH18-YA-5348,Customer 64,Honda City,COMPLETED,Suresh P
WO-1473,2026-05-30,MH13-IJ-7258,Customer 34,Hyundai i20,COMPLETED,Kiran D
WO-1474,2026-05-30,MH14-RS-3307,Customer 111,Hyundai i20,COMPLETED,Suresh P
WO-1475,2026-05-31,MH20-SW-6566,Customer 7,Honda City,COMPLETED,Suresh P
WO-1476,2026-05-31,MH16-LI-6991,Customer 34,Maruti Swift,COMPLETED,Ravi M
WO-1477,2026-05-31,MH13-EU-7373,Rajesh Kumar 65,Honda City,COMPLETED,Kiran D
WO-1478,2026-05-31,MH11-VC-5921,Customer 22,Hyundai i20,COMPLETED,Suresh P
WO-1479,2026-05-31,MH16-VC-4152,Customer 48,Hyundai i20,COMPLETED,Suresh P
WO-1480,2026-05-31,MH13-UP-2307,Customer 96,Hyundai i20,COMPLETED,Kiran D
WO-1481,2026-05-31,MH20-RU-6556,Customer 113,Tata Nexon,COMPLETED,Suresh P
WO-1482,2026-05-31,MH12-FO-1542,Customer 42,Honda City,COMPLETED,Ravi M
WO-1483,2026-05-31,MH11-NI-1053,Rajesh Kumar 70,Honda City,COMPLETED,Suresh P
WO-1484,2026-05-31,MH17-RW-3946,Customer 114,Maruti Swift,COMPLETED,Kiran D
WO-1485,2026-05-31,MH20-PO-5942,Customer 97,Hyundai i20,COMPLETED,Kiran D
WO-1486,2026-05-31,MH17-AE-7407,Rajesh Kumar 75,Tata Nexon,COMPLETED,Ravi M
WO-1487,2026-05-31,MH20-UW-3409,Customer 68,Hyundai i20,COMPLETED,Suresh P
WO-1488,2026-05-31,MH18-GF-7627,Customer 67,Hyundai i20,COMPLETED,Suresh P
WO-1489,2026-06-01,MH15-LS-3250,Customer 111,Tata Nexon,COMPLETED,Kiran D
WO-1490,2026-06-01,MH17-EF-7737,Customer 111,Maruti Swift,COMPLETED,Suresh P
WO-1491,2026-06-01,MH17-IW-1858,Rajesh Kumar 105,Honda City,COMPLETED,Ravi M
WO-1492,2026-06-01,MH20-SW-6863,Rajesh Kumar 40,Hyundai i20,COMPLETED,Ravi M
WO-1493,2026-06-01,MH12-JT-8833,Customer 88,Maruti Swift,COMPLETED,Kiran D
WO-1495,2026-06-02,MH16-VX-7123,Customer 68,Maruti Swift,COMPLETED,Suresh P
WO-1496,2026-06-02,MH10-AR-5367,Customer 113,Hyundai i20,COMPLETED,Ravi M
WO-1497,2026-06-02,MH10-PO-1205,Customer 94,Tata Nexon,COMPLETED,Ravi M
WO-1498,2026-06-02,MH20-IK-8430,Customer 19,Hyundai i20,COMPLETED,Suresh P
WO-1499,2026-06-02,MH15-BA-5464,Customer 88,Maruti Swift,COMPLETED,Ravi M
WO-1500,2026-06-02,MH13-XR-6507,Customer 91,Tata Nexon,COMPLETED,Suresh P
WO-1501,2026-06-02,MH19-QP-9028,Customer 32,Honda City,COMPLETED,Suresh P
WO-1502,2026-06-02,MH11-XL-3101,Rajesh Kumar 35,Maruti Swift,COMPLETED,Ravi M
WO-1503,2026-06-02,MH11-ST-1667,Rajesh Kumar 80,Maruti Swift,COMPLETED,Suresh P
WO-1504,2026-06-03,MH14-PD-2867,Customer 57,Honda City,COMPLETED,Ravi M
WO-1505,2026-06-03,MH10-AV-8027,Rajesh Kumar 50,Maruti Swift,COMPLETED,Kiran D
WO-1506,2026-06-03,MH13-XK-9758,Customer 83,Tata Nexon,COMPLETED,Suresh P
WO-1507,2026-06-03,MH11-NV-3394,Customer 24,Honda City,COMPLETED,Ravi M
WO-1508,2026-06-03,MH19-TW-5926,Customer 13,Maruti Swift,COMPLETED,Kiran D
WO-1509,2026-06-03,MH15-CK-6806,Customer 43,Tata Nexon,COMPLETED,Suresh P
WO-1510,2026-06-04,MH15-GQ-4681,Customer 101,Maruti Swift,COMPLETED,Ravi M
WO-1511,2026-06-04,MH20-TB-1958,Customer 29,Honda City,COMPLETED,Kiran D
WO-1512,2026-06-04,MH19-SS-4644,Customer 18,Maruti Swift,COMPLETED,Suresh P
WO-1513,2026-06-04,MH14-YC-9512,Customer 7,Honda City,COMPLETED,Suresh P
WO-1514,2026-06-04,MH20-TP-6311,Rajesh Kumar 15,Honda City,COMPLETED,Suresh P
WO-1515,2026-06-04,MH12-DU-2308,Customer 82,Maruti Swift,COMPLETED,Ravi M
WO-1516,2026-06-04,MH15-LF-7643,Customer 103,Tata Nexon,COMPLETED,Ravi M
WO-1517,2026-06-04,MH14-MV-4675,Rajesh Kumar 90,Honda City,COMPLETED,Ravi M
WO-1518,2026-06-04,MH16-PR-4031,Customer 73,Tata Nexon,COMPLETED,Suresh P
WO-1519,2026-06-04,MH13-BR-6320,Rajesh Kumar 55,Maruti Swift,COMPLETED,Suresh P
WO-1520,2026-06-04,MH17-DX-1676,Customer 34,Maruti Swift,COMPLETED,Ravi M
WO-1521,2026-06-04,MH12-QK-9616,Customer 43,Tata Nexon,COMPLETED,Ravi M
WO-1522,2026-06-05,MH18-YE-5234,Customer 71,Honda City,COMPLETED,Ravi M
WO-1523,2026-06-05,MH14-CB-2518,Customer 76,Tata Nexon,COMPLETED,Ravi M
WO-1524,2026-06-05,MH11-HW-6112,Rajesh Kumar 100,Hyundai i20,COMPLETED,Ravi M
WO-1525,2026-06-05,MH19-XB-3064,Rajesh Kumar 115,Hyundai i20,COMPLETED,Suresh P
WO-1526,2026-06-05,MH10-HI-2082,Customer 114,Maruti Swift,COMPLETED,Suresh P
WO-1527,2026-06-05,MH17-RM-2266,Customer 48,Maruti Swift,COMPLETED,Kiran D
WO-1528,2026-06-05,MH17-UV-4593,Customer 29,Honda City,COMPLETED,Suresh P
WO-1529,2026-06-05,MH13-LC-8259,Customer 111,Tata Nexon,COMPLETED,Ravi M
WO-1530,2026-06-05,MH19-CE-9853,Customer 3,Honda City,COMPLETED,Kiran D
WO-1531,2026-06-06,MH11-YS-3279,Rajesh Kumar 100,Hyundai i20,COMPLETED,Ravi M
WO-1532,2026-06-06,MH20-SS-1595,Customer 112,Maruti Swift,COMPLETED,Ravi M
WO-1533,2026-06-06,MH16-PD-1340,Customer 93,Honda City,COMPLETED,Suresh P
WO-1534,2026-06-06,MH14-TW-1251,Customer 34,Maruti Swift,COMPLETED,Ravi M
WO-1535,2026-06-06,MH10-TF-3567,Customer 57,Maruti Swift,COMPLETED,Suresh P
WO-1536,2026-06-06,MH13-HE-8092,Customer 116,Hyundai i20,COMPLETED,Suresh P
WO-1537,2026-06-06,MH15-FF-4995,Customer 101,Maruti Swift,COMPLETED,Kiran D
WO-1538,2026-06-06,MH12-UM-4256,Customer 42,Honda City,COMPLETED,Ravi M
WO-1539,2026-06-06,MH19-GG-9499,Rajesh Kumar 110,Honda City,COMPLETED,Kiran D
WO-1540,2026-06-06,MH12-YY-8770,Customer 46,Tata Nexon,COMPLETED,Ravi M
WO-1541,2026-06-06,MH13-MC-2811,Rajesh Kumar 90,Hyundai i20,COMPLETED,Kiran D
WO-1542,2026-06-07,MH16-JP-6639,Customer 28,Honda City,COMPLETED,Kiran D
WO-1543,2026-06-07,MH14-JY-7435,Customer 79,Maruti Swift,COMPLETED,Suresh P
WO-1544,2026-06-07,MH18-RO-8257,Customer 88,Maruti Swift,COMPLETED,Suresh P
WO-1545,2026-06-07,MH14-AD-8453,Rajesh Kumar 35,Tata Nexon,COMPLETED,Kiran D
WO-1546,2026-06-07,MH12-LT-3554,Customer 18,Tata Nexon,COMPLETED,Ravi M
WO-1547,2026-06-07,MH12-WZ-4237,Customer 81,Honda City,COMPLETED,Ravi M
WO-1548,2026-06-07,MH16-MU-5667,Customer 83,Tata Nexon,COMPLETED,Suresh P
WO-1549,2026-06-07,MH19-VU-6197,Customer 67,Maruti Swift,COMPLETED,Suresh P
WO-1550,2026-06-08,MH10-ZO-6417,Rajesh Kumar 60,Hyundai i20,COMPLETED,Suresh P
WO-1551,2026-06-08,MH11-IP-5923,Customer 102,Tata Nexon,COMPLETED,Kiran D
WO-1552,2026-06-08,MH13-AB-6965,Customer 6,Honda City,COMPLETED,Ravi M
WO-1553,2026-06-08,MH11-UW-9830,Customer 23,Tata Nexon,COMPLETED,Kiran D
WO-1554,2026-06-08,MH19-CW-5946,Rajesh Kumar 40,Maruti Swift,COMPLETED,Suresh P
WO-1555,2026-06-08,MH15-HD-2766,Customer 38,Maruti Swift,COMPLETED,Ravi M
WO-1556,2026-06-08,MH17-VZ-1677,Rajesh Kumar 45,Hyundai i20,COMPLETED,Kiran D
WO-1557,2026-06-08,MH11-JK-7217,Customer 4,Hyundai i20,COMPLETED,Suresh P
WO-1558,2026-06-08,MH12-LJ-5792,Customer 52,Tata Nexon,COMPLETED,Kiran D
WO-1559,2026-06-08,MH19-OX-6370,Rajesh Kumar 5,Honda City,COMPLETED,Kiran D
WO-1560,2026-06-09,MH17-GL-8436,Customer 18,Tata Nexon,COMPLETED,Kiran D
WO-1561,2026-06-09,MH13-HI-9754,Customer 54,Tata Nexon,COMPLETED,Ravi M
WO-1562,2026-06-09,MH10-TK-9491,Customer 79,Honda City,COMPLETED,Suresh P
WO-1563,2026-06-09,MH19-XV-5981,Customer 99,Honda City,COMPLETED,Suresh P
WO-1564,2026-06-09,MH17-ND-1461,Customer 3,Tata Nexon,COMPLETED,Kiran D
WO-1565,2026-06-09,MH19-KL-2135,Rajesh Kumar 90,Maruti Swift,COMPLETED,Kiran D
WO-1566,2026-06-10,MH18-BS-3980,Customer 14,Honda City,COMPLETED,Ravi M
WO-1567,2026-06-10,MH15-JU-1480,Customer 72,Maruti Swift,COMPLETED,Ravi M
WO-1568,2026-06-10,MH16-OO-6288,Customer 71,Honda City,COMPLETED,Kiran D
WO-1569,2026-06-10,MH13-UX-4039,Rajesh Kumar 10,Honda City,COMPLETED,Ravi M
WO-1570,2026-06-10,MH14-HA-2134,Customer 23,Hyundai i20,COMPLETED,Kiran D
WO-1571,2026-06-10,MH20-WV-6625,Customer 38,Honda City,COMPLETED,Ravi M
WO-1572,2026-06-10,MH13-NU-8042,Customer 11,Tata Nexon,COMPLETED,Kiran D
WO-1573,2026-06-10,MH16-DN-5785,Customer 52,Hyundai i20,COMPLETED,Suresh P
WO-1575,2026-06-11,MH16-KZ-8606,Customer 96,Maruti Swift,COMPLETED,Kiran D
WO-1576,2026-06-11,MH15-EC-7756,Customer 57,Honda City,COMPLETED,Ravi M
WO-1577,2026-06-11,MH15-LW-6510,Customer 19,Maruti Swift,COMPLETED,Kiran D
WO-1578,2026-06-11,MH13-QA-7224,Rajesh Kumar 55,Tata Nexon,COMPLETED,Kiran D
WO-1579,2026-06-11,MH15-ZJ-4154,Customer 98,Hyundai i20,COMPLETED,Suresh P
WO-1580,2026-06-11,MH19-LT-6531,Rajesh Kumar 90,Hyundai i20,COMPLETED,Suresh P
WO-1581,2026-06-11,MH13-YS-8363,Customer 118,Honda City,COMPLETED,Suresh P
WO-1582,2026-06-11,MH10-FK-5769,Rajesh Kumar 25,Hyundai i20,COMPLETED,Kiran D
WO-1583,2026-06-12,MH13-SR-2255,Customer 12,Honda City,COMPLETED,Kiran D
WO-1584,2026-06-12,MH19-VB-9457,Customer 89,Maruti Swift,COMPLETED,Kiran D
WO-1585,2026-06-12,MH15-BR-4569,Customer 102,Maruti Swift,COMPLETED,Ravi M
WO-1586,2026-06-12,MH11-UE-8686,Customer 34,Maruti Swift,COMPLETED,Suresh P
WO-1587,2026-06-12,MH17-ZD-4064,Customer 29,Honda City,COMPLETED,Suresh P
WO-1588,2026-06-12,MH17-TR-6331,Customer 7,Tata Nexon,COMPLETED,Kiran D
WO-1589,2026-06-13,MH11-TZ-8290,Customer 27,Maruti Swift,COMPLETED,Kiran D
WO-1590,2026-06-13,MH19-WG-6666,Customer 114,Maruti Swift,COMPLETED,Kiran D
WO-1591,2026-06-13,MH15-DC-4244,Customer 54,Hyundai i20,COMPLETED,Suresh P
WO-1592,2026-06-13,MH12-JZ-8137,Customer 29,Tata Nexon,COMPLETED,Ravi M
WO-1593,2026-06-13,MH12-FA-4133,Customer 61,Maruti Swift,COMPLETED,Ravi M
WO-1594,2026-06-13,MH17-FY-7904,Rajesh Kumar 95,Tata Nexon,COMPLETED,Ravi M
WO-1595,2026-06-13,MH17-GJ-6946,Customer 33,Honda City,COMPLETED,Ravi M
WO-1596,2026-06-13,MH10-QQ-3645,Customer 9,Maruti Swift,COMPLETED,Kiran D
WO-1597,2026-06-13,MH10-DG-6201,Customer 79,Maruti Swift,COMPLETED,Ravi M
WO-1598,2026-06-14,MH15-ZN-1322,Customer 67,Honda City,COMPLETED,Kiran D
WO-1599,2026-06-14,MH14-ST-4879,Customer 32,Honda City,COMPLETED,Ravi M
WO-1600,2026-06-14,MH11-PC-6868,Rajesh Kumar 55,Tata Nexon,COMPLETED,Ravi M
WO-1601,2026-06-14,MH13-ZG-3865,Customer 79,Hyundai i20,COMPLETED,Kiran D
WO-1602,2026-06-14,MH13-EH-8981,Customer 24,Hyundai i20,COMPLETED,Ravi M
WO-1603,2026-06-14,MH16-OT-2597,Customer 109,Hyundai i20,COMPLETED,Suresh P
WO-1604,2026-06-14,MH12-WF-2933,Customer 119,Honda City,COMPLETED,Ravi M
WO-1605,2026-06-14,MH10-VV-3847,Customer 33,Hyundai i20,COMPLETED,Suresh P
WO-1606,2026-06-14,MH11-LG-6445,Customer 96,Hyundai i20,COMPLETED,Kiran D
WO-1607,2026-06-14,MH19-EW-5119,Customer 17,Honda City,COMPLETED,Suresh P
WO-1608,2026-06-14,MH16-GG-4006,Customer 23,Honda City,COMPLETED,Kiran D
WO-1609,2026-06-14,MH10-CG-3358,Customer 114,Maruti Swift,COMPLETED,Kiran D
WO-1610,2026-06-14,MH11-XL-7447,Rajesh Kumar 20,Hyundai i20,COMPLETED,Kiran D
WO-1611,2026-06-14,MH20-NE-7136,Customer 112,Hyundai i20,COMPLETED,Kiran D
WO-1612,2026-06-15,MH18-MJ-7522,Customer 8,Hyundai i20,COMPLETED,Kiran D
WO-1613,2026-06-15,MH20-ER-9000,Customer 34,Honda City,COMPLETED,Kiran D
WO-1614,2026-06-15,MH20-UB-3477,Customer 32,Maruti Swift,COMPLETED,Ravi M
WO-1615,2026-06-15,MH14-UL-7918,Customer 107,Tata Nexon,COMPLETED,Kiran D
WO-1616,2026-06-15,MH20-NB-2819,Rajesh Kumar 50,Honda City,COMPLETED,Ravi M
WO-1617,2026-06-15,MH14-ZK-6865,Customer 117,Hyundai i20,COMPLETED,Suresh P
WO-1618,2026-06-15,MH12-UT-9272,Rajesh Kumar 110,Hyundai i20,COMPLETED,Ravi M
WO-1619,2026-06-15,MH10-EB-5849,Customer 11,Honda City,COMPLETED,Kiran D
WO-1620,2026-06-15,MH17-RJ-5976,Customer 37,Honda City,COMPLETED,Suresh P
WO-1621,2026-06-15,MH18-SS-6325,Rajesh Kumar 100,Honda City,COMPLETED,Ravi M
WO-1622,2026-06-15,MH12-ZD-6082,Customer 62,Honda City,COMPLETED,Kiran D
WO-1623,2026-06-15,MH19-VS-4117,Customer 104,Honda City,COMPLETED,Ravi M
WO-1624,2026-06-16,MH13-PN-9487,Customer 8,Hyundai i20,COMPLETED,Kiran D
WO-1625,2026-06-16,MH13-UJ-9567,Customer 116,Maruti Swift,COMPLETED,Ravi M
WO-1626,2026-06-16,MH20-BF-3848,Customer 99,Maruti Swift,COMPLETED,Suresh P
WO-1627,2026-06-16,MH19-CE-7088,Rajesh Kumar 65,Hyundai i20,COMPLETED,Kiran D
WO-1628,2026-06-16,MH17-KM-6308,Customer 26,Honda City,COMPLETED,Ravi M
WO-1629,2026-06-16,MH16-QI-7963,Customer 92,Hyundai i20,COMPLETED,Kiran D
WO-1630,2026-06-16,MH10-BW-1303,Customer 77,Maruti Swift,COMPLETED,Ravi M
WO-1631,2026-06-16,MH14-FW-7953,Customer 29,Honda City,COMPLETED,Suresh P
WO-1632,2026-06-16,MH12-FR-5297,Customer 89,Tata Nexon,COMPLETED,Ravi M
WO-1633,2026-06-16,MH15-AV-9864,Customer 78,Honda City,COMPLETED,Kiran D
WO-1634,2026-06-16,MH15-YV-2888,Customer 31,Maruti Swift,COMPLETED,Suresh P
WO-1635,2026-06-16,MH18-EW-8573,Rajesh Kumar 50,Tata Nexon,COMPLETED,Ravi M
WO-1636,2026-06-17,MH10-GH-1024,Customer 42,Tata Nexon,COMPLETED,Suresh P
WO-1637,2026-06-17,MH20-JL-3477,Rajesh Kumar 90,Tata Nexon,COMPLETED,Suresh P
WO-1638,2026-06-17,MH19-GW-4223,Customer 93,Tata Nexon,COMPLETED,Kiran D
WO-1639,2026-06-17,MH19-YX-7674,Customer 51,Hyundai i20,COMPLETED,Suresh P
WO-1640,2026-06-17,MH14-GX-9389,Customer 113,Hyundai i20,COMPLETED,Ravi M
WO-1641,2026-06-17,MH16-LC-2728,Customer 73,Maruti Swift,COMPLETED,Kiran D
WO-1642,2026-06-17,MH16-ZB-4084,Customer 117,Honda City,COMPLETED,Kiran D
WO-1643,2026-06-17,MH18-AT-9194,Customer 39,Maruti Swift,COMPLETED,Kiran D
WO-1644,2026-06-17,MH11-DG-6879,Customer 46,Maruti Swift,COMPLETED,Kiran D
WO-1645,2026-06-18,MH13-OP-1130,Customer 69,Tata Nexon,COMPLETED,Kiran D
WO-1646,2026-06-18,MH10-LO-3670,Rajesh Kumar 80,Maruti Swift,COMPLETED,Suresh P
WO-1647,2026-06-18,MH11-IU-7738,Customer 6,Honda City,COMPLETED,Suresh P
WO-1648,2026-06-18,MH16-NI-5482,Customer 16,Honda City,COMPLETED,Suresh P
WO-1649,2026-06-18,MH17-FL-1757,Rajesh Kumar 75,Tata Nexon,COMPLETED,Ravi M
WO-1650,2026-06-18,MH11-NH-7093,Customer 53,Tata Nexon,COMPLETED,Ravi M
WO-1651,2026-06-18,MH16-YC-9580,Customer 6,Honda City,COMPLETED,Kiran D
WO-1652,2026-06-19,MH15-SS-9827,Rajesh Kumar 95,Honda City,COMPLETED,Kiran D
WO-1653,2026-06-19,MH17-TJ-9393,Customer 53,Tata Nexon,COMPLETED,Kiran D
WO-1654,2026-06-19,MH17-WA-3834,Customer 23,Maruti Swift,COMPLETED,Ravi M
WO-1655,2026-06-19,MH14-GL-2042,Rajesh Kumar 90,Maruti Swift,COMPLETED,Suresh P
WO-1656,2026-06-19,MH10-VT-2893,Customer 117,Honda City,COMPLETED,Suresh P
WO-1657,2026-06-19,MH12-AS-4338,Customer 116,Honda City,COMPLETED,Suresh P
WO-1658,2026-06-20,MH11-ZQ-5797,Customer 68,Honda City,COMPLETED,Suresh P
WO-1659,2026-06-20,MH17-HC-9489,Customer 97,Tata Nexon,COMPLETED,Kiran D
WO-1660,2026-06-20,MH14-NH-1969,Rajesh Kumar 95,Hyundai i20,COMPLETED,Suresh P
WO-1661,2026-06-20,MH20-TJ-6354,Customer 24,Maruti Swift,COMPLETED,Kiran D
WO-1662,2026-06-20,MH16-QI-7376,Customer 72,Honda City,COMPLETED,Suresh P
WO-1663,2026-06-20,MH11-QS-6351,Customer 23,Hyundai i20,COMPLETED,Suresh P
WO-1664,2026-06-20,MH10-CD-6668,Customer 22,Maruti Swift,COMPLETED,Kiran D
WO-1665,2026-06-20,MH18-JC-4728,Rajesh Kumar 90,Honda City,COMPLETED,Ravi M
WO-1666,2026-06-21,MH13-NN-4167,Customer 13,Honda City,COMPLETED,Suresh P
WO-1667,2026-06-21,MH13-MO-3407,Customer 113,Hyundai i20,COMPLETED,Suresh P
WO-1668,2026-06-21,MH12-XJ-7999,Customer 7,Honda City,COMPLETED,Ravi M
WO-1669,2026-06-21,MH13-DA-1024,Customer 101,Hyundai i20,COMPLETED,Suresh P
WO-1670,2026-06-21,MH18-NR-5096,Customer 118,Tata Nexon,COMPLETED,Suresh P
WO-1671,2026-06-21,MH13-EU-2887,Customer 111,Hyundai i20,COMPLETED,Kiran D
WO-1672,2026-06-21,MH13-GN-4380,Rajesh Kumar 10,Honda City,COMPLETED,Suresh P
WO-1673,2026-06-21,MH16-TC-3630,Customer 44,Honda City,COMPLETED,Suresh P
WO-1674,2026-06-21,MH11-MM-2399,Customer 43,Honda City,COMPLETED,Suresh P
WO-1675,2026-06-21,MH11-CZ-9668,Customer 73,Maruti Swift,COMPLETED,Kiran D
WO-1676,2026-06-21,MH15-AW-7916,Customer 109,Maruti Swift,COMPLETED,Kiran D
WO-1677,2026-06-22,MH10-AE-6693,Customer 91,Maruti Swift,COMPLETED,Kiran D
WO-1678,2026-06-22,MH17-LW-7528,Customer 11,Honda City,COMPLETED,Ravi M
WO-1679,2026-06-22,MH11-JO-7036,Rajesh Kumar 40,Hyundai i20,COMPLETED,Ravi M
WO-1680,2026-06-22,MH19-GE-9184,Customer 111,Tata Nexon,COMPLETED,Ravi M
WO-1681,2026-06-22,MH14-VH-2822,Customer 84,Maruti Swift,COMPLETED,Ravi M
WO-1682,2026-06-22,MH12-IP-9493,Rajesh Kumar 60,Maruti Swift,COMPLETED,Ravi M
WO-1683,2026-06-22,MH20-LF-1017,Customer 113,Hyundai i20,COMPLETED,Ravi M
WO-1684,2026-06-22,MH14-WG-4358,Rajesh Kumar 90,Tata Nexon,COMPLETED,Suresh P
WO-1685,2026-06-23,MH17-KZ-3017,Customer 73,Honda City,COMPLETED,Ravi M
WO-1686,2026-06-23,MH17-HW-2503,Rajesh Kumar 105,Honda City,COMPLETED,Suresh P
WO-1687,2026-06-23,MH12-BP-6425,Rajesh Kumar 95,Maruti Swift,COMPLETED,Suresh P
WO-1688,2026-06-23,MH15-BI-3497,Customer 4,Honda City,COMPLETED,Kiran D
WO-1689,2026-06-23,MH20-JP-2404,Customer 72,Hyundai i20,COMPLETED,Kiran D
WO-1690,2026-06-23,MH15-HP-8753,Customer 38,Hyundai i20,COMPLETED,Ravi M
WO-1691,2026-06-23,MH19-AT-6427,Rajesh Kumar 30,Tata Nexon,COMPLETED,Suresh P
WO-1692,2026-06-24,MH10-EU-8553,Customer 113,Tata Nexon,COMPLETED,Suresh P
WO-1693,2026-06-24,MH11-XO-7083,Customer 9,Maruti Swift,COMPLETED,Kiran D
WO-1694,2026-06-24,MH14-JR-5485,Rajesh Kumar 35,Honda City,COMPLETED,Suresh P
WO-1695,2026-06-24,MH14-QL-3497,Customer 76,Hyundai i20,COMPLETED,Suresh P
WO-1696,2026-06-24,MH19-NO-6827,Customer 92,Tata Nexon,COMPLETED,Kiran D
WO-1697,2026-06-24,MH14-FS-6728,Rajesh Kumar 120,Tata Nexon,COMPLETED,Kiran D
WO-1698,2026-06-24,MH11-VT-9876,Customer 97,Hyundai i20,COMPLETED,Suresh P
WO-1699,2026-06-24,MH15-KL-2724,Rajesh Kumar 30,Hyundai i20,COMPLETED,Suresh P
WO-1700,2026-06-24,MH14-FU-1523,Customer 16,Hyundai i20,COMPLETED,Ravi M
WO-1701,2026-06-25,MH10-HC-3767,Customer 59,Hyundai i20,COMPLETED,Ravi M
WO-1703,2026-06-25,MH19-LP-3789,Customer 7,Tata Nexon,COMPLETED,Ravi M
WO-1704,2026-06-25,MH18-HP-7107,Customer 53,Tata Nexon,COMPLETED,Ravi M
WO-1705,2026-06-25,MH16-GD-2211,Customer 93,Hyundai i20,COMPLETED,Suresh P
WO-1706,2026-06-25,MH15-TW-3027,Customer 31,Maruti Swift,COMPLETED,Kiran D
WO-1707,2026-06-25,MH18-SS-9393,Customer 118,Honda City,COMPLETED,Ravi M
WO-1708,2026-06-25,MH19-DV-4351,Customer 54,Hyundai i20,COMPLETED,Suresh P
WO-1709,2026-06-25,MH13-DS-5429,Customer 72,Maruti Swift,COMPLETED,Ravi M
WO-1710,2026-06-25,MH12-TL-1457,Customer 28,Tata Nexon,COMPLETED,Suresh P
WO-1711,2026-06-25,MH19-UO-9718,Customer 66,Honda City,COMPLETED,Suresh P
WO-1712,2026-06-26,MH13-PC-8531,Customer 106,Hyundai i20,COMPLETED,Ravi M
WO-1713,2026-06-26,MH14-RH-9249,Rajesh Kumar 90,Honda City,COMPLETED,Kiran D
WO-1714,2026-06-26,MH17-UQ-4789,Rajesh Kumar 75,Honda City,COMPLETED,Suresh P
WO-1715,2026-06-26,MH20-XM-8460,Rajesh Kumar 95,Maruti Swift,COMPLETED,Kiran D
WO-1716,2026-06-26,MH15-JX-4851,Customer 97,Hyundai i20,COMPLETED,Kiran D
WO-1717,2026-06-26,MH16-AK-5397,Customer 49,Maruti Swift,COMPLETED,Suresh P
WO-1718,2026-06-26,MH20-AX-4496,Customer 91,Maruti Swift,COMPLETED,Suresh P
WO-1719,2026-06-26,MH11-SK-8814,Rajesh Kumar 80,Maruti Swift,COMPLETED,Ravi M
WO-1720,2026-06-26,MH15-GY-8745,Rajesh Kumar 90,Hyundai i20,COMPLETED,Kiran D
WO-1721,2026-06-27,MH16-SS-1834,Customer 33,Honda City,COMPLETED,Suresh P
WO-1722,2026-06-27,MH13-ON-7919,Customer 31,Hyundai i20,COMPLETED,Suresh P
WO-1723,2026-06-27,MH19-WD-9350,Rajesh Kumar 30,Honda City,COMPLETED,Ravi M
WO-1724,2026-06-27,MH14-AO-4902,Customer 46,Hyundai i20,COMPLETED,Suresh P
WO-1725,2026-06-27,MH20-HC-6072,Customer 51,Maruti Swift,COMPLETED,Kiran D
WO-1726,2026-06-27,MH12-ZH-1100,Customer 52,Hyundai i20,COMPLETED,Ravi M
WO-1727,2026-06-27,MH11-MP-8485,Customer 58,Honda City,COMPLETED,Ravi M
WO-1728,2026-06-27,MH19-YR-1036,Rajesh Kumar 100,Tata Nexon,COMPLETED,Suresh P
WO-1729,2026-06-27,MH10-EJ-4613,Customer 14,Tata Nexon,COMPLETED,Suresh P
WO-1730,2026-06-27,MH15-EA-8005,Customer 23,Tata Nexon,COMPLETED,Kiran D
WO-1731,2026-06-27,MH12-NP-7505,Customer 82,Hyundai i20,COMPLETED,Kiran D
WO-1732,2026-06-28,MH19-JL-6279,Rajesh Kumar 10,Tata Nexon,COMPLETED,Ravi M
WO-1733,2026-06-28,MH10-PQ-3689,Customer 102,Tata Nexon,COMPLETED,Suresh P
WO-1734,2026-06-28,MH17-YF-7112,Customer 84,Maruti Swift,COMPLETED,Kiran D
WO-1735,2026-06-28,MH13-NP-9672,Customer 97,Hyundai i20,COMPLETED,Kiran D
WO-1736,2026-06-28,MH19-UG-7970,Customer 3,Tata Nexon,COMPLETED,Ravi M
WO-1737,2026-06-28,MH15-ZX-3312,Customer 14,Tata Nexon,COMPLETED,Suresh P
WO-1738,2026-06-28,MH19-IU-9312,Customer 82,Maruti Swift,COMPLETED,Kiran D
WO-1739,2026-06-28,MH18-HF-9336,Rajesh Kumar 40,Maruti Swift,COMPLETED,Ravi M
WO-1740,2026-06-28,MH17-FE-5292,Customer 46,Honda City,COMPLETED,Suresh P
WO-1741,2026-06-28,MH16-BE-9431,Rajesh Kumar 10,Hyundai i20,COMPLETED,Kiran D
WO-1742,2026-06-28,MH18-BA-2964,Customer 4,Maruti Swift,COMPLETED,Suresh P
WO-1743,2026-06-28,MH11-FE-9532,Customer 21,Hyundai i20,COMPLETED,Ravi M
WO-1744,2026-06-28,MH12-RX-9404,Customer 104,Honda City,COMPLETED,Ravi M
WO-1745,2026-06-28,MH13-FZ-2811,Rajesh Kumar 95,Honda City,COMPLETED,Ravi M
WO-1746,2026-06-29,MH19-EX-1231,Customer 89,Honda City,COMPLETED,Suresh P
WO-1747,2026-06-29,MH14-OO-7222,Customer 88,Tata Nexon,COMPLETED,Suresh P
WO-1748,2026-06-29,MH19-SV-8979,Rajesh Kumar 120,Tata Nexon,COMPLETED,Ravi M
WO-1749,2026-06-29,MH14-RV-3422,Customer 86,Honda City,COMPLETED,Kiran D
WO-1750,2026-06-29,MH12-XG-3832,Customer 91,Hyundai i20,COMPLETED,Ravi M
WO-1751,2026-06-29,MH15-MC-1697,Rajesh Kumar 90,Tata Nexon,COMPLETED,Suresh P
WO-1752,2026-06-29,MH12-GT-7257,Customer 27,Tata Nexon,COMPLETED,Ravi M
WO-1753,2026-06-29,MH10-DA-3190,Customer 92,Hyundai i20,COMPLETED,Ravi M
WO-1754,2026-06-29,MH20-GP-8265,Rajesh Kumar 20,Honda City,COMPLETED,Ravi M
WO-1755,2026-06-29,MH16-PV-8678,Customer 4,Hyundai i20,COMPLETED,Ravi M
WO-1756,2026-06-29,MH14-CH-8815,Customer 69,Tata Nexon,COMPLETED,Ravi M
WO-1757,2026-06-29,MH11-DM-8819,Customer 103,Hyundai i20,COMPLETED,Kiran D
WO-1758,2026-06-30,MH19-TC-9960,Customer 33,Maruti Swift,COMPLETED,Kiran D
WO-1759,2026-06-30,MH13-NC-4293,Customer 43,Honda City,COMPLETED,Suresh P
WO-1760,2026-06-30,MH19-HB-1175,Customer 78,Hyundai i20,COMPLETED,Kiran D
WO-1761,2026-06-30,MH11-TW-7210,Customer 1,Hyundai i20,COMPLETED,Ravi M
WO-1762,2026-06-30,MH20-GI-7584,Customer 58,Honda City,COMPLETED,Ravi M
WO-1763,2026-06-30,MH15-NY-5627,Customer 6,Tata Nexon,COMPLETED,Ravi M
WO-1764,2026-06-30,MH11-DY-4532,Customer 111,Honda City,COMPLETED,Kiran D
WO-1765,2026-06-30,MH12-YJ-8907,Customer 36,Maruti Swift,COMPLETED,Ravi M
WO-1766,2026-06-30,MH17-XC-1797,Rajesh Kumar 45,Honda City,COMPLETED,Suresh P
WO-0077,2026-01-08,MH17-NW-4806,Customer 1,Unknown,OPEN,Ravi M
WO-0165,2026-01-16,MH12-RU-4953,Customer 1,Unknown,OPEN,Ravi M
WO-0409,2026-02-11,MH16-KX-8887,Customer 1,Unknown,OPEN,Ravi M
WO-0529,2026-02-24,MH18-MW-3377,Customer 1,Unknown,OPEN,Ravi M
WO-0574,2026-02-28,MH16-DX-7096,Customer 1,Unknown,OPEN,Ravi M
WO-0586,2026-03-01,MH16-WJ-5852,Customer 1,Unknown,OPEN,Ravi M
WO-0618,2026-03-05,MH19-RF-5508,Customer 1,Unknown,OPEN,Ravi M
WO-0656,2026-03-09,MH19-NU-4221,Customer 1,Unknown,OPEN,Ravi M
WO-0868,2026-03-30,MH11-IL-1413,Customer 1,Unknown,OPEN,Ravi M
WO-1087,2026-04-21,MH13-IA-3077,Customer 1,Unknown,OPEN,Ravi M
WO-1138,2026-04-26,MH20-XV-3371,Customer 1,Unknown,OPEN,Ravi M
WO-1293,2026-05-12,MH13-JJ-7327,Customer 1,Unknown,OPEN,Ravi M
WO-1335,2026-05-17,MH13-QD-5912,Customer 1,Unknown,OPEN,Ravi M
WO-1336,2026-05-17,MH19-PX-2661,Customer 1,Unknown,OPEN,Ravi M
WO-1362,2026-05-20,MH20-YV-4565,Customer 1,Unknown,OPEN,Ravi M
WO-1417,2026-05-25,MH14-KM-3169,Customer 1,Unknown,OPEN,Ravi M
WO-1429,2026-05-26,MH18-CC-8520,Customer 1,Unknown,OPEN,Ravi M
WO-1444,2026-05-28,MH15-II-7964,Customer 1,Unknown,OPEN,Ravi M
WO-1494,2026-06-01,MH10-HW-8962,Customer 1,Unknown,OPEN,Ravi M
WO-1574,2026-06-10,MH15-XT-4358,Customer 1,Unknown,OPEN,Ravi M
WO-1702,2026-06-25,MH12-MG-9195,Customer 1,Unknown,OPEN,Ravi M
