Order Date,Client Order No,Outlet,POS Display Name,NET SALES
2026-01-01,BL-260101-0001,Swiggy,Avocado Toast,287.8
2026-01-01,BL-260101-0001,Swiggy,Latte,204.69
2026-01-01,BL-260101-0001,Swiggy,Avocado Toast,284.45
2026-01-01,BL-260101-0002,Swiggy,Iced Latte,239.94
2026-01-01,BL-260101-0002,Swiggy,Latte,208.98
2026-01-01,BL-260101-0002,Swiggy,Club Sandwich,335.27
2026-01-01,BL-260101-0005,Swiggy,Cappuccino,185.21
2026-01-01,BL-260101-0005,Swiggy,Cold Brew,448.9
2026-01-01,BL-260101-0008,Swiggy,Blueberry Muffin,141.69
2026-01-01,BL-260101-0009,Zomato,Espresso,156.23
2026-01-01,BL-260101-0010,Zomato,Iced Latte,248.97
2026-01-01,BL-260101-0011,Zomato,Espresso,150.63
2026-01-01,BL-260101-0012,Swiggy,Veg Wrap,267.02
2026-01-01,BL-260101-0017,Swiggy,Espresso,153.5
2026-01-01,BL-260101-0019,Zomato,Avocado Toast,290.1
2026-01-01,BL-260101-0022,Zomato,Chocolate Brownie,167.92
2026-01-01,BL-260101-0024,Zomato,Cold Brew,439.45
2026-01-01,BL-260101-0024,Zomato,Croissant,121.36
2026-01-01,BL-260101-0025,Zomato,Cappuccino,373.8
2026-01-01,BL-260101-0025,Zomato,Masala Chai,80.66
2026-01-01,BL-260101-0029,Zomato,Avocado Toast,289.53
2026-01-01,BL-260101-0037,Swiggy,Iced Latte,249.33
2026-01-01,BL-260101-0037,Swiggy,Masala Chai,82.41
2026-01-01,BL-260101-0038,Swiggy,Cold Brew,221.98
2026-01-01,BL-260101-0039,Zomato,Cold Brew,228.04
2026-01-01,BL-260101-0040,Swiggy,Iced Latte,251.68
2026-01-01,BL-260101-0040,Swiggy,Club Sandwich,319.9
2026-01-01,BL-260101-0041,Swiggy,Club Sandwich,322.62
2026-01-01,BL-260101-0041,Swiggy,Masala Chai,81.22
2026-01-01,BL-260101-0042,Zomato,Veg Wrap,533.45
2026-01-01,BL-260101-0046,Zomato,Blueberry Muffin,145.15
2026-01-01,BL-260101-0046,Zomato,Chocolate Brownie,167.0
2026-01-01,BL-260101-0046,Zomato,Cold Brew,225.41
2026-01-01,BL-260101-0050,Zomato,Veg Wrap,269.73
2026-01-01,BL-260101-0053,Zomato,Iced Latte,245.78
2026-01-01,BL-260101-0053,Zomato,Club Sandwich,328.74
2026-01-01,BL-260101-0054,Zomato,Seasonal Special,398.8
2026-01-01,BL-260101-0054,Zomato,Seasonal Special,394.74
2026-01-01,BL-260101-0054,Zomato,Iced Latte,244.62
2026-01-01,BL-260101-0058,Zomato,Croissant,119.82
2026-01-01,BL-260101-0059,Zomato,Seasonal Special,794.76
2026-01-01,BL-260101-0059,Zomato,Cappuccino,186.18
2026-01-01,BL-260101-0061,Zomato,Espresso,157.21
2026-01-01,BL-260101-0061,Zomato,Latte,410.75
2026-01-01,BL-260101-0062,Zomato,Iced Latte,243.27
2026-01-01,BL-260101-0067,Zomato,Chocolate Brownie,159.79
2026-01-01,BL-260101-0068,Swiggy,Chocolate Brownie,160.41
2026-01-01,BL-260101-0068,Swiggy,Seasonal Special,391.98
2026-01-01,BL-260101-0069,Swiggy,Veg Wrap,268.78
2026-01-01,BL-260101-0069,Swiggy,Cappuccino,182.08
2026-01-01,BL-260101-0071,Zomato,Veg Wrap,259.62
2026-01-01,BL-260101-0071,Zomato,Latte,209.85
2026-01-01,BL-260101-0073,Swiggy,Latte,200.06
2026-01-01,BL-260101-0074,Zomato,Veg Wrap,526.99
2026-01-01,BL-260101-0075,Swiggy,Chocolate Brownie,164.28
2026-01-01,BL-260101-0075,Swiggy,Masala Chai,81.12
2026-01-01,BL-260101-0076,Zomato,Cold Brew,224.1
2026-01-01,BL-260101-0076,Zomato,Cappuccino,186.7
2026-01-01,BL-260101-0078,Swiggy,Espresso,156.5
2026-01-01,BL-260101-0078,Swiggy,Avocado Toast,293.07
2026-01-01,BL-260101-0078,Swiggy,Seasonal Special,392.25
2026-01-01,BL-260101-0079,Swiggy,Cappuccino,184.47
2026-01-01,BL-260101-0080,Zomato,Club Sandwich,333.88
2026-01-01,BL-260101-0080,Zomato,Croissant,245.31
2026-01-01,BL-260101-0080,Zomato,Avocado Toast,292.54
2026-01-01,BL-260101-0083,Zomato,Iced Latte,244.72
2026-01-01,BL-260101-0083,Zomato,Espresso,155.73
2026-01-01,BL-260101-0084,Swiggy,Avocado Toast,563.94
2026-01-01,BL-260101-0084,Swiggy,Club Sandwich,644.13
2026-01-01,BL-260101-0086,Zomato,Cappuccino,186.43
2026-01-02,BL-260102-0090,Swiggy,Espresso,305.11
2026-01-02,BL-260102-0090,Swiggy,Seasonal Special,392.54
2026-01-02,BL-260102-0095,Zomato,Iced Latte,243.89
2026-01-02,BL-260102-0096,Zomato,Veg Wrap,268.06
2026-01-02,BL-260102-0097,Zomato,Seasonal Special,388.67
2026-01-02,BL-260102-0097,Zomato,Veg Wrap,262.54
2026-01-02,BL-260102-0098,Zomato,Espresso,157.16
2026-01-02,BL-260102-0098,Zomato,Veg Wrap,259.77
2026-01-02,BL-260102-0105,Swiggy,Seasonal Special,786.1
2026-01-02,BL-260102-0105,Swiggy,Blueberry Muffin,144.16
2026-01-02,BL-260102-0105,Swiggy,Iced Latte,247.5
2026-01-02,BL-260102-0108,Swiggy,Blueberry Muffin,288.32
2026-01-02,BL-260102-0114,Swiggy,Latte,403.37
2026-01-02,BL-260102-0114,Swiggy,Seasonal Special,396.96
2026-01-02,BL-260102-0114,Swiggy,Blueberry Muffin,142.95
2026-01-02,BL-260102-0115,Swiggy,Masala Chai,82.11
2026-01-02,BL-260102-0115,Swiggy,Espresso,302.71
2026-01-02,BL-260102-0116,Zomato,Espresso,156.22
2026-01-02,BL-260102-0116,Zomato,Masala Chai,163.64
2026-01-02,BL-260102-0117,Zomato,Veg Wrap,260.15
2026-01-02,BL-260102-0117,Zomato,Espresso,151.83
2026-01-02,BL-260102-0121,Swiggy,Iced Latte,250.87
2026-01-02,BL-260102-0121,Swiggy,Avocado Toast,290.46
2026-01-02,BL-260102-0121,Swiggy,Cappuccino,184.32
2026-01-02,BL-260102-0122,Zomato,Masala Chai,83.79
2026-01-02,BL-260102-0122,Zomato,Masala Chai,83.69
2026-01-02,BL-260102-0123,Swiggy,Masala Chai,82.46
2026-01-02,BL-260102-0126,Swiggy,Espresso,155.59
2026-01-02,BL-260102-0126,Swiggy,Cold Brew,227.38
2026-01-02,BL-260102-0127,Swiggy,Espresso,153.08
2026-01-02,BL-260102-0127,Swiggy,Avocado Toast,279.94
2026-01-02,BL-260102-0128,Swiggy,Seasonal Special,391.92
2026-01-02,BL-260102-0128,Swiggy,Cold Brew,227.55
2026-01-02,BL-260102-0129,Swiggy,Iced Latte,244.77
2026-01-02,BL-260102-0129,Swiggy,Croissant,119.99
2026-01-02,BL-260102-0129,Swiggy,Iced Latte,239.96
2026-01-02,BL-260102-0130,Swiggy,Iced Latte,486.46
2026-01-02,BL-260102-0132,Swiggy,Cappuccino,376.31
2026-01-02,BL-260102-0132,Swiggy,Avocado Toast,281.5
2026-01-02,BL-260102-0133,Zomato,Chocolate Brownie,320.44
2026-01-02,BL-260102-0133,Zomato,Cappuccino,183.3
2026-01-02,BL-260102-0135,Swiggy,Cold Brew,221.11
2026-01-02,BL-260102-0138,Swiggy,Avocado Toast,565.73
2026-01-02,BL-260102-0138,Swiggy,Seasonal Special,388.99
2026-01-02,BL-260102-0140,Zomato,Blueberry Muffin,142.89
2026-01-02,BL-260102-0140,Zomato,Chocolate Brownie,165.86
2026-01-02,BL-260102-0151,Zomato,Seasonal Special,401.42
2026-01-02,BL-260102-0152,Zomato,Latte,405.97
2026-01-02,BL-260102-0152,Zomato,Croissant,122.03
2026-01-02,BL-260102-0157,Zomato,Club Sandwich,329.46
2026-01-02,BL-260102-0158,Swiggy,Cappuccino,186.81
2026-01-02,BL-260102-0158,Swiggy,Masala Chai,81.42
2026-01-02,BL-260102-0158,Swiggy,Seasonal Special,391.43
2026-01-02,BL-260102-0161,Swiggy,Veg Wrap,271.1
2026-01-02,BL-260102-0161,Swiggy,Iced Latte,251.2
2026-01-02,BL-260102-0165,Swiggy,Croissant,125.53
2026-01-02,BL-260102-0165,Swiggy,Club Sandwich,327.49
2026-01-02,BL-260102-0166,Swiggy,Latte,207.39
2026-01-02,BL-260102-0166,Swiggy,Espresso,157.15
2026-01-02,BL-260102-0172,Swiggy,Latte,206.71
2026-01-02,BL-260102-0172,Swiggy,Iced Latte,247.3
2026-01-02,BL-260102-0174,Zomato,Croissant,245.63
2026-01-02,BL-260102-0175,Zomato,Iced Latte,249.17
2026-01-02,BL-260102-0175,Zomato,Espresso,153.05
2026-01-02,BL-260102-0175,Zomato,Avocado Toast,285.58
2026-01-02,BL-260102-0177,Zomato,Cold Brew,224.21
2026-01-02,BL-260102-0177,Zomato,Chocolate Brownie,164.4
2026-01-02,BL-260102-0177,Zomato,Seasonal Special,400.07
2026-01-02,BL-260102-0179,Swiggy,Croissant,125.52
2026-01-02,BL-260102-0180,Zomato,Masala Chai,80.35
2026-01-02,BL-260102-0180,Zomato,Chocolate Brownie,325.33
2026-01-02,BL-260102-0183,Zomato,Cold Brew,229.95
2026-01-02,BL-260102-0185,Zomato,Club Sandwich,328.61
2026-01-02,BL-260102-0185,Zomato,Veg Wrap,260.44
2026-01-02,BL-260102-0185,Zomato,Cold Brew,229.84
2026-01-02,BL-260102-0187,Swiggy,Veg Wrap,265.79
2026-01-02,BL-260102-0191,Swiggy,Chocolate Brownie,167.9
2026-01-02,BL-260102-0191,Swiggy,Masala Chai,80.71
2026-01-02,BL-260102-0192,Zomato,Cappuccino,184.94
2026-01-03,BL-260103-0195,Swiggy,Iced Latte,248.17
2026-01-03,BL-260103-0196,Zomato,Avocado Toast,290.4
2026-01-03,BL-260103-0196,Zomato,Croissant,122.59
2026-01-03,BL-260103-0197,Swiggy,Cappuccino,375.31
2026-01-03,BL-260103-0197,Swiggy,Latte,207.57
2026-01-03,BL-260103-0199,Swiggy,Croissant,123.74
2026-01-03,BL-260103-0199,Swiggy,Blueberry Muffin,145.05
2026-01-03,BL-260103-0200,Zomato,Masala Chai,81.01
2026-01-03,BL-260103-0200,Zomato,Croissant,121.73
2026-01-03,BL-260103-0200,Zomato,Espresso,154.32
2026-01-03,BL-260103-0203,Swiggy,Croissant,124.74
2026-01-03,BL-260103-0204,Zomato,Avocado Toast,288.94
2026-01-03,BL-260103-0204,Zomato,Croissant,125.84
2026-01-03,BL-260103-0207,Zomato,Blueberry Muffin,145.71
2026-01-03,BL-260103-0207,Zomato,Latte,203.68
2026-01-03,BL-260103-0207,Zomato,Avocado Toast,289.12
2026-01-03,BL-260103-0208,Zomato,Cappuccino,182.34
2026-01-03,BL-260103-0208,Zomato,Seasonal Special,393.61
2026-01-03,BL-260103-0208,Zomato,Latte,200.11
2026-01-03,BL-260103-0208,Zomato,Club Sandwich,330.93
2026-01-03,BL-260103-0209,Swiggy,Chocolate Brownie,325.69
2026-01-03,BL-260103-0209,Swiggy,Cold Brew,221.59
2026-01-03,BL-260103-0209,Swiggy,Iced Latte,248.29
2026-01-03,BL-260103-0214,Swiggy,Espresso,149.81
2026-01-03,BL-260103-0214,Swiggy,Latte,205.83
2026-01-03,BL-260103-0214,Swiggy,Veg Wrap,264.24
2026-01-03,BL-260103-0217,Zomato,Croissant,120.82
2026-01-03,BL-260103-0218,Zomato,Croissant,120.6
2026-01-03,BL-260103-0218,Zomato,Cappuccino,183.11
2026-01-03,BL-260103-0218,Zomato,Latte,208.44
2026-01-03,BL-260103-0219,Swiggy,Veg Wrap,264.69
2026-01-03,BL-260103-0219,Swiggy,Espresso,156.37
2026-01-03,BL-260103-0220,Swiggy,Iced Latte,503.49
2026-01-03,BL-260103-0221,Swiggy,Seasonal Special,398.8
2026-01-03,BL-260103-0226,Zomato,Cold Brew,223.18
2026-01-03,BL-260103-0226,Zomato,Club Sandwich,327.41
2026-01-03,BL-260103-0229,Zomato,Iced Latte,244.96
2026-01-03,BL-260103-0229,Zomato,Veg Wrap,528.13
2026-01-03,BL-260103-0232,Swiggy,Iced Latte,242.25
2026-01-03,BL-260103-0233,Swiggy,Croissant,247.17
2026-01-03,BL-260103-0234,Zomato,Cappuccino,183.08
2026-01-03,BL-260103-0234,Zomato,Cold Brew,227.02
2026-01-03,BL-260103-0236,Zomato,Cold Brew,219.62
2026-01-03,BL-260103-0236,Zomato,Chocolate Brownie,163.76
2026-01-03,BL-260103-0236,Zomato,Masala Chai,80.67
2026-01-03,BL-260103-0237,Swiggy,Cappuccino,185.06
2026-01-03,BL-260103-0237,Swiggy,Latte,205.02
2026-01-03,BL-260103-0237,Swiggy,Cold Brew,223.72
2026-01-03,BL-260103-0239,Swiggy,Latte,202.98
2026-01-03,BL-260103-0239,Swiggy,Latte,209.21
2026-01-03,BL-260103-0240,Zomato,Latte,200.82
2026-01-03,BL-260103-0240,Zomato,Masala Chai,82.69
2026-01-03,BL-260103-0243,Zomato,Cappuccino,182.81
2026-01-03,BL-260103-0243,Zomato,Chocolate Brownie,327.18
2026-01-03,BL-260103-0245,Zomato,Iced Latte,249.19
2026-01-03,BL-260103-0247,Zomato,Blueberry Muffin,288.66
2026-01-03,BL-260103-0249,Zomato,Espresso,151.03
2026-01-03,BL-260103-0249,Zomato,Latte,207.94
2026-01-03,BL-260103-0250,Zomato,Seasonal Special,385.52
2026-01-03,BL-260103-0250,Zomato,Seasonal Special,790.01
2026-01-03,BL-260103-0251,Zomato,Espresso,156.13
2026-01-03,BL-260103-0252,Zomato,Club Sandwich,646.38
2026-01-03,BL-260103-0252,Zomato,Croissant,239.77
2026-01-03,BL-260103-0253,Swiggy,Chocolate Brownie,163.35
2026-01-03,BL-260103-0254,Swiggy,Chocolate Brownie,159.95
2026-01-03,BL-260103-0256,Swiggy,Espresso,304.24
2026-01-03,BL-260103-0256,Swiggy,Cappuccino,186.21
2026-01-03,BL-260103-0257,Zomato,Cold Brew,221.8
2026-01-03,BL-260103-0257,Zomato,Chocolate Brownie,160.22
2026-01-03,BL-260103-0259,Swiggy,Iced Latte,239.61
2026-01-03,BL-260103-0259,Swiggy,Espresso,303.42
2026-01-03,BL-260103-0262-R,Zomato,Veg Wrap,269.72
2026-01-03,BL-260103-0262-R,Zomato,Cappuccino,185.97
2026-01-03,BL-260103-0263,Swiggy,Avocado Toast,293.36
2026-01-03,BL-260103-0263,Swiggy,Masala Chai,80.02
2026-01-03,BL-260103-0265,Zomato,Cappuccino,188.49
2026-01-03,BL-260103-0265,Zomato,Avocado Toast,281.92
2026-01-03,BL-260103-0265,Zomato,Croissant,122.03
2026-01-03,BL-260103-0269,Swiggy,Cappuccino,360.38
2026-01-03,BL-260103-0271,Swiggy,Masala Chai,166.58
2026-01-03,BL-260103-0272,Swiggy,Veg Wrap,261.02
2026-01-03,BL-260103-0276,Zomato,Blueberry Muffin,293.41
2026-01-03,BL-260103-0277,Zomato,Veg Wrap,264.98
2026-01-03,BL-260103-0282,Swiggy,Espresso,152.66
2026-01-03,BL-260103-0284,Swiggy,Chocolate Brownie,321.94
2026-01-03,BL-260103-0288,Zomato,Cappuccino,179.88
2026-01-03,BL-260103-0288,Zomato,Seasonal Special,401.31
2026-01-03,BL-260103-0290,Swiggy,Espresso,155.33
2026-01-03,BL-260103-0290,Swiggy,Masala Chai,82.3
2026-01-03,BL-260103-0291,Zomato,Masala Chai,165.68
2026-01-03,BL-260103-0295,Zomato,Club Sandwich,320.09
2026-01-03,BL-260103-0302,Zomato,Veg Wrap,259.63
2026-01-03,BL-260103-0303,Swiggy,Espresso,304.91
2026-01-03,BL-260103-0304,Zomato,Cold Brew,223.46
2026-01-03,BL-260103-0305,Swiggy,Espresso,157.32
2026-01-03,BL-260103-0306,Swiggy,Latte,200.77
2026-01-03,BL-260103-0306,Swiggy,Cappuccino,184.05
2026-01-03,BL-260103-0307,Swiggy,Veg Wrap,265.81
2026-01-03,BL-260103-0307,Swiggy,Cappuccino,185.63
2026-01-03,BL-260103-0308,Zomato,Chocolate Brownie,163.04
2026-01-03,BL-260103-0308,Zomato,Veg Wrap,261.02
2026-01-03,BL-260103-0309,Zomato,Croissant,124.09
2026-01-03,BL-260103-0309,Zomato,Avocado Toast,281.54
2026-01-03,BL-260103-0310,Zomato,Cappuccino,181.46
2026-01-03,BL-260103-0310,Zomato,Seasonal Special,396.7
2026-01-03,BL-260103-0315,Swiggy,Iced Latte,500.0
2026-01-03,BL-260103-0317,Zomato,Seasonal Special,401.06
2026-01-03,BL-260103-0317,Zomato,Veg Wrap,260.29
2026-01-03,BL-260103-0319,Swiggy,Blueberry Muffin,143.01
2026-01-03,BL-260103-0319,Swiggy,Cold Brew,224.72
2026-01-03,BL-260103-0319,Swiggy,Chocolate Brownie,160.71
2026-01-03,BL-260103-0320,Zomato,Seasonal Special,396.59
2026-01-03,BL-260103-0321,Swiggy,Croissant,121.7
2026-01-03,BL-260103-0323,Swiggy,Club Sandwich,335.78
2026-01-03,BL-260103-0323,Swiggy,Veg Wrap,260.85
2026-01-03,BL-260103-0326,Zomato,Masala Chai,81.34
2026-01-03,BL-260103-0331,Zomato,Seasonal Special,403.16
2026-01-03,BL-260103-0331,Zomato,Masala Chai,83.37
2026-01-03,BL-260103-0332,Zomato,Latte,206.96
2026-01-03,BL-260103-0332,Zomato,Espresso,156.85
2026-01-03,BL-260103-0335,Zomato,Iced Latte,243.26
2026-01-03,BL-260103-0335,Zomato,Iced Latte,251.71
2026-01-03,BL-260103-0335,Zomato,Chocolate Brownie,166.29
2026-01-03,BL-260103-0335,Zomato,Avocado Toast,283.27
2026-01-04,BL-260104-0341,Zomato,Masala Chai,83.39
2026-01-04,BL-260104-0341,Zomato,Seasonal Special,384.59
2026-01-04,BL-260104-0342,Zomato,Latte,209.72
2026-01-04,BL-260104-0342,Zomato,Club Sandwich,332.12
2026-01-04,BL-260104-0344,Zomato,Blueberry Muffin,286.8
2026-01-04,BL-260104-0346,Zomato,Chocolate Brownie,164.75
2026-01-04,BL-260104-0346,Zomato,Cold Brew,226.4
2026-01-04,BL-260104-0350,Zomato,Espresso,151.89
2026-01-04,BL-260104-0350,Zomato,Iced Latte,242.32
2026-01-04,BL-260104-0350,Zomato,Iced Latte,250.52
2026-01-04,BL-260104-0352,Zomato,Iced Latte,250.89
2026-01-04,BL-260104-0352,Zomato,Croissant,249.97
2026-01-04,BL-260104-0355,Zomato,Club Sandwich,327.27
2026-01-04,BL-260104-0358,Zomato,Veg Wrap,266.52
2026-01-04,BL-260104-0358,Zomato,Veg Wrap,270.88
2026-01-04,BL-260104-0358,Zomato,Avocado Toast,574.4
2026-01-04,BL-260104-0359,Swiggy,Seasonal Special,776.33
2026-01-04,BL-260104-0359,Swiggy,Espresso,157.25
2026-01-04,BL-260104-0360,Swiggy,Seasonal Special,389.99
2026-01-04,BL-260104-0360,Swiggy,Chocolate Brownie,164.52
2026-01-04,BL-260104-0360,Swiggy,Cold Brew,221.42
2026-01-04,BL-260104-0374,Swiggy,Blueberry Muffin,145.34
2026-01-04,BL-260104-0374,Swiggy,Club Sandwich,327.63
2026-01-04,BL-260104-0374,Swiggy,Chocolate Brownie,164.55
2026-01-04,BL-260104-0374,Swiggy,Cappuccino,367.26
2026-01-04,BL-260104-0377,Swiggy,Espresso,152.33
2026-01-04,BL-260104-0377,Swiggy,Seasonal Special,403.7
2026-01-04,BL-260104-0377,Swiggy,Latte,209.19
2026-01-04,BL-260104-0378,Zomato,Espresso,303.36
2026-01-04,BL-260104-0378,Zomato,Masala Chai,82.9
2026-01-04,BL-260104-0381,Zomato,Croissant,121.89
2026-01-04,BL-260104-0381,Zomato,Masala Chai,80.63
2026-01-04,BL-260104-0381,Zomato,Veg Wrap,266.71
2026-01-04,BL-260104-0384,Swiggy,Espresso,304.04
2026-01-04,BL-260104-0384,Swiggy,Iced Latte,240.2
2026-01-04,BL-260104-0385,Swiggy,Iced Latte,247.18
2026-01-04,BL-260104-0385,Swiggy,Cappuccino,181.32
2026-01-04,BL-260104-0386,Swiggy,Espresso,154.1
2026-01-04,BL-260104-0386,Swiggy,Blueberry Muffin,146.24
2026-01-04,BL-260104-0386,Swiggy,Latte,207.37
2026-01-04,BL-260104-0387,Swiggy,Croissant,122.75
2026-01-04,BL-260104-0387,Swiggy,Blueberry Muffin,140.8
2026-01-04,BL-260104-0393,Zomato,Latte,202.05
2026-01-04,BL-260104-0395,Swiggy,Chocolate Brownie,166.8
2026-01-04,BL-260104-0395,Swiggy,Avocado Toast,290.48
2026-01-04,BL-260104-0396,Swiggy,Iced Latte,251.94
2026-01-04,BL-260104-0397,Swiggy,Veg Wrap,269.23
2026-01-04,BL-260104-0399,Swiggy,Club Sandwich,328.96
2026-01-04,BL-260104-0399,Swiggy,Cold Brew,227.23
2026-01-04,BL-260104-0399,Swiggy,Cold Brew,220.95
2026-01-04,BL-260104-0400,Zomato,Blueberry Muffin,144.25
2026-01-04,BL-260104-0404,Swiggy,Cappuccino,369.23
2026-01-04,BL-260104-0404,Swiggy,Chocolate Brownie,161.37
2026-01-04,BL-260104-0405,Zomato,Croissant,121.6
2026-01-04,BL-260104-0405,Zomato,Seasonal Special,391.71
2026-01-04,BL-260104-0407,Swiggy,Seasonal Special,399.69
2026-01-04,BL-260104-0407,Swiggy,Iced Latte,246.67
2026-01-04,BL-260104-0407,Swiggy,Latte,205.25
2026-01-04,BL-260104-0408,Zomato,Veg Wrap,523.92
2026-01-04,BL-260104-0412,Swiggy,Chocolate Brownie,162.4
2026-01-04,BL-260104-0414,Swiggy,Espresso,151.68
2026-01-04,BL-260104-0414,Swiggy,Veg Wrap,266.53
2026-01-04,BL-260104-0414,Swiggy,Seasonal Special,785.31
2026-01-04,BL-260104-0416,Zomato,Club Sandwich,320.15
2026-01-04,BL-260104-0416,Zomato,Croissant,120.62
2026-01-04,BL-260104-0417,Zomato,Croissant,124.18
2026-01-04,BL-260104-0417,Zomato,Chocolate Brownie,333.66
2026-01-04,BL-260104-0418,Zomato,Seasonal Special,404.12
2026-01-04,BL-260104-0420,Zomato,Iced Latte,245.8
2026-01-04,BL-260104-0421,Zomato,Iced Latte,246.0
2026-01-04,BL-260104-0422,Zomato,Masala Chai,81.09
2026-01-04,BL-260104-0423,Swiggy,Latte,201.95
2026-01-04,BL-260104-0423,Swiggy,Seasonal Special,389.04
2026-01-04,BL-260104-0424,Swiggy,Masala Chai,81.56
2026-01-04,BL-260104-0424,Swiggy,Cappuccino,186.34
2026-01-04,BL-260104-0424,Swiggy,Croissant,120.26
2026-01-04,BL-260104-0425,Swiggy,Chocolate Brownie,161.65
2026-01-04,BL-260104-0425,Swiggy,Croissant,125.52
2026-01-04,BL-260104-0425,Swiggy,Cappuccino,186.06
2026-01-04,BL-260104-0429,Zomato,Cold Brew,230.21
2026-01-04,BL-260104-0433,Swiggy,Croissant,122.28
2026-01-04,BL-260104-0433,Swiggy,Chocolate Brownie,319.57
2026-01-04,BL-260104-0438,Zomato,Espresso,150.72
2026-01-04,BL-260104-0445,Zomato,Club Sandwich,334.99
2026-01-04,BL-260104-0445,Zomato,Masala Chai,82.99
2026-01-04,BL-260104-0446,Swiggy,Iced Latte,248.77
2026-01-04,BL-260104-0448,Swiggy,Seasonal Special,386.88
2026-01-04,BL-260104-0448,Swiggy,Masala Chai,80.36
2026-01-04,BL-260104-0450,Swiggy,Croissant,125.33
2026-01-04,BL-260104-0450,Swiggy,Iced Latte,248.8
2026-01-04,BL-260104-0450,Swiggy,Blueberry Muffin,141.86
2026-01-04,BL-260104-0454,Zomato,Cappuccino,182.94
2026-01-04,BL-260104-0454,Zomato,Veg Wrap,264.25
2026-01-04,BL-260104-0459,Zomato,Croissant,244.44
2026-01-04,BL-260104-0459,Zomato,Chocolate Brownie,164.49
2026-01-04,BL-260104-0460,Swiggy,Veg Wrap,271.83
2026-01-04,BL-260104-0462,Zomato,Chocolate Brownie,167.95
2026-01-04,BL-260104-0462,Zomato,Iced Latte,487.08
2026-01-04,BL-260104-0464,Swiggy,Iced Latte,242.4
2026-01-04,BL-260104-0464,Swiggy,Avocado Toast,280.88
2026-01-04,BL-260104-0464,Swiggy,Chocolate Brownie,323.17
2026-01-04,BL-260104-0465,Swiggy,Iced Latte,246.11
2026-01-04,BL-260104-0465,Swiggy,Blueberry Muffin,144.38
2026-01-04,BL-260104-0466,Zomato,Iced Latte,249.88
2026-01-04,BL-260104-0466,Zomato,Club Sandwich,652.32
2026-01-04,BL-260104-0467,Zomato,Iced Latte,243.42
2026-01-04,BL-260104-0467,Zomato,Masala Chai,80.0
2026-01-04,BL-260104-0468,Swiggy,Club Sandwich,330.47
2026-01-04,BL-260104-0468,Swiggy,Veg Wrap,266.82
2026-01-04,BL-260104-0469,Swiggy,Iced Latte,239.84
2026-01-04,BL-260104-0469,Swiggy,Latte,207.81
2026-01-04,BL-260104-0470,Zomato,Seasonal Special,387.95
2026-01-04,BL-260104-0470,Zomato,Veg Wrap,268.1
2026-01-04,BL-260104-0472,Swiggy,Veg Wrap,269.03
2026-01-04,BL-260104-0472,Swiggy,Latte,409.97
2026-01-04,BL-260104-0473,Zomato,Cappuccino,184.17
2026-01-04,BL-260104-0473,Zomato,Latte,202.44
2026-01-05,BL-260105-0474,Zomato,Blueberry Muffin,143.69
2026-01-05,BL-260105-0474,Zomato,Masala Chai,160.68
2026-01-05,BL-260105-0475,Zomato,Espresso,153.88
2026-01-05,BL-260105-0475,Zomato,Veg Wrap,529.57
2026-01-05,BL-260105-0477,Swiggy,Iced Latte,250.13
2026-01-05,BL-260105-0477,Swiggy,Cappuccino,180.47
2026-01-05,BL-260105-0479,Swiggy,Chocolate Brownie,162.3
2026-01-05,BL-260105-0482,Swiggy,Club Sandwich,322.67
2026-01-05,BL-260105-0483,Zomato,Avocado Toast,293.06
2026-01-05,BL-260105-0483,Zomato,Latte,208.73
2026-01-05,BL-260105-0484,Swiggy,Espresso,301.24
2026-01-05,BL-260105-0485,Swiggy,Club Sandwich,320.08
2026-01-05,BL-260105-0485,Swiggy,Avocado Toast,284.74
2026-01-05,BL-260105-0485,Swiggy,Masala Chai,82.77
2026-01-05,BL-260105-0487,Swiggy,Croissant,125.13
2026-01-05,BL-260105-0487,Swiggy,Croissant,240.68
2026-01-05,BL-260105-0487,Swiggy,Cappuccino,181.72
2026-01-05,BL-260105-0489,Swiggy,Club Sandwich,325.05
2026-01-05,BL-260105-0490,Swiggy,Avocado Toast,283.34
2026-01-05,BL-260105-0492,Swiggy,Veg Wrap,533.75
2026-01-05,BL-260105-0493,Zomato,Club Sandwich,330.97
2026-01-05,BL-260105-0496,Swiggy,Avocado Toast,283.55
2026-01-05,BL-260105-0496,Swiggy,Chocolate Brownie,163.56
2026-01-05,BL-260105-0501,Swiggy,Latte,203.5
2026-01-05,BL-260105-0506,Swiggy,Seasonal Special,392.76
2026-01-05,BL-260105-0506,Swiggy,Latte,204.75
2026-01-05,BL-260105-0506,Swiggy,Masala Chai,83.29
2026-01-05,BL-260105-0510,Swiggy,Club Sandwich,320.64
2026-01-05,BL-260105-0511,Swiggy,Avocado Toast,281.11
2026-01-05,BL-260105-0518,Zomato,Cold Brew,444.08
2026-01-05,BL-260105-0518,Zomato,Seasonal Special,395.23
2026-01-05,BL-260105-0519,Zomato,Cappuccino,183.08
2026-01-05,BL-260105-0519,Zomato,Latte,204.13
2026-01-05,BL-260105-0519,Zomato,Croissant,122.11
2026-01-05,BL-260105-0520,Swiggy,Croissant,244.2
2026-01-05,BL-260105-0520,Swiggy,Veg Wrap,524.63
2026-01-05,BL-260105-0522,Zomato,Avocado Toast,291.83
2026-01-05,BL-260105-0524,Zomato,Club Sandwich,330.36
2026-01-05,BL-260105-0524,Zomato,Croissant,125.34
2026-01-05,BL-260105-0524,Zomato,Blueberry Muffin,146.97
2026-01-05,BL-260105-0527,Swiggy,Masala Chai,81.22
2026-01-05,BL-260105-0527,Swiggy,Chocolate Brownie,166.79
2026-01-05,BL-260105-0528,Swiggy,Veg Wrap,272.37
2026-01-05,BL-260105-0528,Swiggy,Avocado Toast,291.82
2026-01-05,BL-260105-0528,Swiggy,Cappuccino,186.35
2026-01-05,BL-260105-0533,Swiggy,Iced Latte,248.23
2026-01-05,BL-260105-0533,Swiggy,Seasonal Special,770.27
2026-01-05,BL-260105-0534,Zomato,Chocolate Brownie,164.01
2026-01-05,BL-260105-0537,Zomato,Club Sandwich,639.07
2026-01-05,BL-260105-0537,Zomato,Croissant,123.57
2026-01-05,BL-260105-0538,Swiggy,Veg Wrap,272.56
2026-01-05,BL-260105-0542,Swiggy,Cold Brew,223.87
2026-01-05,BL-260105-0542,Swiggy,Blueberry Muffin,142.16
2026-01-05,BL-260105-0543,Zomato,Latte,202.41
2026-01-05,BL-260105-0545,Swiggy,Cappuccino,182.3
2026-01-05,BL-260105-0545,Swiggy,Masala Chai,82.05
2026-01-05,BL-260105-0546,Swiggy,Iced Latte,249.85
2026-01-05,BL-260105-0548,Swiggy,Blueberry Muffin,146.97
2026-01-05,BL-260105-0549,Zomato,Cold Brew,230.27
2026-01-05,BL-260105-0549,Zomato,Seasonal Special,390.83
2026-01-05,BL-260105-0552,Zomato,Espresso,150.54
2026-01-05,BL-260105-0552,Zomato,Veg Wrap,268.43
2026-01-05,BL-260105-0554,Swiggy,Veg Wrap,272.46
2026-01-05,BL-260105-0554,Swiggy,Veg Wrap,262.75
2026-01-05,BL-260105-0557,Zomato,Masala Chai,83.3
2026-01-05,BL-260105-0558,Swiggy,Cappuccino,184.96
2026-01-05,BL-260105-0558,Swiggy,Seasonal Special,796.36
2026-01-06,BL-260106-0559,Swiggy,Chocolate Brownie,163.89
2026-01-06,BL-260106-0560,Zomato,Iced Latte,242.53
2026-01-06,BL-260106-0560,Zomato,Avocado Toast,284.67
2026-01-06,BL-260106-0561,Swiggy,Veg Wrap,263.91
2026-01-06,BL-260106-0561,Swiggy,Iced Latte,240.1
2026-01-06,BL-260106-0562,Zomato,Veg Wrap,267.75
2026-01-06,BL-260106-0564,Zomato,Espresso,157.49
2026-01-06,BL-260106-0564,Zomato,Seasonal Special,393.64
2026-01-06,BL-260106-0569,Swiggy,Chocolate Brownie,160.98
2026-01-06,BL-260106-0569,Swiggy,Cappuccino,180.79
2026-01-06,BL-260106-0572,Swiggy,Club Sandwich,323.96
2026-01-06,BL-260106-0572,Swiggy,Espresso,156.81
2026-01-06,BL-260106-0574,Zomato,Seasonal Special,386.63
2026-01-06,BL-260106-0574,Zomato,Veg Wrap,260.58
2026-01-06,BL-260106-0574,Zomato,Veg Wrap,265.33
2026-01-06,BL-260106-0583,Swiggy,Seasonal Special,387.71
2026-01-06,BL-260106-0583,Swiggy,Iced Latte,246.39
2026-01-06,BL-260106-0584,Swiggy,Club Sandwich,326.38
2026-01-06,BL-260106-0586,Swiggy,Club Sandwich,322.24
2026-01-06,BL-260106-0586,Swiggy,Seasonal Special,384.73
2026-01-06,BL-260106-0593,Swiggy,Espresso,151.58
2026-01-06,BL-260106-0596,Zomato,Cold Brew,221.09
2026-01-06,BL-260106-0596,Zomato,Croissant,120.67
2026-01-06,BL-260106-0596,Zomato,Latte,200.08
2026-01-06,BL-260106-0600,Swiggy,Iced Latte,479.83
2026-01-06,BL-260106-0600,Swiggy,Blueberry Muffin,281.53
2026-01-06,BL-260106-0600,Swiggy,Masala Chai,82.07
2026-01-06,BL-260106-0603,Swiggy,Blueberry Muffin,141.12
2026-01-06,BL-260106-0603,Swiggy,Masala Chai,80.72
2026-01-06,BL-260106-0606,Swiggy,Croissant,119.76
2026-01-06,BL-260106-0606,Swiggy,Croissant,124.74
2026-01-06,BL-260106-0606,Swiggy,Croissant,124.07
2026-01-06,BL-260106-0609,Swiggy,Latte,202.2
2026-01-06,BL-260106-0609,Swiggy,Cappuccino,180.38
2026-01-06,BL-260106-0614,Swiggy,Avocado Toast,284.46
2026-01-06,BL-260106-0616,Swiggy,Club Sandwich,323.47
2026-01-06,BL-260106-0616,Swiggy,Veg Wrap,264.45
2026-01-06,BL-260106-0616,Swiggy,Blueberry Muffin,145.02
2026-01-06,BL-260106-0616,Swiggy,Espresso,151.75
2026-01-06,BL-260106-0618,Zomato,Avocado Toast,282.97
2026-01-06,BL-260106-0618,Zomato,Club Sandwich,329.55
2026-01-06,BL-260106-0618,Zomato,Cappuccino,182.91
2026-01-06,BL-260106-0622,Swiggy,Latte,204.76
2026-01-06,BL-260106-0622,Swiggy,Iced Latte,243.04
2026-01-06,BL-260106-0623,Swiggy,Blueberry Muffin,146.17
2026-01-06,BL-260106-0631,Zomato,Espresso,154.57
2026-01-06,BL-260106-0634,Swiggy,Chocolate Brownie,165.22
2026-01-06,BL-260106-0634,Swiggy,Avocado Toast,291.79
2026-01-06,BL-260106-0638,Zomato,Masala Chai,164.63
2026-01-06,BL-260106-0638,Zomato,Blueberry Muffin,140.79
2026-01-07,BL-260107-0642,Swiggy,Latte,207.12
2026-01-07,BL-260107-0642,Swiggy,Iced Latte,492.62
2026-01-07,BL-260107-0645,Zomato,Cappuccino,360.17
2026-01-07,BL-260107-0647,Zomato,Masala Chai,81.72
2026-01-07,BL-260107-0647,Zomato,Latte,410.36
2026-01-07,BL-260107-0647,Zomato,Espresso,156.22
2026-01-07,BL-260107-0648,Swiggy,Latte,403.08
2026-01-07,BL-260107-0648,Swiggy,Latte,203.53
2026-01-07,BL-260107-0649,Zomato,Iced Latte,498.66
2026-01-07,BL-260107-0649,Zomato,Avocado Toast,291.13
2026-01-07,BL-260107-0651,Zomato,Avocado Toast,285.18
2026-01-07,BL-260107-0651,Zomato,Espresso,299.36
2026-01-07,BL-260107-0652,Swiggy,Club Sandwich,320.22
2026-01-07,BL-260107-0652,Swiggy,Chocolate Brownie,160.4
2026-01-07,BL-260107-0654,Swiggy,Croissant,121.37
2026-01-07,BL-260107-0656,Zomato,Club Sandwich,333.62
2026-01-07,BL-260107-0656,Zomato,Espresso,153.61
2026-01-07,BL-260107-0659,Zomato,Espresso,153.71
2026-01-07,BL-260107-0659,Zomato,Masala Chai,81.26
2026-01-07,BL-260107-0659,Zomato,Chocolate Brownie,164.34
2026-01-07,BL-260107-0660,Swiggy,Croissant,121.0
2026-01-07,BL-260107-0660,Swiggy,Espresso,149.99
2026-01-07,BL-260107-0661,Swiggy,Club Sandwich,320.92
2026-01-07,BL-260107-0667,Swiggy,Latte,200.15
2026-01-07,BL-260107-0668,Zomato,Cold Brew,228.79
2026-01-07,BL-260107-0668,Zomato,Avocado Toast,560.54
2026-01-07,BL-260107-0677-R,Swiggy,Club Sandwich,330.87
2026-01-07,BL-260107-0677-R,Swiggy,Espresso,156.95
2026-01-07,BL-260107-0679,Zomato,Iced Latte,247.77
2026-01-07,BL-260107-0679,Zomato,Chocolate Brownie,163.42
2026-01-07,BL-260107-0682,Zomato,Veg Wrap,268.48
2026-01-07,BL-260107-0682,Zomato,Iced Latte,251.48
2026-01-07,BL-260107-0682,Zomato,Club Sandwich,322.64
2026-01-07,BL-260107-0683,Zomato,Avocado Toast,289.54
2026-01-07,BL-260107-0688,Swiggy,Club Sandwich,326.5
2026-01-07,BL-260107-0691,Zomato,Veg Wrap,259.5
2026-01-07,BL-260107-0691,Zomato,Seasonal Special,390.35
2026-01-07,BL-260107-0693,Zomato,Veg Wrap,267.1
2026-01-07,BL-260107-0693,Zomato,Espresso,151.64
2026-01-07,BL-260107-0698,Swiggy,Club Sandwich,329.22
2026-01-07,BL-260107-0698,Swiggy,Cappuccino,374.99
2026-01-07,BL-260107-0698,Swiggy,Veg Wrap,260.25
2026-01-07,BL-260107-0699,Zomato,Croissant,123.35
2026-01-07,BL-260107-0699,Zomato,Cappuccino,187.92
2026-01-07,BL-260107-0700,Zomato,Chocolate Brownie,166.88
2026-01-07,BL-260107-0700,Zomato,Cold Brew,225.95
2026-01-07,BL-260107-0701,Zomato,Veg Wrap,272.55
2026-01-07,BL-260107-0705,Swiggy,Iced Latte,251.59
2026-01-07,BL-260107-0707,Zomato,Latte,409.95
2026-01-07,BL-260107-0716,Zomato,Club Sandwich,335.54
2026-01-07,BL-260107-0717,Swiggy,Iced Latte,480.36
2026-01-07,BL-260107-0717,Swiggy,Croissant,122.42
2026-01-07,BL-260107-0717,Swiggy,Espresso,307.64
2026-01-07,BL-260107-0717,Swiggy,Espresso,310.58
2026-01-07,BL-260107-0722,Zomato,Iced Latte,249.98
2026-01-07,BL-260107-0722,Zomato,Iced Latte,481.02
2026-01-07,BL-260107-0727,Swiggy,Iced Latte,250.51
2026-01-07,BL-260107-0727,Swiggy,Croissant,125.07
2026-01-07,BL-260107-0728,Zomato,Iced Latte,243.04
2026-01-07,BL-260107-0728,Zomato,Chocolate Brownie,160.7
2026-01-07,BL-260107-0730,Zomato,Chocolate Brownie,165.57
2026-01-07,BL-260107-0731,Swiggy,Club Sandwich,324.68
2026-01-07,BL-260107-0731,Swiggy,Croissant,124.89
2026-01-07,BL-260107-0731,Swiggy,Seasonal Special,398.24
2026-01-07,BL-260107-0735,Zomato,Espresso,155.33
2026-01-07,BL-260107-0735,Zomato,Chocolate Brownie,160.5
2026-01-07,BL-260107-0737,Swiggy,Chocolate Brownie,167.97
2026-01-07,BL-260107-0737,Swiggy,Blueberry Muffin,145.47
2026-01-07,BL-260107-0737,Swiggy,Cappuccino,186.51
2026-01-07,BL-260107-0740,Swiggy,Iced Latte,240.79
2026-01-07,BL-260107-0741,Swiggy,Cappuccino,182.12
2026-01-07,BL-260107-0743,Zomato,Masala Chai,79.86
2026-01-07,BL-260107-0744,Zomato,Chocolate Brownie,167.89
2026-01-07,BL-260107-0746,Swiggy,Avocado Toast,291.77
2026-01-07,BL-260107-0746,Swiggy,Cold Brew,221.08
2026-01-08,BL-260108-0755,Swiggy,Club Sandwich,333.37
2026-01-08,BL-260108-0756,Swiggy,Croissant,124.07
2026-01-08,BL-260108-0756,Swiggy,Iced Latte,243.92
2026-01-08,BL-260108-0761,Zomato,Club Sandwich,334.42
2026-01-08,BL-260108-0762,Swiggy,Blueberry Muffin,139.68
2026-01-08,BL-260108-0762,Swiggy,Iced Latte,239.76
2026-01-08,BL-260108-0763,Swiggy,Seasonal Special,396.78
2026-01-08,BL-260108-0763,Swiggy,Chocolate Brownie,160.68
2026-01-08,BL-260108-0763,Swiggy,Latte,201.12
2026-01-08,BL-260108-0765,Zomato,Croissant,121.79
2026-01-08,BL-260108-0767,Zomato,Espresso,156.04
2026-01-08,BL-260108-0767,Zomato,Seasonal Special,404.04
2026-01-08,BL-260108-0767,Zomato,Blueberry Muffin,141.68
2026-01-08,BL-260108-0768,Swiggy,Croissant,124.88
2026-01-08,BL-260108-0768,Swiggy,Club Sandwich,332.2
2026-01-08,BL-260108-0768,Swiggy,Iced Latte,499.54
2026-01-08,BL-260108-0774,Swiggy,Cold Brew,220.6
2026-01-08,BL-260108-0778,Zomato,Espresso,154.59
2026-01-08,BL-260108-0779,Zomato,Croissant,123.58
2026-01-08,BL-260108-0779,Zomato,Croissant,124.04
2026-01-08,BL-260108-0781,Swiggy,Chocolate Brownie,162.93
2026-01-08,BL-260108-0781,Swiggy,Avocado Toast,287.04
2026-01-08,BL-260108-0781,Swiggy,Avocado Toast,584.72
2026-01-08,BL-260108-0782-R,Zomato,Chocolate Brownie,166.34
2026-01-08,BL-260108-0782-R,Zomato,Croissant,124.23
2026-01-08,BL-260108-0785,Zomato,Veg Wrap,267.23
2026-01-08,BL-260108-0785,Zomato,Espresso,310.95
2026-01-08,BL-260108-0786,Swiggy,Club Sandwich,321.65
2026-01-08,BL-260108-0787,Swiggy,Veg Wrap,267.56
2026-01-08,BL-260108-0787,Swiggy,Veg Wrap,272.93
2026-01-08,BL-260108-0789,Swiggy,Blueberry Muffin,293.82
2026-01-08,BL-260108-0792,Swiggy,Cold Brew,224.79
2026-01-08,BL-260108-0794,Zomato,Veg Wrap,260.92
2026-01-08,BL-260108-0794,Zomato,Avocado Toast,288.24
2026-01-08,BL-260108-0794,Zomato,Blueberry Muffin,144.9
2026-01-08,BL-260108-0796,Swiggy,Chocolate Brownie,167.81
2026-01-08,BL-260108-0796,Swiggy,Espresso,153.78
2026-01-08,BL-260108-0798,Swiggy,Espresso,151.81
2026-01-08,BL-260108-0799,Zomato,Chocolate Brownie,161.99
2026-01-08,BL-260108-0802,Swiggy,Seasonal Special,393.7
2026-01-08,BL-260108-0803,Swiggy,Chocolate Brownie,165.52
2026-01-08,BL-260108-0805,Zomato,Espresso,307.41
2026-01-08,BL-260108-0805,Zomato,Croissant,120.03
2026-01-08,BL-260108-0808,Swiggy,Club Sandwich,331.34
2026-01-08,BL-260108-0808,Swiggy,Chocolate Brownie,167.47
2026-01-08,BL-260108-0809,Swiggy,Seasonal Special,400.28
2026-01-08,BL-260108-0809,Swiggy,Blueberry Muffin,145.55
2026-01-08,BL-260108-0813,Swiggy,Veg Wrap,270.87
2026-01-08,BL-260108-0813,Swiggy,Seasonal Special,401.06
2026-01-08,BL-260108-0814,Swiggy,Iced Latte,248.69
2026-01-08,BL-260108-0814,Swiggy,Masala Chai,82.6
2026-01-08,BL-260108-0820,Zomato,Masala Chai,164.25
2026-01-08,BL-260108-0820,Zomato,Espresso,155.71
2026-01-08,BL-260108-0822,Swiggy,Seasonal Special,401.05
2026-01-08,BL-260108-0822,Swiggy,Club Sandwich,651.5
2026-01-08,BL-260108-0822,Swiggy,Seasonal Special,390.43
2026-01-08,BL-260108-0825,Zomato,Cappuccino,180.07
2026-01-08,BL-260108-0825,Zomato,Seasonal Special,397.21
2026-01-08,BL-260108-0826,Swiggy,Iced Latte,240.41
2026-01-08,BL-260108-0826,Swiggy,Cappuccino,180.51
2026-01-08,BL-260108-0828,Swiggy,Latte,404.45
2026-01-08,BL-260108-0828,Swiggy,Chocolate Brownie,329.03
2026-01-08,BL-260108-0830,Zomato,Masala Chai,80.44
2026-01-08,BL-260108-0830,Zomato,Club Sandwich,327.29
2026-01-08,BL-260108-0836,Swiggy,Cappuccino,181.44
2026-01-08,BL-260108-0836,Swiggy,Seasonal Special,400.57
2026-01-08,BL-260108-0842,Swiggy,Croissant,248.49
2026-01-08,BL-260108-0843,Zomato,Iced Latte,243.58
2026-01-08,BL-260108-0843,Zomato,Chocolate Brownie,159.94
2026-01-08,BL-260108-0844,Zomato,Cold Brew,229.16
2026-01-08,BL-260108-0844,Zomato,Croissant,124.43
2026-01-08,BL-260108-0847,Zomato,Croissant,120.48
2026-01-08,BL-260108-0847,Zomato,Seasonal Special,393.68
2026-01-08,BL-260108-0848,Zomato,Blueberry Muffin,139.92
2026-01-08,BL-260108-0848,Zomato,Cappuccino,180.82
2026-01-08,BL-260108-0848,Zomato,Chocolate Brownie,160.4
2026-01-08,BL-260108-0854,Swiggy,Latte,206.74
2026-01-08,BL-260108-0855,Swiggy,Veg Wrap,269.4
2026-01-08,BL-260108-0857,Swiggy,Cold Brew,451.83
2026-01-08,BL-260108-0857,Swiggy,Espresso,155.58
2026-01-08,BL-260108-0857,Swiggy,Club Sandwich,328.63
2026-01-08,BL-260108-0859,Zomato,Espresso,150.98
2026-01-08,BL-260108-0860,Zomato,Blueberry Muffin,146.23
2026-01-08,BL-260108-0860,Zomato,Chocolate Brownie,162.1
2026-01-08,BL-260108-0860,Zomato,Blueberry Muffin,140.85
2026-01-08,BL-260108-0862,Zomato,Blueberry Muffin,141.38
2026-01-08,BL-260108-0862,Zomato,Croissant,123.15
2026-01-08,BL-260108-0863,Zomato,Cappuccino,377.0
2026-01-08,BL-260108-0863,Zomato,Club Sandwich,319.58
2026-01-08,BL-260108-0865,Swiggy,Masala Chai,82.69
2026-01-09,BL-260109-0868,Zomato,Masala Chai,81.52
2026-01-09,BL-260109-0871,Swiggy,Blueberry Muffin,146.23
2026-01-09,BL-260109-0873,Swiggy,Cold Brew,220.03
2026-01-09,BL-260109-0875,Swiggy,Veg Wrap,260.17
2026-01-09,BL-260109-0878,Zomato,Cold Brew,226.52
2026-01-09,BL-260109-0878,Zomato,Seasonal Special,402.89
2026-01-09,BL-260109-0880,Zomato,Veg Wrap,267.81
2026-01-09,BL-260109-0880,Zomato,Avocado Toast,291.3
2026-01-09,BL-260109-0881,Zomato,Espresso,155.0
2026-01-09,BL-260109-0883,Swiggy,Club Sandwich,331.25
2026-01-09,BL-260109-0885,Swiggy,Masala Chai,82.19
2026-01-09,BL-260109-0885,Swiggy,Espresso,154.27
2026-01-09,BL-260109-0885,Swiggy,Croissant,122.05
2026-01-09,BL-260109-0887,Swiggy,Croissant,124.07
2026-01-09,BL-260109-0891,Zomato,Blueberry Muffin,141.83
2026-01-09,BL-260109-0892,Zomato,Avocado Toast,575.96
2026-01-09,BL-260109-0893,Zomato,Espresso,307.55
2026-01-09,BL-260109-0894,Zomato,Cappuccino,360.11
2026-01-09,BL-260109-0894,Zomato,Masala Chai,160.55
2026-01-09,BL-260109-0898,Swiggy,Seasonal Special,389.95
2026-01-09,BL-260109-0898,Swiggy,Masala Chai,81.68
2026-01-09,BL-260109-0899,Zomato,Latte,208.65
2026-01-09,BL-260109-0901,Zomato,Veg Wrap,272.32
2026-01-09,BL-260109-0901,Zomato,Croissant,122.67
2026-01-09,BL-260109-0901,Zomato,Cold Brew,225.28
2026-01-09,BL-260109-0902,Zomato,Cappuccino,179.79
2026-01-09,BL-260109-0902,Zomato,Espresso,305.94
2026-01-09,BL-260109-0905,Swiggy,Chocolate Brownie,164.89
2026-01-09,BL-260109-0905,Swiggy,Seasonal Special,393.22
2026-01-09,BL-260109-0907,Swiggy,Croissant,244.03
2026-01-09,BL-260109-0907,Swiggy,Masala Chai,80.68
2026-01-09,BL-260109-0907,Swiggy,Espresso,156.05
2026-01-09,BL-260109-0910,Swiggy,Masala Chai,80.61
2026-01-09,BL-260109-0910,Swiggy,Masala Chai,82.01
2026-01-09,BL-260109-0910,Swiggy,Blueberry Muffin,145.19
2026-01-09,BL-260109-0911,Swiggy,Seasonal Special,400.32
2026-01-09,BL-260109-0911,Swiggy,Masala Chai,81.6
2026-01-09,BL-260109-0916,Swiggy,Espresso,157.37
2026-01-09,BL-260109-0919,Zomato,Iced Latte,251.29
2026-01-09,BL-260109-0919,Zomato,Cappuccino,182.41
2026-01-09,BL-260109-0919,Zomato,Cappuccino,181.83
2026-01-09,BL-260109-0923,Swiggy,Masala Chai,81.28
2026-01-09,BL-260109-0923,Swiggy,Club Sandwich,643.66
2026-01-09,BL-260109-0923,Swiggy,Avocado Toast,293.82
2026-01-09,BL-260109-0925,Zomato,Club Sandwich,335.81
2026-01-09,BL-260109-0925,Zomato,Cappuccino,185.4
2026-01-09,BL-260109-0925,Zomato,Latte,207.74
2026-01-09,BL-260109-0927,Swiggy,Cappuccino,182.15
2026-01-09,BL-260109-0927,Swiggy,Club Sandwich,331.41
2026-01-09,BL-260109-0927,Swiggy,Chocolate Brownie,167.47
2026-01-09,BL-260109-0931,Zomato,Iced Latte,495.61
2026-01-09,BL-260109-0931,Zomato,Veg Wrap,262.71
2026-01-09,BL-260109-0934,Swiggy,Veg Wrap,261.61
2026-01-09,BL-260109-0935,Swiggy,Seasonal Special,387.57
2026-01-09,BL-260109-0935,Swiggy,Cold Brew,230.64
2026-01-09,BL-260109-0938,Swiggy,Blueberry Muffin,288.41
2026-01-09,BL-260109-0938,Swiggy,Seasonal Special,789.3
2026-01-09,BL-260109-0939,Swiggy,Blueberry Muffin,144.72
2026-01-09,BL-260109-0940,Swiggy,Cappuccino,369.6
2026-01-09,BL-260109-0940,Swiggy,Blueberry Muffin,142.85
2026-01-09,BL-260109-0940,Swiggy,Iced Latte,243.2
2026-01-09,BL-260109-0944,Zomato,Latte,209.09
2026-01-09,BL-260109-0944,Zomato,Veg Wrap,263.99
2026-01-09,BL-260109-0946,Zomato,Blueberry Muffin,145.43
2026-01-09,BL-260109-0946,Zomato,Croissant,122.05
2026-01-09,BL-260109-0950,Swiggy,Avocado Toast,570.21
2026-01-09,BL-260109-0950,Swiggy,Blueberry Muffin,141.92
2026-01-09,BL-260109-0950,Swiggy,Avocado Toast,284.72
2026-01-09,BL-260109-0952,Zomato,Veg Wrap,265.59
2026-01-09,BL-260109-0952,Zomato,Cold Brew,224.28
2026-01-09,BL-260109-0953,Swiggy,Veg Wrap,267.88
2026-01-09,BL-260109-0953,Swiggy,Blueberry Muffin,140.15
2026-01-09,BL-260109-0958,Zomato,Latte,205.73
2026-01-09,BL-260109-0958,Zomato,Blueberry Muffin,140.44
2026-01-09,BL-260109-0958,Zomato,Iced Latte,248.99
2026-01-09,BL-260109-0961,Swiggy,Iced Latte,494.44
2026-01-09,BL-260109-0965,Zomato,Chocolate Brownie,163.52
2026-01-09,BL-260109-0968,Swiggy,Croissant,122.7
2026-01-09,BL-260109-0968,Swiggy,Espresso,153.56
2026-01-09,BL-260109-0969,Zomato,Cappuccino,187.12
2026-01-09,BL-260109-0972,Zomato,Masala Chai,82.7
2026-01-09,BL-260109-0972,Zomato,Cappuccino,375.24
2026-01-09,BL-260109-0972,Zomato,Cappuccino,186.93
2026-01-09,BL-260109-0974,Swiggy,Iced Latte,251.47
2026-01-09,BL-260109-0974,Swiggy,Cappuccino,374.32
2026-01-09,BL-260109-0977,Zomato,Club Sandwich,321.5
2026-01-09,BL-260109-0977,Zomato,Espresso,150.85
2026-01-10,BL-260110-0980,Zomato,Espresso,314.97
2026-01-10,BL-260110-0981,Swiggy,Espresso,309.8
2026-01-10,BL-260110-0981,Swiggy,Club Sandwich,335.34
2026-01-10,BL-260110-0982,Zomato,Iced Latte,244.25
2026-01-10,BL-260110-0982,Zomato,Club Sandwich,334.91
2026-01-10,BL-260110-0985,Swiggy,Blueberry Muffin,144.32
2026-01-10,BL-260110-0991,Zomato,Seasonal Special,393.43
2026-01-10,BL-260110-0992,Swiggy,Club Sandwich,327.66
2026-01-10,BL-260110-0992,Swiggy,Avocado Toast,289.77
2026-01-10,BL-260110-0992,Swiggy,Cold Brew,453.01
2026-01-10,BL-260110-0993,Swiggy,Espresso,303.49
2026-01-10,BL-260110-0993,Swiggy,Veg Wrap,269.49
2026-01-10,BL-260110-0995,Zomato,Seasonal Special,393.44
2026-01-10,BL-260110-0999,Swiggy,Latte,208.99
2026-01-10,BL-260110-0999,Swiggy,Club Sandwich,327.69
2026-01-10,BL-260110-0999,Swiggy,Latte,209.66
2026-01-10,BL-260110-1001,Zomato,Croissant,119.82
2026-01-10,BL-260110-1002,Zomato,Masala Chai,79.91
2026-01-10,BL-260110-1002,Zomato,Masala Chai,166.47
2026-01-10,BL-260110-1003,Zomato,Avocado Toast,562.41
2026-01-10,BL-260110-1003,Zomato,Avocado Toast,292.52
2026-01-10,BL-260110-1003,Zomato,Seasonal Special,795.89
2026-01-10,BL-260110-1007,Zomato,Croissant,122.19
2026-01-10,BL-260110-1007,Zomato,Latte,207.99
2026-01-10,BL-260110-1012,Swiggy,Iced Latte,239.86
2026-01-10,BL-260110-1012,Swiggy,Espresso,154.05
2026-01-10,BL-260110-1020,Swiggy,Veg Wrap,270.65
2026-01-10,BL-260110-1020,Swiggy,Cold Brew,222.54
2026-01-10,BL-260110-1020,Swiggy,Cold Brew,227.59
2026-01-10,BL-260110-1024,Zomato,Latte,205.86
2026-01-10,BL-260110-1025,Swiggy,Latte,204.2
2026-01-10,BL-260110-1025,Swiggy,Avocado Toast,290.18
2026-01-10,BL-260110-1027,Swiggy,Iced Latte,495.49
2026-01-10,BL-260110-1027,Swiggy,Seasonal Special,403.7
2026-01-10,BL-260110-1030,Zomato,Seasonal Special,391.68
2026-01-10,BL-260110-1030,Zomato,Masala Chai,83.83
2026-01-10,BL-260110-1034,Zomato,Chocolate Brownie,160.8
2026-01-10,BL-260110-1043,Zomato,Iced Latte,241.63
2026-01-10,BL-260110-1044,Zomato,Club Sandwich,333.75
2026-01-10,BL-260110-1044,Zomato,Latte,209.26
2026-01-10,BL-260110-1047,Swiggy,Seasonal Special,393.75
2026-01-10,BL-260110-1048,Zomato,Cappuccino,187.08
2026-01-10,BL-260110-1048,Zomato,Croissant,250.89
2026-01-10,BL-260110-1050,Zomato,Latte,200.59
2026-01-10,BL-260110-1050,Zomato,Seasonal Special,395.21
2026-01-10,BL-260110-1051,Zomato,Veg Wrap,263.12
2026-01-10,BL-260110-1052,Swiggy,Masala Chai,163.12
2026-01-10,BL-260110-1052,Swiggy,Seasonal Special,392.65
2026-01-10,BL-260110-1054,Swiggy,Veg Wrap,259.61
2026-01-10,BL-260110-1056,Zomato,Seasonal Special,792.16
2026-01-10,BL-260110-1056,Zomato,Croissant,125.86
2026-01-10,BL-260110-1057,Swiggy,Iced Latte,239.47
2026-01-10,BL-260110-1058,Swiggy,Avocado Toast,280.81
2026-01-10,BL-260110-1058,Swiggy,Iced Latte,240.69
2026-01-10,BL-260110-1059,Zomato,Seasonal Special,392.31
2026-01-10,BL-260110-1059,Zomato,Avocado Toast,287.62
2026-01-10,BL-260110-1059,Zomato,Latte,205.98
2026-01-10,BL-260110-1061,Swiggy,Cappuccino,187.45
2026-01-10,BL-260110-1061,Swiggy,Cappuccino,180.95
2026-01-10,BL-260110-1065,Zomato,Espresso,150.16
2026-01-10,BL-260110-1065,Zomato,Seasonal Special,403.79
2026-01-10,BL-260110-1065,Zomato,Latte,415.83
2026-01-10,BL-260110-1067,Swiggy,Croissant,122.77
2026-01-10,BL-260110-1068,Zomato,Blueberry Muffin,142.09
2026-01-10,BL-260110-1068,Zomato,Iced Latte,251.38
2026-01-10,BL-260110-1069,Zomato,Iced Latte,498.04
2026-01-10,BL-260110-1069,Zomato,Veg Wrap,271.61
2026-01-10,BL-260110-1070,Swiggy,Espresso,150.93
2026-01-10,BL-260110-1074,Zomato,Espresso,153.38
2026-01-10,BL-260110-1074,Zomato,Latte,417.09
2026-01-10,BL-260110-1076,Swiggy,Club Sandwich,331.79
2026-01-10,BL-260110-1076,Swiggy,Veg Wrap,260.95
2026-01-10,BL-260110-1076,Swiggy,Chocolate Brownie,163.35
2026-01-10,BL-260110-1077,Swiggy,Veg Wrap,268.13
2026-01-10,BL-260110-1077,Swiggy,Cold Brew,452.72
2026-01-10,BL-260110-1085,Zomato,Veg Wrap,269.43
2026-01-10,BL-260110-1086,Zomato,Latte,417.62
2026-01-10,BL-260110-1086,Zomato,Club Sandwich,335.21
2026-01-10,BL-260110-1086,Zomato,Club Sandwich,322.67
2026-01-10,BL-260110-1088,Swiggy,Seasonal Special,403.54
2026-01-10,BL-260110-1089,Zomato,Chocolate Brownie,161.63
2026-01-10,BL-260110-1089,Zomato,Iced Latte,249.04
2026-01-10,BL-260110-1095,Swiggy,Cold Brew,220.62
2026-01-10,BL-260110-1095,Swiggy,Chocolate Brownie,325.2
2026-01-10,BL-260110-1095,Swiggy,Chocolate Brownie,164.92
2026-01-11,BL-260111-1097,Swiggy,Espresso,307.44
2026-01-11,BL-260111-1097,Swiggy,Iced Latte,247.42
2026-01-11,BL-260111-1098,Zomato,Avocado Toast,281.43
2026-01-11,BL-260111-1099,Swiggy,Latte,208.16
2026-01-11,BL-260111-1099,Swiggy,Veg Wrap,266.95
2026-01-11,BL-260111-1100,Zomato,Espresso,149.98
2026-01-11,BL-260111-1100,Zomato,Chocolate Brownie,166.56
2026-01-11,BL-260111-1100,Zomato,Chocolate Brownie,165.25
2026-01-11,BL-260111-1102,Swiggy,Blueberry Muffin,141.06
2026-01-11,BL-260111-1102,Swiggy,Cold Brew,448.81
2026-01-11,BL-260111-1102,Swiggy,Iced Latte,239.99
2026-01-11,BL-260111-1103,Zomato,Club Sandwich,334.83
2026-01-11,BL-260111-1103,Zomato,Masala Chai,80.22
2026-01-11,BL-260111-1106,Zomato,Seasonal Special,777.43
2026-01-11,BL-260111-1107,Zomato,Latte,206.36
2026-01-11,BL-260111-1107,Zomato,Cold Brew,448.82
2026-01-11,BL-260111-1109,Zomato,Veg Wrap,271.73
2026-01-11,BL-260111-1109,Zomato,Espresso,152.51
2026-01-11,BL-260111-1110,Zomato,Seasonal Special,403.17
2026-01-11,BL-260111-1110,Zomato,Latte,205.77
2026-01-11,BL-260111-1114-R,Zomato,Cold Brew,224.43
2026-01-11,BL-260111-1128,Swiggy,Avocado Toast,292.5
2026-01-11,BL-260111-1132,Zomato,Latte,400.51
2026-01-11,BL-260111-1132,Zomato,Iced Latte,249.97
2026-01-11,BL-260111-1134,Swiggy,Blueberry Muffin,142.66
2026-01-11,BL-260111-1134,Swiggy,Club Sandwich,326.6
2026-01-11,BL-260111-1135,Zomato,Cappuccino,186.83
2026-01-11,BL-260111-1135,Zomato,Iced Latte,501.77
2026-01-11,BL-260111-1136,Zomato,Iced Latte,241.81
2026-01-11,BL-260111-1136,Zomato,Masala Chai,82.51
2026-01-11,BL-260111-1137,Swiggy,Croissant,124.22
2026-01-11,BL-260111-1137,Swiggy,Croissant,121.46
2026-01-11,BL-260111-1137,Swiggy,Cappuccino,184.16
2026-01-11,BL-260111-1140,Swiggy,Cold Brew,229.75
2026-01-11,BL-260111-1140,Swiggy,Blueberry Muffin,140.43
2026-01-11,BL-260111-1143,Swiggy,Croissant,122.53
2026-01-11,BL-260111-1143,Swiggy,Iced Latte,248.59
2026-01-11,BL-260111-1143,Swiggy,Seasonal Special,397.65
2026-01-11,BL-260111-1148,Zomato,Croissant,121.03
2026-01-11,BL-260111-1148,Zomato,Espresso,151.27
2026-01-11,BL-260111-1149,Swiggy,Iced Latte,239.84
2026-01-11,BL-260111-1151,Swiggy,Cold Brew,461.79
2026-01-11,BL-260111-1153,Zomato,Cappuccino,179.74
2026-01-11,BL-260111-1160,Swiggy,Latte,205.94
2026-01-11,BL-260111-1161,Swiggy,Chocolate Brownie,161.03
2026-01-11,BL-260111-1161,Swiggy,Club Sandwich,660.88
2026-01-11,BL-260111-1162,Swiggy,Chocolate Brownie,328.6
2026-01-11,BL-260111-1164,Swiggy,Veg Wrap,262.07
2026-01-11,BL-260111-1164,Swiggy,Cold Brew,229.58
2026-01-11,BL-260111-1165,Zomato,Club Sandwich,322.96
2026-01-11,BL-260111-1167,Zomato,Espresso,301.9
2026-01-11,BL-260111-1167,Zomato,Club Sandwich,327.24
2026-01-11,BL-260111-1168,Zomato,Croissant,250.02
2026-01-11,BL-260111-1169,Zomato,Cappuccino,188.86
2026-01-11,BL-260111-1169,Zomato,Espresso,314.74
2026-01-11,BL-260111-1170,Zomato,Veg Wrap,520.9
2026-01-11,BL-260111-1170,Zomato,Chocolate Brownie,167.91
2026-01-11,BL-260111-1171,Swiggy,Masala Chai,81.31
2026-01-11,BL-260111-1171,Swiggy,Club Sandwich,335.2
2026-01-11,BL-260111-1172,Zomato,Iced Latte,239.62
2026-01-11,BL-260111-1172,Zomato,Veg Wrap,272.52
2026-01-11,BL-260111-1172,Zomato,Chocolate Brownie,167.86
2026-01-11,BL-260111-1173,Zomato,Cappuccino,377.13
2026-01-11,BL-260111-1173,Zomato,Veg Wrap,269.33
2026-01-11,BL-260111-1175,Swiggy,Espresso,151.79
2026-01-11,BL-260111-1177,Zomato,Croissant,122.25
2026-01-11,BL-260111-1177,Zomato,Cappuccino,375.49
2026-01-11,BL-260111-1179,Zomato,Latte,205.2
2026-01-11,BL-260111-1183,Swiggy,Chocolate Brownie,329.11
2026-01-11,BL-260111-1183,Swiggy,Blueberry Muffin,140.92
2026-01-11,BL-260111-1183,Swiggy,Blueberry Muffin,286.6
2026-01-11,BL-260111-1185,Zomato,Masala Chai,162.87
2026-01-11,BL-260111-1185,Zomato,Seasonal Special,387.75
2026-01-11,BL-260111-1186,Zomato,Seasonal Special,387.66
2026-01-11,BL-260111-1186,Zomato,Cold Brew,225.66
2026-01-11,BL-260111-1187,Zomato,Avocado Toast,289.41
2026-01-11,BL-260111-1187,Zomato,Chocolate Brownie,161.19
2026-01-11,BL-260111-1189,Zomato,Seasonal Special,402.82
2026-01-11,BL-260111-1194,Zomato,Latte,204.67
2026-01-11,BL-260111-1196,Swiggy,Cappuccino,365.4
2026-01-11,BL-260111-1196,Swiggy,Blueberry Muffin,282.46
2026-01-11,BL-260111-1197,Swiggy,Chocolate Brownie,320.77
2026-01-11,BL-260111-1203,Zomato,Espresso,157.44
2026-01-11,BL-260111-1205,Swiggy,Cappuccino,188.7
2026-01-11,BL-260111-1205,Swiggy,Veg Wrap,534.49
2026-01-11,BL-260111-1208,Swiggy,Croissant,119.99
2026-01-11,BL-260111-1208,Swiggy,Croissant,120.44
2026-01-11,BL-260111-1208,Swiggy,Chocolate Brownie,164.89
2026-01-11,BL-260111-1209,Zomato,Seasonal Special,400.97
2026-01-11,BL-260111-1209,Zomato,Espresso,151.98
2026-01-11,BL-260111-1210,Swiggy,Avocado Toast,286.32
2026-01-11,BL-260111-1210,Swiggy,Chocolate Brownie,164.93
2026-01-11,BL-260111-1215,Swiggy,Latte,199.99
2026-01-11,BL-260111-1215,Swiggy,Club Sandwich,332.7
2026-01-11,BL-260111-1215,Swiggy,Veg Wrap,264.44
2026-01-11,BL-260111-1219,Zomato,Espresso,149.97
2026-01-11,BL-260111-1219,Zomato,Latte,419.39
2026-01-11,BL-260111-1222,Swiggy,Cappuccino,184.92
2026-01-11,BL-260111-1222,Swiggy,Veg Wrap,262.49
2026-01-11,BL-260111-1222,Swiggy,Club Sandwich,335.86
2026-01-11,BL-260111-1224,Swiggy,Veg Wrap,263.68
2026-01-11,BL-260111-1224,Swiggy,Cold Brew,227.09
2026-01-11,BL-260111-1224,Swiggy,Espresso,149.92
2026-01-11,BL-260111-1225,Zomato,Cold Brew,461.2
2026-01-11,BL-260111-1225,Zomato,Latte,201.24
2026-01-11,BL-260111-1229,Swiggy,Latte,414.97
2026-01-11,BL-260111-1229,Swiggy,Iced Latte,247.36
2026-01-11,BL-260111-1231,Zomato,Avocado Toast,280.48
2026-01-11,BL-260111-1231,Zomato,Latte,202.34
2026-01-11,BL-260111-1233,Swiggy,Espresso,300.29
2026-01-11,BL-260111-1234,Zomato,Blueberry Muffin,146.03
2026-01-11,BL-260111-1234,Zomato,Croissant,123.44
2026-01-11,BL-260111-1235,Swiggy,Blueberry Muffin,293.08
2026-01-11,BL-260111-1237,Swiggy,Cold Brew,224.89
2026-01-11,BL-260111-1237,Swiggy,Blueberry Muffin,280.65
2026-01-11,BL-260111-1242,Swiggy,Latte,409.65
2026-01-11,BL-260111-1243,Zomato,Espresso,149.79
2026-01-11,BL-260111-1244,Zomato,Veg Wrap,264.71
2026-01-11,BL-260111-1244,Zomato,Espresso,149.7
2026-01-11,BL-260111-1244,Zomato,Chocolate Brownie,159.68
2026-01-12,BL-260112-1261,Swiggy,Iced Latte,242.12
2026-01-12,BL-260112-1261,Swiggy,Masala Chai,81.54
2026-01-12,BL-260112-1264,Zomato,Iced Latte,245.04
2026-01-12,BL-260112-1268,Zomato,Blueberry Muffin,139.7
2026-01-12,BL-260112-1268,Zomato,Cold Brew,230.32
2026-01-12,BL-260112-1268,Zomato,Avocado Toast,281.73
2026-01-12,BL-260112-1269,Zomato,Seasonal Special,802.05
2026-01-12,BL-260112-1270,Swiggy,Masala Chai,79.84
2026-01-12,BL-260112-1270,Swiggy,Cold Brew,456.69
2026-01-12,BL-260112-1274,Swiggy,Latte,205.0
2026-01-12,BL-260112-1275,Swiggy,Croissant,122.59
2026-01-12,BL-260112-1275,Swiggy,Espresso,153.81
2026-01-12,BL-260112-1277,Swiggy,Cappuccino,184.67
2026-01-12,BL-260112-1277,Swiggy,Cold Brew,219.65
2026-01-12,BL-260112-1278,Swiggy,Blueberry Muffin,281.31
2026-01-12,BL-260112-1278,Swiggy,Iced Latte,241.95
2026-01-12,BL-260112-1279,Zomato,Seasonal Special,402.19
2026-01-12,BL-260112-1279,Zomato,Espresso,300.11
2026-01-12,BL-260112-1281,Swiggy,Cappuccino,181.06
2026-01-12,BL-260112-1281,Swiggy,Avocado Toast,280.44
2026-01-12,BL-260112-1282,Swiggy,Masala Chai,80.78
2026-01-12,BL-260112-1282,Swiggy,Cold Brew,225.82
2026-01-12,BL-260112-1288,Swiggy,Avocado Toast,286.66
2026-01-12,BL-260112-1288,Swiggy,Iced Latte,501.38
2026-01-12,BL-260112-1288,Swiggy,Avocado Toast,285.82
2026-01-12,BL-260112-1290,Swiggy,Croissant,124.63
2026-01-12,BL-260112-1291,Zomato,Cappuccino,183.22
2026-01-12,BL-260112-1291,Zomato,Seasonal Special,797.12
2026-01-12,BL-260112-1291,Zomato,Avocado Toast,571.29
2026-01-12,BL-260112-1296,Zomato,Latte,204.2
2026-01-12,BL-260112-1299,Swiggy,Avocado Toast,288.82
2026-01-12,BL-260112-1305,Zomato,Blueberry Muffin,144.06
2026-01-12,BL-260112-1305,Zomato,Cappuccino,187.31
2026-01-12,BL-260112-1305,Zomato,Masala Chai,80.77
2026-01-12,BL-260112-1307,Swiggy,Chocolate Brownie,162.3
2026-01-12,BL-260112-1307,Swiggy,Club Sandwich,645.84
2026-01-12,BL-260112-1310,Zomato,Cappuccino,181.56
2026-01-12,BL-260112-1310,Zomato,Latte,206.39
2026-01-12,BL-260112-1311,Swiggy,Cold Brew,223.66
2026-01-12,BL-260112-1311,Swiggy,Blueberry Muffin,145.1
2026-01-12,BL-260112-1314,Swiggy,Cold Brew,224.58
2026-01-12,BL-260112-1314,Swiggy,Avocado Toast,291.34
2026-01-12,BL-260112-1315,Swiggy,Masala Chai,82.12
2026-01-12,BL-260112-1315,Swiggy,Masala Chai,163.56
2026-01-12,BL-260112-1315,Swiggy,Masala Chai,83.61
2026-01-12,BL-260112-1316,Swiggy,Espresso,150.62
2026-01-12,BL-260112-1316,Swiggy,Latte,201.14
2026-01-12,BL-260112-1318,Zomato,Espresso,157.21
2026-01-12,BL-260112-1318,Zomato,Avocado Toast,291.43
2026-01-12,BL-260112-1320,Swiggy,Avocado Toast,286.48
2026-01-12,BL-260112-1320,Swiggy,Masala Chai,81.99
2026-01-12,BL-260112-1321,Swiggy,Club Sandwich,638.84
2026-01-12,BL-260112-1321,Swiggy,Cold Brew,229.42
2026-01-12,BL-260112-1321,Swiggy,Croissant,123.29
2026-01-12,BL-260112-1322,Swiggy,Avocado Toast,289.0
2026-01-12,BL-260112-1322,Swiggy,Club Sandwich,320.78
2026-01-12,BL-260112-1322,Swiggy,Espresso,156.83
2026-01-12,BL-260112-1325,Zomato,Club Sandwich,320.61
2026-01-12,BL-260112-1325,Zomato,Masala Chai,80.68
2026-01-12,BL-260112-1325,Zomato,Croissant,120.49
2026-01-12,BL-260112-1326,Swiggy,Avocado Toast,287.61
2026-01-12,BL-260112-1326,Swiggy,Seasonal Special,399.28
2026-01-12,BL-260112-1330,Swiggy,Avocado Toast,286.14
2026-01-12,BL-260112-1338,Zomato,Seasonal Special,397.78
2026-01-12,BL-260112-1340,Zomato,Club Sandwich,327.22
2026-01-12,BL-260112-1343,Zomato,Cappuccino,186.36
2026-01-12,BL-260112-1345,Zomato,Chocolate Brownie,164.01
2026-01-12,BL-260112-1345,Zomato,Iced Latte,489.53
2026-01-12,BL-260112-1346,Zomato,Cappuccino,180.59
2026-01-12,BL-260112-1346,Zomato,Espresso,156.65
2026-01-13,BL-260113-1351,Zomato,Croissant,123.84
2026-01-13,BL-260113-1351,Zomato,Club Sandwich,334.62
2026-01-13,BL-260113-1352,Swiggy,Club Sandwich,324.67
2026-01-13,BL-260113-1352,Swiggy,Veg Wrap,268.69
2026-01-13,BL-260113-1353,Swiggy,Veg Wrap,260.06
2026-01-13,BL-260113-1355,Zomato,Avocado Toast,292.13
2026-01-13,BL-260113-1357,Zomato,Chocolate Brownie,163.56
2026-01-13,BL-260113-1357,Zomato,Croissant,121.4
2026-01-13,BL-260113-1357,Zomato,Cold Brew,219.69
2026-01-13,BL-260113-1361,Zomato,Chocolate Brownie,161.98
2026-01-13,BL-260113-1365,Swiggy,Croissant,121.49
2026-01-13,BL-260113-1366,Swiggy,Avocado Toast,567.75
2026-01-13,BL-260113-1368,Swiggy,Espresso,154.89
2026-01-13,BL-260113-1368,Swiggy,Veg Wrap,272.05
2026-01-13,BL-260113-1374,Swiggy,Cappuccino,180.99
2026-01-13,BL-260113-1374,Swiggy,Masala Chai,161.42
2026-01-13,BL-260113-1374,Swiggy,Espresso,156.9
2026-01-13,BL-260113-1376,Zomato,Iced Latte,500.84
2026-01-13,BL-260113-1388,Zomato,Seasonal Special,784.15
2026-01-13,BL-260113-1388,Zomato,Avocado Toast,287.3
2026-01-13,BL-260113-1388,Zomato,Veg Wrap,267.69
2026-01-13,BL-260113-1389,Swiggy,Chocolate Brownie,160.63
2026-01-13,BL-260113-1389,Swiggy,Latte,202.27
2026-01-13,BL-260113-1389,Swiggy,Iced Latte,247.11
2026-01-13,BL-260113-1389,Swiggy,Blueberry Muffin,290.8
2026-01-13,BL-260113-1392,Swiggy,Chocolate Brownie,162.01
2026-01-13,BL-260113-1392,Swiggy,Cold Brew,220.19
2026-01-13,BL-260113-1399,Swiggy,Avocado Toast,289.59
2026-01-13,BL-260113-1399,Swiggy,Blueberry Muffin,145.16
2026-01-13,BL-260113-1410,Swiggy,Masala Chai,81.46
2026-01-13,BL-260113-1412,Swiggy,Espresso,155.11
2026-01-13,BL-260113-1412,Swiggy,Club Sandwich,325.53
2026-01-13,BL-260113-1413,Zomato,Masala Chai,80.44
2026-01-13,BL-260113-1414,Swiggy,Espresso,156.19
2026-01-13,BL-260113-1414,Swiggy,Masala Chai,80.03
2026-01-13,BL-260113-1417,Swiggy,Espresso,155.56
2026-01-13,BL-260113-1417,Swiggy,Club Sandwich,335.88
2026-01-13,BL-260113-1418,Zomato,Seasonal Special,398.79
2026-01-13,BL-260113-1422,Swiggy,Espresso,150.49
2026-01-13,BL-260113-1422,Swiggy,Latte,201.95
2026-01-13,BL-260113-1423,Swiggy,Cold Brew,229.78
2026-01-13,BL-260113-1423,Swiggy,Chocolate Brownie,165.21
2026-01-13,BL-260113-1424,Swiggy,Iced Latte,241.4
2026-01-13,BL-260113-1426,Swiggy,Cappuccino,183.87
2026-01-13,BL-260113-1426,Swiggy,Cappuccino,183.01
2026-01-13,BL-260113-1426,Swiggy,Cold Brew,444.5
2026-01-13,BL-260113-1427,Zomato,Croissant,120.43
2026-01-13,BL-260113-1428,Swiggy,Avocado Toast,282.61
2026-01-13,BL-260113-1428,Swiggy,Chocolate Brownie,166.87
2026-01-14,BL-260114-1435,Zomato,Espresso,303.73
2026-01-14,BL-260114-1435,Zomato,Masala Chai,80.57
2026-01-14,BL-260114-1435,Zomato,Chocolate Brownie,166.5
2026-01-14,BL-260114-1439,Zomato,Espresso,154.08
2026-01-14,BL-260114-1439,Zomato,Latte,199.72
2026-01-14,BL-260114-1439,Zomato,Club Sandwich,327.59
2026-01-14,BL-260114-1440,Zomato,Iced Latte,242.17
2026-01-14,BL-260114-1440,Zomato,Seasonal Special,388.46
2026-01-14,BL-260114-1443,Zomato,Cappuccino,375.18
2026-01-14,BL-260114-1445,Swiggy,Cappuccino,182.91
2026-01-14,BL-260114-1446,Swiggy,Espresso,156.06
2026-01-14,BL-260114-1447,Swiggy,Veg Wrap,268.51
2026-01-14,BL-260114-1447,Swiggy,Veg Wrap,261.72
2026-01-14,BL-260114-1450,Zomato,Espresso,149.92
2026-01-14,BL-260114-1450,Zomato,Blueberry Muffin,141.05
2026-01-14,BL-260114-1453,Swiggy,Club Sandwich,328.97
2026-01-14,BL-260114-1453,Swiggy,Croissant,125.6
2026-01-14,BL-260114-1462,Swiggy,Espresso,152.32
2026-01-14,BL-260114-1462,Swiggy,Cold Brew,230.79
2026-01-14,BL-260114-1465,Swiggy,Avocado Toast,292.25
2026-01-14,BL-260114-1465,Swiggy,Blueberry Muffin,144.28
2026-01-14,BL-260114-1467,Zomato,Iced Latte,245.39
2026-01-14,BL-260114-1467,Zomato,Espresso,306.12
2026-01-14,BL-260114-1468,Zomato,Croissant,120.38
2026-01-14,BL-260114-1468,Zomato,Club Sandwich,641.47
2026-01-14,BL-260114-1468,Zomato,Club Sandwich,651.73
2026-01-14,BL-260114-1472,Swiggy,Iced Latte,244.89
2026-01-14,BL-260114-1472,Swiggy,Iced Latte,249.43
2026-01-14,BL-260114-1474,Swiggy,Masala Chai,83.87
2026-01-14,BL-260114-1474,Swiggy,Croissant,120.06
2026-01-14,BL-260114-1479,Swiggy,Cold Brew,228.88
2026-01-14,BL-260114-1479,Swiggy,Iced Latte,246.35
2026-01-14,BL-260114-1481,Zomato,Avocado Toast,292.85
2026-01-14,BL-260114-1481,Zomato,Croissant,124.39
2026-01-14,BL-260114-1496,Zomato,Iced Latte,489.12
2026-01-14,BL-260114-1497,Zomato,Latte,203.38
2026-01-14,BL-260114-1498,Swiggy,Iced Latte,246.98
2026-01-14,BL-260114-1498,Swiggy,Espresso,305.6
2026-01-14,BL-260114-1498,Swiggy,Espresso,152.64
2026-01-14,BL-260114-1503,Swiggy,Chocolate Brownie,166.2
2026-01-14,BL-260114-1503,Swiggy,Croissant,245.02
2026-01-14,BL-260114-1505,Zomato,Latte,208.28
2026-01-14,BL-260114-1505,Zomato,Croissant,124.63
2026-01-14,BL-260114-1505,Zomato,Chocolate Brownie,162.13
2026-01-14,BL-260114-1506,Zomato,Espresso,300.49
2026-01-14,BL-260114-1507,Zomato,Espresso,154.04
2026-01-14,BL-260114-1508,Swiggy,Cappuccino,182.52
2026-01-14,BL-260114-1510,Zomato,Masala Chai,82.37
2026-01-14,BL-260114-1511,Swiggy,Croissant,119.8
2026-01-14,BL-260114-1511,Swiggy,Veg Wrap,262.44
2026-01-14,BL-260114-1512,Zomato,Cold Brew,230.13
2026-01-14,BL-260114-1512,Zomato,Croissant,124.12
2026-01-14,BL-260114-1514,Zomato,Croissant,121.22
2026-01-14,BL-260114-1516,Zomato,Blueberry Muffin,142.63
2026-01-14,BL-260114-1517,Swiggy,Iced Latte,244.46
2026-01-14,BL-260114-1519,Swiggy,Club Sandwich,329.6
2026-01-14,BL-260114-1519,Swiggy,Latte,204.25
2026-01-14,BL-260114-1520,Swiggy,Iced Latte,243.18
2026-01-14,BL-260114-1520,Swiggy,Veg Wrap,262.88
2026-01-15,BL-260115-1521,Swiggy,Avocado Toast,280.64
2026-01-15,BL-260115-1521,Swiggy,Cold Brew,223.57
2026-01-15,BL-260115-1521,Swiggy,Cappuccino,183.83
2026-01-15,BL-260115-1522,Swiggy,Chocolate Brownie,162.6
2026-01-15,BL-260115-1522,Swiggy,Iced Latte,239.66
2026-01-15,BL-260115-1524,Zomato,Club Sandwich,657.98
2026-01-15,BL-260115-1525,Zomato,Blueberry Muffin,143.16
2026-01-15,BL-260115-1526,Zomato,Espresso,154.11
2026-01-15,BL-260115-1526,Zomato,Cappuccino,184.05
2026-01-15,BL-260115-1527,Zomato,Iced Latte,250.06
2026-01-15,BL-260115-1527,Zomato,Iced Latte,242.3
2026-01-15,BL-260115-1527,Zomato,Iced Latte,241.9
2026-01-15,BL-260115-1528,Zomato,Masala Chai,80.36
2026-01-15,BL-260115-1528,Zomato,Blueberry Muffin,145.2
2026-01-15,BL-260115-1530,Swiggy,Blueberry Muffin,140.62
2026-01-15,BL-260115-1530,Swiggy,Espresso,154.85
2026-01-15,BL-260115-1533,Zomato,Avocado Toast,282.79
2026-01-15,BL-260115-1533,Zomato,Avocado Toast,281.63
2026-01-15,BL-260115-1533,Zomato,Blueberry Muffin,144.71
2026-01-15,BL-260115-1534,Swiggy,Blueberry Muffin,144.32
2026-01-15,BL-260115-1534,Swiggy,Veg Wrap,265.99
2026-01-15,BL-260115-1540,Zomato,Seasonal Special,391.56
2026-01-15,BL-260115-1541,Zomato,Seasonal Special,394.22
2026-01-15,BL-260115-1541,Zomato,Cold Brew,230.11
2026-01-15,BL-260115-1545,Zomato,Chocolate Brownie,159.89
2026-01-15,BL-260115-1545,Zomato,Latte,203.85
2026-01-15,BL-260115-1545,Zomato,Blueberry Muffin,142.67
2026-01-15,BL-260115-1547,Swiggy,Blueberry Muffin,143.42
2026-01-15,BL-260115-1547,Swiggy,Chocolate Brownie,166.57
2026-01-15,BL-260115-1551,Zomato,Blueberry Muffin,144.84
2026-01-15,BL-260115-1552,Zomato,Cold Brew,447.84
2026-01-15,BL-260115-1552,Zomato,Cold Brew,225.16
2026-01-15,BL-260115-1554,Zomato,Latte,199.58
2026-01-15,BL-260115-1556,Swiggy,Latte,409.77
2026-01-15,BL-260115-1556,Swiggy,Croissant,125.98
2026-01-15,BL-260115-1556,Swiggy,Espresso,313.79
2026-01-15,BL-260115-1557,Zomato,Iced Latte,247.13
2026-01-15,BL-260115-1557,Zomato,Chocolate Brownie,161.13
2026-01-15,BL-260115-1564,Zomato,Club Sandwich,332.37
2026-01-15,BL-260115-1564,Zomato,Cappuccino,363.96
2026-01-15,BL-260115-1565,Zomato,Avocado Toast,291.93
2026-01-15,BL-260115-1565,Zomato,Club Sandwich,328.12
2026-01-15,BL-260115-1568,Zomato,Latte,200.15
2026-01-15,BL-260115-1568,Zomato,Cold Brew,224.82
2026-01-15,BL-260115-1571,Zomato,Espresso,156.75
2026-01-15,BL-260115-1577,Swiggy,Iced Latte,246.04
2026-01-15,BL-260115-1578,Swiggy,Seasonal Special,797.55
2026-01-15,BL-260115-1582,Zomato,Croissant,120.58
2026-01-15,BL-260115-1583,Swiggy,Cold Brew,226.62
2026-01-15,BL-260115-1583,Swiggy,Chocolate Brownie,161.03
2026-01-15,BL-260115-1586,Zomato,Cappuccino,181.24
2026-01-15,BL-260115-1586,Zomato,Avocado Toast,292.83
2026-01-15,BL-260115-1586,Zomato,Espresso,151.97
2026-01-15,BL-260115-1587,Swiggy,Cold Brew,228.45
2026-01-15,BL-260115-1589,Zomato,Avocado Toast,290.1
2026-01-15,BL-260115-1589,Zomato,Latte,409.63
2026-01-15,BL-260115-1591,Swiggy,Latte,403.84
2026-01-15,BL-260115-1591,Swiggy,Avocado Toast,560.52
2026-01-15,BL-260115-1593,Zomato,Seasonal Special,392.47
2026-01-15,BL-260115-1593,Zomato,Cappuccino,372.26
2026-01-15,BL-260115-1593,Zomato,Veg Wrap,541.59
2026-01-15,BL-260115-1595,Swiggy,Iced Latte,243.92
2026-01-15,BL-260115-1595,Swiggy,Masala Chai,83.8
2026-01-15,BL-260115-1595,Swiggy,Latte,415.43
2026-01-15,BL-260115-1603,Swiggy,Seasonal Special,397.81
2026-01-15,BL-260115-1603,Swiggy,Espresso,152.44
2026-01-15,BL-260115-1603,Swiggy,Cappuccino,184.87
2026-01-15,BL-260115-1604,Zomato,Seasonal Special,399.39
2026-01-15,BL-260115-1604,Zomato,Avocado Toast,292.93
2026-01-15,BL-260115-1605,Zomato,Seasonal Special,388.87
2026-01-15,BL-260115-1607,Swiggy,Latte,203.06
2026-01-15,BL-260115-1607,Swiggy,Iced Latte,481.22
2026-01-15,BL-260115-1609,Zomato,Masala Chai,163.63
2026-01-15,BL-260115-1611,Zomato,Cappuccino,186.92
2026-01-15,BL-260115-1615,Swiggy,Veg Wrap,261.94
2026-01-15,BL-260115-1615,Swiggy,Cold Brew,230.77
2026-01-15,BL-260115-1616,Swiggy,Blueberry Muffin,145.85
2026-01-15,BL-260115-1616,Swiggy,Espresso,156.81
2026-01-15,BL-260115-1620,Swiggy,Latte,206.13
2026-01-15,BL-260115-1620,Swiggy,Cappuccino,183.52
2026-01-16,BL-260116-1622,Zomato,Masala Chai,82.02
2026-01-16,BL-260116-1624,Zomato,Blueberry Muffin,145.5
2026-01-16,BL-260116-1624,Zomato,Espresso,152.11
2026-01-16,BL-260116-1625,Zomato,Masala Chai,80.17
2026-01-16,BL-260116-1625,Zomato,Latte,208.4
2026-01-16,BL-260116-1633,Zomato,Cold Brew,220.87
2026-01-16,BL-260116-1635,Zomato,Blueberry Muffin,143.59
2026-01-16,BL-260116-1635,Zomato,Masala Chai,81.82
2026-01-16,BL-260116-1635,Zomato,Blueberry Muffin,145.31
2026-01-16,BL-260116-1635,Zomato,Latte,204.17
2026-01-16,BL-260116-1636,Swiggy,Club Sandwich,331.47
2026-01-16,BL-260116-1636,Swiggy,Chocolate Brownie,327.8
2026-01-16,BL-260116-1639,Swiggy,Avocado Toast,561.03
2026-01-16,BL-260116-1639,Swiggy,Club Sandwich,335.13
2026-01-16,BL-260116-1640,Zomato,Masala Chai,81.26
2026-01-16,BL-260116-1640,Zomato,Latte,206.52
2026-01-16,BL-260116-1641,Swiggy,Avocado Toast,285.52
2026-01-16,BL-260116-1641,Swiggy,Iced Latte,251.14
2026-01-16,BL-260116-1645,Swiggy,Cappuccino,180.83
2026-01-16,BL-260116-1645,Swiggy,Avocado Toast,291.21
2026-01-16,BL-260116-1651,Zomato,Blueberry Muffin,142.02
2026-01-16,BL-260116-1651,Zomato,Masala Chai,81.97
2026-01-16,BL-260116-1652,Zomato,Latte,203.88
2026-01-16,BL-260116-1652,Zomato,Latte,202.55
2026-01-16,BL-260116-1652,Zomato,Masala Chai,82.31
2026-01-16,BL-260116-1658,Swiggy,Masala Chai,80.27
2026-01-16,BL-260116-1661,Zomato,Cappuccino,184.03
2026-01-16,BL-260116-1661,Zomato,Latte,204.53
2026-01-16,BL-260116-1662,Zomato,Cold Brew,220.01
2026-01-16,BL-260116-1662,Zomato,Masala Chai,80.04
2026-01-16,BL-260116-1663,Zomato,Seasonal Special,400.81
2026-01-16,BL-260116-1663,Zomato,Avocado Toast,292.79
2026-01-16,BL-260116-1665,Zomato,Blueberry Muffin,285.11
2026-01-16,BL-260116-1665,Zomato,Espresso,152.9
2026-01-16,BL-260116-1665,Zomato,Chocolate Brownie,162.39
2026-01-16,BL-260116-1666,Swiggy,Seasonal Special,394.57
2026-01-16,BL-260116-1666,Swiggy,Avocado Toast,288.15
2026-01-16,BL-260116-1670,Zomato,Cappuccino,180.27
2026-01-16,BL-260116-1676,Swiggy,Club Sandwich,331.98
2026-01-16,BL-260116-1676,Swiggy,Cappuccino,185.91
2026-01-16,BL-260116-1678,Zomato,Avocado Toast,283.01
2026-01-16,BL-260116-1679,Swiggy,Croissant,120.62
2026-01-16,BL-260116-1681,Zomato,Club Sandwich,321.44
2026-01-16,BL-260116-1681,Zomato,Masala Chai,80.96
2026-01-16,BL-260116-1681,Zomato,Masala Chai,82.48
2026-01-16,BL-260116-1683,Zomato,Masala Chai,79.93
2026-01-16,BL-260116-1683,Zomato,Cold Brew,230.67
2026-01-16,BL-260116-1692,Swiggy,Latte,400.0
2026-01-16,BL-260116-1692,Swiggy,Iced Latte,241.57
2026-01-16,BL-260116-1692,Swiggy,Iced Latte,241.29
2026-01-16,BL-260116-1695,Swiggy,Veg Wrap,272.78
2026-01-16,BL-260116-1696,Zomato,Seasonal Special,775.8
2026-01-16,BL-260116-1696,Zomato,Cold Brew,450.24
2026-01-16,BL-260116-1699,Swiggy,Iced Latte,251.87
2026-01-16,BL-260116-1699,Swiggy,Cappuccino,182.89
2026-01-16,BL-260116-1700,Zomato,Masala Chai,166.57
2026-01-16,BL-260116-1700,Zomato,Avocado Toast,282.81
2026-01-16,BL-260116-1702,Swiggy,Seasonal Special,399.32
2026-01-16,BL-260116-1702,Swiggy,Croissant,122.56
2026-01-16,BL-260116-1702,Swiggy,Espresso,155.65
2026-01-16,BL-260116-1703,Swiggy,Croissant,121.44
2026-01-16,BL-260116-1703,Swiggy,Cold Brew,230.9
2026-01-16,BL-260116-1703,Swiggy,Veg Wrap,532.93
2026-01-16,BL-260116-1704,Swiggy,Blueberry Muffin,145.65
2026-01-16,BL-260116-1704,Swiggy,Cappuccino,188.24
2026-01-16,BL-260116-1708,Zomato,Cappuccino,184.33
2026-01-16,BL-260116-1711,Zomato,Cappuccino,185.33
2026-01-16,BL-260116-1711,Zomato,Avocado Toast,576.61
2026-01-16,BL-260116-1713,Zomato,Club Sandwich,325.18
2026-01-16,BL-260116-1713,Zomato,Cappuccino,183.35
2026-01-16,BL-260116-1713,Zomato,Latte,207.23
2026-01-16,BL-260116-1713,Zomato,Chocolate Brownie,333.56
2026-01-16,BL-260116-1720,Swiggy,Chocolate Brownie,160.26
2026-01-16,BL-260116-1720,Swiggy,Latte,200.96
2026-01-16,BL-260116-1720,Swiggy,Iced Latte,242.5
2026-01-16,BL-260116-1723,Swiggy,Croissant,240.6
2026-01-16,BL-260116-1723,Swiggy,Chocolate Brownie,324.13
2026-01-16,BL-260116-1723,Swiggy,Seasonal Special,390.18
2026-01-16,BL-260116-1725,Zomato,Club Sandwich,326.14
2026-01-16,BL-260116-1725,Zomato,Masala Chai,163.13
2026-01-16,BL-260116-1729,Swiggy,Latte,206.74
2026-01-16,BL-260116-1729,Swiggy,Espresso,149.85
2026-01-16,BL-260116-1729,Swiggy,Espresso,152.24
2026-01-16,BL-260116-1731,Swiggy,Avocado Toast,293.05
2026-01-17,BL-260117-1737,Zomato,Blueberry Muffin,146.67
2026-01-17,BL-260117-1737,Zomato,Latte,204.51
2026-01-17,BL-260117-1740,Zomato,Blueberry Muffin,143.92
2026-01-17,BL-260117-1740,Zomato,Cappuccino,188.28
2026-01-17,BL-260117-1740,Zomato,Cappuccino,185.37
2026-01-17,BL-260117-1743,Zomato,Masala Chai,159.61
2026-01-17,BL-260117-1743,Zomato,Chocolate Brownie,164.84
2026-01-17,BL-260117-1747,Swiggy,Chocolate Brownie,167.12
2026-01-17,BL-260117-1750,Zomato,Iced Latte,239.83
2026-01-17,BL-260117-1750,Zomato,Club Sandwich,331.18
2026-01-17,BL-260117-1753,Swiggy,Iced Latte,241.97
2026-01-17,BL-260117-1753,Swiggy,Croissant,122.81
2026-01-17,BL-260117-1757,Zomato,Iced Latte,246.64
2026-01-17,BL-260117-1760,Zomato,Veg Wrap,265.7
2026-01-17,BL-260117-1760,Zomato,Espresso,157.07
2026-01-17,BL-260117-1765,Swiggy,Club Sandwich,326.3
2026-01-17,BL-260117-1766,Zomato,Croissant,120.91
2026-01-17,BL-260117-1766,Zomato,Croissant,121.23
2026-01-17,BL-260117-1766,Zomato,Cold Brew,220.11
2026-01-17,BL-260117-1767,Zomato,Cold Brew,460.5
2026-01-17,BL-260117-1767,Zomato,Croissant,125.2
2026-01-17,BL-260117-1768,Swiggy,Cold Brew,442.43
2026-01-17,BL-260117-1770,Swiggy,Chocolate Brownie,162.84
2026-01-17,BL-260117-1770,Swiggy,Veg Wrap,268.64
2026-01-17,BL-260117-1771,Swiggy,Chocolate Brownie,325.96
2026-01-17,BL-260117-1774,Zomato,Espresso,155.98
2026-01-17,BL-260117-1779,Zomato,Croissant,248.73
2026-01-17,BL-260117-1780,Zomato,Avocado Toast,286.2
2026-01-17,BL-260117-1781,Swiggy,Croissant,125.67
2026-01-17,BL-260117-1781,Swiggy,Espresso,157.32
2026-01-17,BL-260117-1785,Swiggy,Seasonal Special,390.33
2026-01-17,BL-260117-1785,Swiggy,Club Sandwich,659.65
2026-01-17,BL-260117-1786,Swiggy,Latte,208.38
2026-01-17,BL-260117-1789,Zomato,Avocado Toast,286.82
2026-01-17,BL-260117-1792,Zomato,Seasonal Special,403.49
2026-01-17,BL-260117-1792,Zomato,Club Sandwich,325.26
2026-01-17,BL-260117-1797,Zomato,Masala Chai,161.93
2026-01-17,BL-260117-1797,Zomato,Avocado Toast,293.71
2026-01-17,BL-260117-1797,Zomato,Blueberry Muffin,144.65
2026-01-17,BL-260117-1799,Swiggy,Masala Chai,81.6
2026-01-17,BL-260117-1799,Swiggy,Iced Latte,248.13
2026-01-17,BL-260117-1799,Swiggy,Masala Chai,83.58
2026-01-17,BL-260117-1800,Swiggy,Masala Chai,82.0
2026-01-17,BL-260117-1800,Swiggy,Blueberry Muffin,144.21
2026-01-17,BL-260117-1803,Zomato,Blueberry Muffin,145.32
2026-01-17,BL-260117-1803,Zomato,Club Sandwich,663.92
2026-01-17,BL-260117-1803,Zomato,Veg Wrap,265.68
2026-01-17,BL-260117-1804,Zomato,Cold Brew,223.51
2026-01-17,BL-260117-1805,Zomato,Espresso,149.89
2026-01-17,BL-260117-1805,Zomato,Avocado Toast,282.6
2026-01-17,BL-260117-1810,Swiggy,Latte,209.63
2026-01-17,BL-260117-1810,Swiggy,Blueberry Muffin,142.25
2026-01-17,BL-260117-1810,Swiggy,Blueberry Muffin,141.85
2026-01-17,BL-260117-1812,Swiggy,Cappuccino,184.71
2026-01-17,BL-260117-1814,Zomato,Chocolate Brownie,163.23
2026-01-17,BL-260117-1822,Zomato,Croissant,122.96
2026-01-17,BL-260117-1822,Zomato,Avocado Toast,287.16
2026-01-17,BL-260117-1832,Zomato,Espresso,150.15
2026-01-17,BL-260117-1835,Swiggy,Club Sandwich,323.43
2026-01-17,BL-260117-1835,Swiggy,Masala Chai,159.74
2026-01-17,BL-260117-1839,Swiggy,Masala Chai,79.85
2026-01-17,BL-260117-1841,Zomato,Espresso,302.69
2026-01-17,BL-260117-1842,Zomato,Masala Chai,80.82
2026-01-17,BL-260117-1842,Zomato,Club Sandwich,322.13
2026-01-17,BL-260117-1847,Swiggy,Masala Chai,160.4
2026-01-17,BL-260117-1847,Swiggy,Masala Chai,82.13
2026-01-17,BL-260117-1853,Swiggy,Club Sandwich,331.37
2026-01-17,BL-260117-1853,Swiggy,Cold Brew,452.8
2026-01-17,BL-260117-1854,Swiggy,Cold Brew,219.82
2026-01-17,BL-260117-1854,Swiggy,Espresso,304.15
2026-01-17,BL-260117-1854,Swiggy,Croissant,121.94
2026-01-17,BL-260117-1856,Swiggy,Latte,209.51
2026-01-17,BL-260117-1856,Swiggy,Avocado Toast,288.81
2026-01-18,BL-260118-1859,Swiggy,Blueberry Muffin,145.27
2026-01-18,BL-260118-1859,Swiggy,Chocolate Brownie,163.97
2026-01-18,BL-260118-1859,Swiggy,Iced Latte,248.15
2026-01-18,BL-260118-1859,Swiggy,Iced Latte,246.17
2026-01-18,BL-260118-1861,Swiggy,Espresso,152.92
2026-01-18,BL-260118-1863,Swiggy,Cappuccino,181.61
2026-01-18,BL-260118-1864,Zomato,Cappuccino,365.17
2026-01-18,BL-260118-1864,Zomato,Blueberry Muffin,140.06
2026-01-18,BL-260118-1864,Zomato,Seasonal Special,387.68
2026-01-18,BL-260118-1867,Zomato,Chocolate Brownie,161.88
2026-01-18,BL-260118-1868,Swiggy,Veg Wrap,268.9
2026-01-18,BL-260118-1868,Swiggy,Croissant,120.7
2026-01-18,BL-260118-1868,Swiggy,Iced Latte,245.66
2026-01-18,BL-260118-1870,Swiggy,Club Sandwich,335.68
2026-01-18,BL-260118-1870,Swiggy,Cold Brew,223.24
2026-01-18,BL-260118-1870,Swiggy,Seasonal Special,794.48
2026-01-18,BL-260118-1874,Zomato,Cold Brew,221.61
2026-01-18,BL-260118-1874,Zomato,Seasonal Special,392.4
2026-01-18,BL-260118-1874,Zomato,Chocolate Brownie,330.2
2026-01-18,BL-260118-1875,Swiggy,Chocolate Brownie,334.15
2026-01-18,BL-260118-1875,Swiggy,Seasonal Special,394.22
2026-01-18,BL-260118-1877,Swiggy,Seasonal Special,395.44
2026-01-18,BL-260118-1877,Swiggy,Masala Chai,83.35
2026-01-18,BL-260118-1878,Zomato,Blueberry Muffin,146.43
2026-01-18,BL-260118-1878,Zomato,Veg Wrap,259.84
2026-01-18,BL-260118-1879,Swiggy,Croissant,120.65
2026-01-18,BL-260118-1879,Swiggy,Club Sandwich,322.04
2026-01-18,BL-260118-1879,Swiggy,Avocado Toast,293.44
2026-01-18,BL-260118-1881,Zomato,Masala Chai,161.63
2026-01-18,BL-260118-1881,Zomato,Croissant,122.7
2026-01-18,BL-260118-1881,Zomato,Blueberry Muffin,283.5
2026-01-18,BL-260118-1884,Swiggy,Avocado Toast,286.78
2026-01-18,BL-260118-1886,Swiggy,Blueberry Muffin,145.22
2026-01-18,BL-260118-1890,Swiggy,Chocolate Brownie,331.33
2026-01-18,BL-260118-1890,Swiggy,Club Sandwich,325.18
2026-01-18,BL-260118-1895,Swiggy,Latte,205.15
2026-01-18,BL-260118-1895,Swiggy,Latte,209.56
2026-01-18,BL-260118-1898,Swiggy,Cold Brew,227.76
2026-01-18,BL-260118-1899,Zomato,Masala Chai,162.14
2026-01-18,BL-260118-1899,Zomato,Espresso,156.59
2026-01-18,BL-260118-1904,Zomato,Club Sandwich,330.42
2026-01-18,BL-260118-1904,Zomato,Seasonal Special,397.74
2026-01-18,BL-260118-1906,Zomato,Blueberry Muffin,146.97
2026-01-18,BL-260118-1906,Zomato,Blueberry Muffin,139.98
2026-01-18,BL-260118-1909,Zomato,Cold Brew,226.84
2026-01-18,BL-260118-1910,Swiggy,Croissant,119.83
2026-01-18,BL-260118-1910,Swiggy,Chocolate Brownie,167.06
2026-01-18,BL-260118-1911,Zomato,Espresso,153.6
2026-01-18,BL-260118-1911,Zomato,Cold Brew,221.62
2026-01-18,BL-260118-1912,Zomato,Blueberry Muffin,144.15
2026-01-18,BL-260118-1912,Zomato,Veg Wrap,263.43
2026-01-18,BL-260118-1912,Zomato,Iced Latte,242.03
2026-01-18,BL-260118-1916,Swiggy,Masala Chai,82.26
2026-01-18,BL-260118-1917,Zomato,Cold Brew,223.23
2026-01-18,BL-260118-1917,Zomato,Veg Wrap,265.75
2026-01-18,BL-260118-1917,Zomato,Veg Wrap,523.28
2026-01-18,BL-260118-1918,Zomato,Cold Brew,228.48
2026-01-18,BL-260118-1918,Zomato,Iced Latte,245.33
2026-01-18,BL-260118-1918,Zomato,Veg Wrap,519.27
2026-01-18,BL-260118-1919,Zomato,Seasonal Special,786.39
2026-01-18,BL-260118-1919,Zomato,Cappuccino,181.91
2026-01-18,BL-260118-1919,Zomato,Iced Latte,247.16
2026-01-18,BL-260118-1924,Swiggy,Chocolate Brownie,162.62
2026-01-18,BL-260118-1924,Swiggy,Chocolate Brownie,322.9
2026-01-18,BL-260118-1924,Swiggy,Club Sandwich,320.51
2026-01-18,BL-260118-1924,Swiggy,Chocolate Brownie,162.01
2026-01-18,BL-260118-1928,Swiggy,Iced Latte,489.92
2026-01-18,BL-260118-1928,Swiggy,Cold Brew,442.63
2026-01-18,BL-260118-1931,Swiggy,Cappuccino,361.27
2026-01-18,BL-260118-1931,Swiggy,Avocado Toast,289.54
2026-01-18,BL-260118-1931,Swiggy,Chocolate Brownie,164.39
2026-01-18,BL-260118-1932,Zomato,Cappuccino,182.82
2026-01-18,BL-260118-1932,Zomato,Cappuccino,187.2
2026-01-18,BL-260118-1937,Swiggy,Latte,208.29
2026-01-18,BL-260118-1937,Swiggy,Masala Chai,82.97
2026-01-18,BL-260118-1938,Zomato,Cold Brew,447.03
2026-01-18,BL-260118-1941,Zomato,Blueberry Muffin,143.0
2026-01-18,BL-260118-1941,Zomato,Seasonal Special,774.41
2026-01-18,BL-260118-1941,Zomato,Espresso,150.47
2026-01-18,BL-260118-1942,Swiggy,Espresso,151.7
2026-01-18,BL-260118-1942,Swiggy,Club Sandwich,330.6
2026-01-18,BL-260118-1946,Swiggy,Chocolate Brownie,162.23
2026-01-18,BL-260118-1946,Swiggy,Iced Latte,250.67
2026-01-18,BL-260118-1947,Swiggy,Blueberry Muffin,140.34
2026-01-18,BL-260118-1947,Swiggy,Chocolate Brownie,167.59
2026-01-18,BL-260118-1950,Zomato,Iced Latte,248.06
2026-01-18,BL-260118-1950,Zomato,Seasonal Special,402.02
2026-01-18,BL-260118-1951,Swiggy,Cold Brew,225.78
2026-01-18,BL-260118-1951,Swiggy,Club Sandwich,329.43
2026-01-18,BL-260118-1953,Zomato,Croissant,124.05
2026-01-18,BL-260118-1953,Zomato,Iced Latte,245.84
2026-01-18,BL-260118-1953,Zomato,Cappuccino,365.67
2026-01-18,BL-260118-1954,Zomato,Veg Wrap,537.36
2026-01-18,BL-260118-1954,Zomato,Veg Wrap,266.29
2026-01-18,BL-260118-1958,Swiggy,Avocado Toast,280.37
2026-01-18,BL-260118-1958,Swiggy,Veg Wrap,263.76
2026-01-18,BL-260118-1959,Swiggy,Avocado Toast,284.35
2026-01-18,BL-260118-1959,Swiggy,Masala Chai,82.81
2026-01-18,BL-260118-1959,Swiggy,Cold Brew,220.18
2026-01-18,BL-260118-1962,Swiggy,Croissant,244.91
2026-01-18,BL-260118-1962,Swiggy,Veg Wrap,272.15
2026-01-18,BL-260118-1967,Swiggy,Espresso,152.96
2026-01-18,BL-260118-1967,Swiggy,Iced Latte,243.13
2026-01-18,BL-260118-1968,Zomato,Club Sandwich,324.36
2026-01-18,BL-260118-1970,Swiggy,Blueberry Muffin,146.61
2026-01-18,BL-260118-1972,Swiggy,Cappuccino,187.15
2026-01-18,BL-260118-1972,Swiggy,Latte,200.11
2026-01-18,BL-260118-1976,Zomato,Blueberry Muffin,146.24
2026-01-18,BL-260118-1976,Zomato,Blueberry Muffin,146.57
2026-01-18,BL-260118-1979,Swiggy,Latte,202.92
2026-01-18,BL-260118-1979,Swiggy,Masala Chai,161.36
2026-01-18,BL-260118-1980,Swiggy,Cold Brew,452.25
2026-01-18,BL-260118-1983,Swiggy,Croissant,121.32
2026-01-18,BL-260118-1983,Swiggy,Seasonal Special,774.64
2026-01-18,BL-260118-1990,Zomato,Latte,403.11
2026-01-18,BL-260118-1990,Zomato,Veg Wrap,263.05
2026-01-19,BL-260119-2004,Zomato,Seasonal Special,385.82
2026-01-19,BL-260119-2005,Swiggy,Avocado Toast,282.39
2026-01-19,BL-260119-2006,Swiggy,Blueberry Muffin,286.1
2026-01-19,BL-260119-2006,Swiggy,Masala Chai,82.23
2026-01-19,BL-260119-2006,Swiggy,Croissant,246.2
2026-01-19,BL-260119-2009,Swiggy,Cappuccino,179.97
2026-01-19,BL-260119-2009,Swiggy,Chocolate Brownie,161.94
2026-01-19,BL-260119-2009,Swiggy,Latte,412.11
2026-01-19,BL-260119-2011,Zomato,Blueberry Muffin,142.73
2026-01-19,BL-260119-2013,Zomato,Espresso,152.28
2026-01-19,BL-260119-2013,Zomato,Espresso,157.01
2026-01-19,BL-260119-2013,Zomato,Veg Wrap,264.19
2026-01-19,BL-260119-2014,Zomato,Latte,200.47
2026-01-19,BL-260119-2020,Zomato,Espresso,155.21
2026-01-19,BL-260119-2020,Zomato,Latte,208.42
2026-01-19,BL-260119-2023,Zomato,Cold Brew,220.58
2026-01-19,BL-260119-2023,Zomato,Club Sandwich,327.5
2026-01-19,BL-260119-2023,Zomato,Iced Latte,241.75
2026-01-19,BL-260119-2026,Zomato,Croissant,249.41
2026-01-19,BL-260119-2031,Swiggy,Seasonal Special,394.23
2026-01-19,BL-260119-2032,Zomato,Cold Brew,230.62
2026-01-19,BL-260119-2032,Zomato,Croissant,123.71
2026-01-19,BL-260119-2036,Zomato,Croissant,124.45
2026-01-19,BL-260119-2036,Zomato,Seasonal Special,768.41
2026-01-19,BL-260119-2039,Swiggy,Chocolate Brownie,332.51
2026-01-19,BL-260119-2039,Swiggy,Avocado Toast,282.44
2026-01-19,BL-260119-2040,Swiggy,Cold Brew,221.98
2026-01-19,BL-260119-2042,Zomato,Veg Wrap,261.04
2026-01-19,BL-260119-2047,Zomato,Seasonal Special,785.61
2026-01-19,BL-260119-2047,Zomato,Latte,201.04
2026-01-19,BL-260119-2047,Zomato,Veg Wrap,264.3
2026-01-19,BL-260119-2048,Swiggy,Cold Brew,225.42
2026-01-19,BL-260119-2050,Zomato,Blueberry Muffin,284.08
2026-01-19,BL-260119-2050,Zomato,Latte,400.34
2026-01-19,BL-260119-2050,Zomato,Chocolate Brownie,167.03
2026-01-19,BL-260119-2050,Zomato,Latte,200.2
2026-01-19,BL-260119-2051,Zomato,Blueberry Muffin,144.77
2026-01-19,BL-260119-2051,Zomato,Blueberry Muffin,141.62
2026-01-19,BL-260119-2052,Zomato,Avocado Toast,279.72
2026-01-19,BL-260119-2052,Zomato,Blueberry Muffin,143.55
2026-01-19,BL-260119-2052,Zomato,Veg Wrap,269.69
2026-01-19,BL-260119-2053,Swiggy,Espresso,153.0
2026-01-19,BL-260119-2054,Swiggy,Chocolate Brownie,163.39
2026-01-19,BL-260119-2054,Swiggy,Club Sandwich,329.94
2026-01-19,BL-260119-2056,Zomato,Seasonal Special,799.41
2026-01-19,BL-260119-2056,Zomato,Blueberry Muffin,141.16
2026-01-19,BL-260119-2058,Swiggy,Masala Chai,82.15
2026-01-19,BL-260119-2060-R,Zomato,Chocolate Brownie,159.61
2026-01-19,BL-260119-2060-R,Zomato,Seasonal Special,399.04
2026-01-19,BL-260119-2060-R,Zomato,Chocolate Brownie,165.19
2026-01-19,BL-260119-2061,Swiggy,Masala Chai,83.16
2026-01-19,BL-260119-2064,Swiggy,Cold Brew,230.87
2026-01-19,BL-260119-2065,Swiggy,Iced Latte,244.0
2026-01-19,BL-260119-2065,Swiggy,Espresso,153.67
2026-01-19,BL-260119-2068,Swiggy,Croissant,123.96
2026-01-19,BL-260119-2068,Swiggy,Veg Wrap,270.29
2026-01-19,BL-260119-2076,Zomato,Iced Latte,492.61
2026-01-19,BL-260119-2076,Zomato,Club Sandwich,657.68
2026-01-19,BL-260119-2078,Zomato,Blueberry Muffin,142.49
2026-01-19,BL-260119-2078,Zomato,Latte,205.48
2026-01-19,BL-260119-2080,Swiggy,Iced Latte,245.78
2026-01-19,BL-260119-2080,Swiggy,Chocolate Brownie,332.07
2026-01-19,BL-260119-2080,Swiggy,Seasonal Special,403.1
2026-01-19,BL-260119-2080,Swiggy,Espresso,152.99
2026-01-19,BL-260119-2085,Zomato,Masala Chai,82.28
2026-01-19,BL-260119-2087,Zomato,Espresso,151.31
2026-01-19,BL-260119-2087,Zomato,Cold Brew,230.87
2026-01-19,BL-260119-2087,Zomato,Latte,206.91
2026-01-19,BL-260119-2090,Zomato,Avocado Toast,559.95
2026-01-19,BL-260119-2093,Zomato,Cappuccino,366.81
2026-01-19,BL-260119-2093,Zomato,Latte,204.85
2026-01-19,BL-260119-2099,Zomato,Avocado Toast,281.83
2026-01-19,BL-260119-2099,Zomato,Iced Latte,246.55
2026-01-20,BL-260120-2101,Swiggy,Latte,201.0
2026-01-20,BL-260120-2101,Swiggy,Blueberry Muffin,139.79
2026-01-20,BL-260120-2102,Swiggy,Cappuccino,181.61
2026-01-20,BL-260120-2104,Zomato,Iced Latte,251.21
2026-01-20,BL-260120-2106,Zomato,Cappuccino,180.42
2026-01-20,BL-260120-2106,Zomato,Masala Chai,83.63
2026-01-20,BL-260120-2108,Zomato,Cappuccino,183.91
2026-01-20,BL-260120-2108,Zomato,Avocado Toast,283.79
2026-01-20,BL-260120-2108,Zomato,Veg Wrap,266.64
2026-01-20,BL-260120-2109,Zomato,Avocado Toast,292.64
2026-01-20,BL-260120-2109,Zomato,Club Sandwich,642.92
2026-01-20,BL-260120-2109,Zomato,Avocado Toast,293.77
2026-01-20,BL-260120-2110,Zomato,Blueberry Muffin,142.47
2026-01-20,BL-260120-2114,Swiggy,Cold Brew,226.5
2026-01-20,BL-260120-2114,Swiggy,Club Sandwich,329.76
2026-01-20,BL-260120-2117,Zomato,Cappuccino,181.95
2026-01-20,BL-260120-2117,Zomato,Cold Brew,224.07
2026-01-20,BL-260120-2119,Swiggy,Blueberry Muffin,285.42
2026-01-20,BL-260120-2119,Swiggy,Cold Brew,229.15
2026-01-20,BL-260120-2119,Swiggy,Cold Brew,454.57
2026-01-20,BL-260120-2124,Swiggy,Croissant,121.83
2026-01-20,BL-260120-2124,Swiggy,Croissant,119.91
2026-01-20,BL-260120-2126,Zomato,Veg Wrap,262.67
2026-01-20,BL-260120-2126,Zomato,Iced Latte,242.85
2026-01-20,BL-260120-2126,Zomato,Seasonal Special,391.6
2026-01-20,BL-260120-2126,Zomato,Latte,202.37
2026-01-20,BL-260120-2126,Zomato,Masala Chai,80.55
2026-01-20,BL-260120-2127,Swiggy,Croissant,121.66
2026-01-20,BL-260120-2127,Swiggy,Club Sandwich,327.79
2026-01-20,BL-260120-2131,Zomato,Veg Wrap,259.95
2026-01-20,BL-260120-2131,Zomato,Blueberry Muffin,142.14
2026-01-20,BL-260120-2131,Zomato,Croissant,120.09
2026-01-20,BL-260120-2135-R,Swiggy,Masala Chai,81.68
2026-01-20,BL-260120-2135-R,Swiggy,Seasonal Special,385.49
2026-01-20,BL-260120-2135-R,Swiggy,Veg Wrap,270.26
2026-01-20,BL-260120-2136,Zomato,Iced Latte,240.04
2026-01-20,BL-260120-2136,Zomato,Croissant,120.43
2026-01-20,BL-260120-2139,Swiggy,Club Sandwich,326.61
2026-01-20,BL-260120-2139,Swiggy,Veg Wrap,265.84
2026-01-20,BL-260120-2146,Zomato,Blueberry Muffin,145.45
2026-01-20,BL-260120-2147,Swiggy,Blueberry Muffin,144.03
2026-01-20,BL-260120-2151,Zomato,Seasonal Special,391.2
2026-01-20,BL-260120-2151,Zomato,Avocado Toast,286.47
2026-01-20,BL-260120-2151,Zomato,Seasonal Special,399.11
2026-01-20,BL-260120-2152-R,Swiggy,Iced Latte,488.37
2026-01-20,BL-260120-2152-R,Swiggy,Espresso,152.66
2026-01-20,BL-260120-2155,Zomato,Cappuccino,181.21
2026-01-20,BL-260120-2157,Zomato,Cold Brew,224.1
2026-01-20,BL-260120-2158,Zomato,Espresso,156.35
2026-01-20,BL-260120-2158,Zomato,Cold Brew,219.72
2026-01-20,BL-260120-2158,Zomato,Cappuccino,187.79
2026-01-20,BL-260120-2160,Zomato,Club Sandwich,320.19
2026-01-20,BL-260120-2160,Zomato,Iced Latte,247.85
2026-01-20,BL-260120-2161,Zomato,Avocado Toast,575.16
2026-01-20,BL-260120-2161,Zomato,Espresso,150.66
2026-01-20,BL-260120-2164,Swiggy,Chocolate Brownie,163.19
2026-01-20,BL-260120-2168,Zomato,Iced Latte,248.09
2026-01-20,BL-260120-2168,Zomato,Blueberry Muffin,280.45
2026-01-20,BL-260120-2170,Swiggy,Latte,200.43
2026-01-20,BL-260120-2170,Swiggy,Blueberry Muffin,143.45
2026-01-20,BL-260120-2171,Zomato,Veg Wrap,272.24
2026-01-20,BL-260120-2171,Zomato,Masala Chai,82.99
2026-01-20,BL-260120-2171,Zomato,Masala Chai,79.95
2026-01-20,BL-260120-2175,Zomato,Masala Chai,80.8
2026-01-20,BL-260120-2175,Zomato,Club Sandwich,334.19
2026-01-20,BL-260120-2184,Swiggy,Veg Wrap,519.22
2026-01-20,BL-260120-2184,Swiggy,Avocado Toast,284.05
2026-01-20,BL-260120-2187,Swiggy,Club Sandwich,319.69
2026-01-20,BL-260120-2187,Swiggy,Veg Wrap,545.41
2026-01-20,BL-260120-2189,Swiggy,Avocado Toast,288.09
2026-01-20,BL-260120-2189,Swiggy,Chocolate Brownie,167.64
2026-01-20,BL-260120-2194,Swiggy,Masala Chai,82.08
2026-01-20,BL-260120-2194,Swiggy,Cappuccino,185.17
2026-01-20,BL-260120-2196,Swiggy,Avocado Toast,288.37
2026-01-20,BL-260120-2197,Swiggy,Cappuccino,185.5
2026-01-20,BL-260120-2197,Swiggy,Chocolate Brownie,165.31
2026-01-20,BL-260120-2198,Zomato,Cold Brew,229.75
2026-01-20,BL-260120-2199,Swiggy,Masala Chai,81.59
2026-01-20,BL-260120-2200,Swiggy,Avocado Toast,282.55
2026-01-20,BL-260120-2200,Swiggy,Cappuccino,187.2
2026-01-20,BL-260120-2200,Swiggy,Seasonal Special,399.24
2026-01-20,BL-260120-2202,Swiggy,Iced Latte,250.6
2026-01-20,BL-260120-2202,Swiggy,Masala Chai,80.33
2026-01-20,BL-260120-2202,Swiggy,Avocado Toast,563.46
2026-01-20,BL-260120-2203,Zomato,Masala Chai,83.54
2026-01-20,BL-260120-2204,Swiggy,Chocolate Brownie,165.99
2026-01-21,BL-260121-2210,Swiggy,Blueberry Muffin,144.17
2026-01-21,BL-260121-2212,Swiggy,Espresso,150.69
2026-01-21,BL-260121-2213,Zomato,Iced Latte,242.14
2026-01-21,BL-260121-2213,Zomato,Masala Chai,81.92
2026-01-21,BL-260121-2215,Zomato,Club Sandwich,649.6
2026-01-21,BL-260121-2215,Zomato,Veg Wrap,270.05
2026-01-21,BL-260121-2219,Swiggy,Espresso,156.85
2026-01-21,BL-260121-2219,Swiggy,Avocado Toast,280.69
2026-01-21,BL-260121-2219,Swiggy,Seasonal Special,391.09
2026-01-21,BL-260121-2224,Swiggy,Masala Chai,81.54
2026-01-21,BL-260121-2224,Swiggy,Cappuccino,184.04
2026-01-21,BL-260121-2226,Zomato,Cappuccino,180.77
2026-01-21,BL-260121-2226,Zomato,Iced Latte,240.93
2026-01-21,BL-260121-2226,Zomato,Croissant,120.76
2026-01-21,BL-260121-2232,Zomato,Iced Latte,244.66
2026-01-21,BL-260121-2232,Zomato,Avocado Toast,292.38
2026-01-21,BL-260121-2233,Zomato,Latte,208.23
2026-01-21,BL-260121-2234,Zomato,Cappuccino,183.15
2026-01-21,BL-260121-2234,Zomato,Chocolate Brownie,162.81
2026-01-21,BL-260121-2237,Zomato,Iced Latte,240.12
2026-01-21,BL-260121-2237,Zomato,Latte,199.51
2026-01-21,BL-260121-2238,Zomato,Espresso,154.16
2026-01-21,BL-260121-2241,Swiggy,Seasonal Special,399.52
2026-01-21,BL-260121-2241,Swiggy,Chocolate Brownie,163.33
2026-01-21,BL-260121-2241,Swiggy,Seasonal Special,388.18
2026-01-21,BL-260121-2242,Swiggy,Veg Wrap,272.71
2026-01-21,BL-260121-2248,Zomato,Veg Wrap,264.36
2026-01-21,BL-260121-2248,Zomato,Espresso,154.02
2026-01-21,BL-260121-2256,Zomato,Veg Wrap,262.22
2026-01-21,BL-260121-2256,Zomato,Avocado Toast,581.44
2026-01-21,BL-260121-2259,Swiggy,Iced Latte,244.43
2026-01-21,BL-260121-2259,Swiggy,Club Sandwich,334.64
2026-01-21,BL-260121-2261,Zomato,Veg Wrap,269.15
2026-01-21,BL-260121-2261,Zomato,Blueberry Muffin,140.25
2026-01-21,BL-260121-2262,Zomato,Espresso,150.43
2026-01-21,BL-260121-2263,Zomato,Iced Latte,242.47
2026-01-21,BL-260121-2263,Zomato,Blueberry Muffin,146.5
2026-01-21,BL-260121-2263,Zomato,Seasonal Special,396.11
2026-01-21,BL-260121-2266,Swiggy,Club Sandwich,649.92
2026-01-21,BL-260121-2266,Swiggy,Club Sandwich,324.59
2026-01-21,BL-260121-2269,Zomato,Espresso,152.82
2026-01-21,BL-260121-2269,Zomato,Cappuccino,186.44
2026-01-21,BL-260121-2269,Zomato,Iced Latte,241.38
2026-01-21,BL-260121-2272,Swiggy,Veg Wrap,539.33
2026-01-21,BL-260121-2272,Swiggy,Cold Brew,223.26
2026-01-21,BL-260121-2274,Swiggy,Espresso,156.5
2026-01-21,BL-260121-2276,Swiggy,Veg Wrap,261.97
2026-01-21,BL-260121-2276,Swiggy,Iced Latte,241.64
2026-01-21,BL-260121-2278,Zomato,Espresso,304.42
2026-01-21,BL-260121-2284,Swiggy,Veg Wrap,267.0
2026-01-21,BL-260121-2285,Zomato,Croissant,240.48
2026-01-21,BL-260121-2285,Zomato,Croissant,123.43
2026-01-21,BL-260121-2286,Zomato,Masala Chai,83.58
2026-01-21,BL-260121-2286,Zomato,Avocado Toast,286.58
2026-01-21,BL-260121-2286,Zomato,Cappuccino,180.14
2026-01-21,BL-260121-2286,Zomato,Avocado Toast,291.62
2026-01-21,BL-260121-2289,Swiggy,Chocolate Brownie,159.97
2026-01-21,BL-260121-2292,Swiggy,Iced Latte,485.3
2026-01-21,BL-260121-2293,Swiggy,Chocolate Brownie,166.75
2026-01-21,BL-260121-2296,Zomato,Latte,209.88
2026-01-21,BL-260121-2299,Swiggy,Avocado Toast,284.27
2026-01-21,BL-260121-2299,Swiggy,Veg Wrap,538.92
2026-01-21,BL-260121-2304,Swiggy,Seasonal Special,395.21
2026-01-21,BL-260121-2304,Swiggy,Seasonal Special,384.33
2026-01-21,BL-260121-2304,Swiggy,Seasonal Special,384.63
2026-01-21,BL-260121-2307,Zomato,Croissant,125.71
2026-01-21,BL-260121-2309,Zomato,Blueberry Muffin,144.23
2026-01-21,BL-260121-2309,Zomato,Seasonal Special,386.63
2026-01-21,BL-260121-2311,Zomato,Cappuccino,186.59
2026-01-21,BL-260121-2314,Zomato,Espresso,153.06
2026-01-21,BL-260121-2314,Zomato,Cappuccino,181.23
2026-01-21,BL-260121-2319,Swiggy,Seasonal Special,391.21
2026-01-22,BL-260122-2322,Swiggy,Chocolate Brownie,332.45
2026-01-22,BL-260122-2322,Swiggy,Blueberry Muffin,281.07
2026-01-22,BL-260122-2323,Swiggy,Croissant,248.88
2026-01-22,BL-260122-2323,Swiggy,Seasonal Special,389.86
2026-01-22,BL-260122-2323,Swiggy,Chocolate Brownie,326.98
2026-01-22,BL-260122-2323,Swiggy,Latte,204.39
2026-01-22,BL-260122-2324,Swiggy,Latte,200.38
2026-01-22,BL-260122-2326,Swiggy,Latte,209.96
2026-01-22,BL-260122-2326,Swiggy,Latte,209.39
2026-01-22,BL-260122-2327,Zomato,Espresso,150.72
2026-01-22,BL-260122-2329,Swiggy,Chocolate Brownie,166.92
2026-01-22,BL-260122-2331,Swiggy,Avocado Toast,285.41
2026-01-22,BL-260122-2331,Swiggy,Cappuccino,186.45
2026-01-22,BL-260122-2331,Swiggy,Seasonal Special,403.76
2026-01-22,BL-260122-2335,Zomato,Espresso,150.77
2026-01-22,BL-260122-2335,Zomato,Avocado Toast,289.77
2026-01-22,BL-260122-2337,Zomato,Veg Wrap,270.58
2026-01-22,BL-260122-2337,Zomato,Veg Wrap,268.56
2026-01-22,BL-260122-2340,Zomato,Cappuccino,186.94
2026-01-22,BL-260122-2341,Swiggy,Croissant,123.0
2026-01-22,BL-260122-2347,Swiggy,Iced Latte,240.69
2026-01-22,BL-260122-2347,Swiggy,Cappuccino,184.91
2026-01-22,BL-260122-2347,Swiggy,Cold Brew,220.36
2026-01-22,BL-260122-2351,Swiggy,Espresso,152.21
2026-01-22,BL-260122-2351,Swiggy,Iced Latte,240.97
2026-01-22,BL-260122-2353,Swiggy,Club Sandwich,662.87
2026-01-22,BL-260122-2353,Swiggy,Club Sandwich,663.44
2026-01-22,BL-260122-2353,Swiggy,Seasonal Special,385.35
2026-01-22,BL-260122-2353,Swiggy,Latte,205.51
2026-01-22,BL-260122-2356-R,Swiggy,Espresso,156.72
2026-01-22,BL-260122-2363,Swiggy,Blueberry Muffin,141.67
2026-01-22,BL-260122-2363,Swiggy,Avocado Toast,566.09
2026-01-22,BL-260122-2369,Zomato,Cold Brew,226.07
2026-01-22,BL-260122-2369,Zomato,Croissant,125.54
2026-01-22,BL-260122-2374,Swiggy,Masala Chai,165.44
2026-01-22,BL-260122-2374,Swiggy,Blueberry Muffin,146.0
2026-01-22,BL-260122-2374,Swiggy,Chocolate Brownie,162.81
2026-01-22,BL-260122-2376,Swiggy,Cappuccino,366.43
2026-01-22,BL-260122-2377,Swiggy,Veg Wrap,265.01
2026-01-22,BL-260122-2379,Zomato,Cold Brew,230.32
2026-01-22,BL-260122-2379,Zomato,Chocolate Brownie,334.46
2026-01-22,BL-260122-2380,Zomato,Cold Brew,221.76
2026-01-22,BL-260122-2380,Zomato,Espresso,311.93
2026-01-22,BL-260122-2382,Swiggy,Veg Wrap,267.83
2026-01-22,BL-260122-2383,Zomato,Iced Latte,248.37
2026-01-22,BL-260122-2387,Zomato,Croissant,125.83
2026-01-22,BL-260122-2388,Swiggy,Seasonal Special,385.8
2026-01-22,BL-260122-2388,Swiggy,Croissant,123.32
2026-01-22,BL-260122-2392,Zomato,Veg Wrap,267.04
2026-01-22,BL-260122-2395,Swiggy,Club Sandwich,329.56
2026-01-22,BL-260122-2395,Swiggy,Club Sandwich,330.0
2026-01-22,BL-260122-2399,Swiggy,Chocolate Brownie,165.56
2026-01-22,BL-260122-2399,Swiggy,Seasonal Special,391.31
2026-01-22,BL-260122-2399,Swiggy,Veg Wrap,268.57
2026-01-22,BL-260122-2400,Swiggy,Club Sandwich,321.76
2026-01-22,BL-260122-2400,Swiggy,Masala Chai,166.24
2026-01-22,BL-260122-2400,Swiggy,Blueberry Muffin,140.58
2026-01-23,BL-260123-2406,Swiggy,Masala Chai,82.08
2026-01-23,BL-260123-2406,Swiggy,Masala Chai,82.61
2026-01-23,BL-260123-2406,Swiggy,Cold Brew,219.88
2026-01-23,BL-260123-2406,Swiggy,Club Sandwich,321.54
2026-01-23,BL-260123-2408,Swiggy,Avocado Toast,283.02
2026-01-23,BL-260123-2410,Swiggy,Club Sandwich,335.08
2026-01-23,BL-260123-2410,Swiggy,Cappuccino,185.91
2026-01-23,BL-260123-2414,Swiggy,Seasonal Special,397.3
2026-01-23,BL-260123-2416,Zomato,Espresso,155.23
2026-01-23,BL-260123-2416,Zomato,Chocolate Brownie,160.26
2026-01-23,BL-260123-2420,Swiggy,Chocolate Brownie,326.62
2026-01-23,BL-260123-2420,Swiggy,Club Sandwich,330.89
2026-01-23,BL-260123-2421,Swiggy,Cappuccino,184.33
2026-01-23,BL-260123-2422,Zomato,Masala Chai,80.93
2026-01-23,BL-260123-2424,Swiggy,Croissant,124.91
2026-01-23,BL-260123-2424,Swiggy,Croissant,123.37
2026-01-23,BL-260123-2427,Zomato,Cold Brew,224.76
2026-01-23,BL-260123-2427,Zomato,Veg Wrap,265.05
2026-01-23,BL-260123-2429,Zomato,Veg Wrap,264.58
2026-01-23,BL-260123-2430,Zomato,Masala Chai,83.16
2026-01-23,BL-260123-2430,Zomato,Club Sandwich,333.09
2026-01-23,BL-260123-2435,Swiggy,Espresso,153.08
2026-01-23,BL-260123-2436,Zomato,Masala Chai,80.5
2026-01-23,BL-260123-2440,Zomato,Cappuccino,183.54
2026-01-23,BL-260123-2440,Zomato,Croissant,246.6
2026-01-23,BL-260123-2441,Swiggy,Croissant,122.96
2026-01-23,BL-260123-2445,Swiggy,Club Sandwich,319.77
2026-01-23,BL-260123-2445,Swiggy,Blueberry Muffin,143.28
2026-01-23,BL-260123-2446,Swiggy,Iced Latte,246.94
2026-01-23,BL-260123-2446,Swiggy,Club Sandwich,335.46
2026-01-23,BL-260123-2449,Swiggy,Seasonal Special,392.98
2026-01-23,BL-260123-2449,Swiggy,Veg Wrap,266.61
2026-01-23,BL-260123-2450,Zomato,Latte,403.6
2026-01-23,BL-260123-2451,Zomato,Chocolate Brownie,167.82
2026-01-23,BL-260123-2452,Swiggy,Club Sandwich,644.48
2026-01-23,BL-260123-2452,Swiggy,Espresso,154.49
2026-01-23,BL-260123-2453,Zomato,Latte,205.07
2026-01-23,BL-260123-2453,Zomato,Cappuccino,181.16
2026-01-23,BL-260123-2455,Swiggy,Croissant,122.66
2026-01-23,BL-260123-2455,Swiggy,Club Sandwich,666.3
2026-01-23,BL-260123-2455,Swiggy,Veg Wrap,535.68
2026-01-23,BL-260123-2456,Zomato,Blueberry Muffin,283.74
2026-01-23,BL-260123-2456,Zomato,Chocolate Brownie,165.34
2026-01-23,BL-260123-2457,Swiggy,Avocado Toast,281.42
2026-01-23,BL-260123-2457,Swiggy,Chocolate Brownie,160.91
2026-01-23,BL-260123-2458,Zomato,Latte,205.46
2026-01-23,BL-260123-2460,Zomato,Chocolate Brownie,161.62
2026-01-23,BL-260123-2460,Zomato,Avocado Toast,586.48
2026-01-23,BL-260123-2460,Zomato,Chocolate Brownie,165.11
2026-01-23,BL-260123-2465,Swiggy,Croissant,124.48
2026-01-23,BL-260123-2465,Swiggy,Chocolate Brownie,163.78
2026-01-23,BL-260123-2465,Swiggy,Masala Chai,83.73
2026-01-23,BL-260123-2465,Swiggy,Masala Chai,81.77
2026-01-23,BL-260123-2465,Swiggy,Latte,209.96
2026-01-23,BL-260123-2471,Swiggy,Chocolate Brownie,334.35
2026-01-23,BL-260123-2471,Swiggy,Cold Brew,226.02
2026-01-23,BL-260123-2475,Zomato,Croissant,120.49
2026-01-23,BL-260123-2475,Zomato,Espresso,302.81
2026-01-23,BL-260123-2475,Zomato,Masala Chai,82.93
2026-01-23,BL-260123-2476,Zomato,Club Sandwich,335.6
2026-01-23,BL-260123-2478,Swiggy,Espresso,151.04
2026-01-23,BL-260123-2478,Swiggy,Avocado Toast,561.53
2026-01-23,BL-260123-2478,Swiggy,Masala Chai,83.24
2026-01-23,BL-260123-2481,Zomato,Veg Wrap,266.42
2026-01-23,BL-260123-2481,Zomato,Masala Chai,81.5
2026-01-23,BL-260123-2481,Zomato,Espresso,153.07
2026-01-23,BL-260123-2481,Zomato,Chocolate Brownie,166.39
2026-01-23,BL-260123-2483,Zomato,Masala Chai,83.47
2026-01-23,BL-260123-2483,Zomato,Blueberry Muffin,146.23
2026-01-23,BL-260123-2483,Zomato,Blueberry Muffin,145.11
2026-01-23,BL-260123-2485,Swiggy,Cappuccino,186.93
2026-01-23,BL-260123-2487-R,Zomato,Masala Chai,83.92
2026-01-23,BL-260123-2487-R,Zomato,Club Sandwich,330.48
2026-01-23,BL-260123-2488,Zomato,Avocado Toast,581.62
2026-01-23,BL-260123-2488,Zomato,Croissant,123.04
2026-01-23,BL-260123-2490,Zomato,Chocolate Brownie,160.87
2026-01-23,BL-260123-2490,Zomato,Avocado Toast,279.57
2026-01-23,BL-260123-2491,Zomato,Seasonal Special,387.36
2026-01-23,BL-260123-2491,Zomato,Blueberry Muffin,290.0
2026-01-23,BL-260123-2492,Zomato,Club Sandwich,319.49
2026-01-23,BL-260123-2492,Zomato,Avocado Toast,289.44
2026-01-23,BL-260123-2493,Zomato,Cold Brew,228.1
2026-01-23,BL-260123-2493,Zomato,Blueberry Muffin,140.41
2026-01-24,BL-260124-2497,Swiggy,Espresso,149.98
2026-01-24,BL-260124-2502,Zomato,Avocado Toast,574.43
2026-01-24,BL-260124-2502,Zomato,Veg Wrap,272.09
2026-01-24,BL-260124-2502,Zomato,Chocolate Brownie,159.82
2026-01-24,BL-260124-2503,Swiggy,Chocolate Brownie,161.55
2026-01-24,BL-260124-2503,Swiggy,Blueberry Muffin,145.35
2026-01-24,BL-260124-2505,Zomato,Croissant,119.97
2026-01-24,BL-260124-2505,Zomato,Croissant,242.41
2026-01-24,BL-260124-2506,Swiggy,Cold Brew,223.73
2026-01-24,BL-260124-2509,Swiggy,Latte,209.69
2026-01-24,BL-260124-2509,Swiggy,Cold Brew,229.44
2026-01-24,BL-260124-2511,Swiggy,Espresso,307.12
2026-01-24,BL-260124-2511,Swiggy,Latte,203.01
2026-01-24,BL-260124-2514,Swiggy,Club Sandwich,319.75
2026-01-24,BL-260124-2516,Zomato,Latte,208.19
2026-01-24,BL-260124-2516,Zomato,Iced Latte,248.84
2026-01-24,BL-260124-2516,Zomato,Avocado Toast,284.17
2026-01-24,BL-260124-2517,Zomato,Masala Chai,81.06
2026-01-24,BL-260124-2517,Zomato,Seasonal Special,401.19
2026-01-24,BL-260124-2518,Zomato,Veg Wrap,259.62
2026-01-24,BL-260124-2518,Zomato,Latte,202.74
2026-01-24,BL-260124-2518,Zomato,Club Sandwich,334.79
2026-01-24,BL-260124-2519,Zomato,Avocado Toast,280.52
2026-01-24,BL-260124-2519,Zomato,Seasonal Special,396.13
2026-01-24,BL-260124-2522,Zomato,Espresso,302.75
2026-01-24,BL-260124-2522,Zomato,Latte,205.64
2026-01-24,BL-260124-2527,Zomato,Cappuccino,187.6
2026-01-24,BL-260124-2527,Zomato,Chocolate Brownie,326.72
2026-01-24,BL-260124-2530,Zomato,Avocado Toast,285.98
2026-01-24,BL-260124-2530,Zomato,Club Sandwich,328.72
2026-01-24,BL-260124-2532,Swiggy,Masala Chai,82.02
2026-01-24,BL-260124-2532,Swiggy,Espresso,302.66
2026-01-24,BL-260124-2537,Zomato,Espresso,156.49
2026-01-24,BL-260124-2542,Swiggy,Avocado Toast,571.26
2026-01-24,BL-260124-2543,Zomato,Masala Chai,163.08
2026-01-24,BL-260124-2543,Zomato,Latte,206.48
2026-01-24,BL-260124-2544,Zomato,Blueberry Muffin,143.42
2026-01-24,BL-260124-2545,Zomato,Club Sandwich,642.5
2026-01-24,BL-260124-2546,Swiggy,Espresso,153.17
2026-01-24,BL-260124-2546,Swiggy,Cappuccino,188.08
2026-01-24,BL-260124-2546,Swiggy,Espresso,154.29
2026-01-24,BL-260124-2549,Swiggy,Cold Brew,451.3
2026-01-24,BL-260124-2549,Swiggy,Veg Wrap,266.94
2026-01-24,BL-260124-2552,Zomato,Iced Latte,494.1
2026-01-24,BL-260124-2552,Zomato,Club Sandwich,322.01
2026-01-24,BL-260124-2554,Zomato,Chocolate Brownie,327.77
2026-01-24,BL-260124-2554,Zomato,Chocolate Brownie,159.86
2026-01-24,BL-260124-2556,Swiggy,Blueberry Muffin,141.87
2026-01-24,BL-260124-2558,Swiggy,Croissant,123.19
2026-01-24,BL-260124-2558,Swiggy,Chocolate Brownie,322.4
2026-01-24,BL-260124-2558,Swiggy,Iced Latte,245.68
2026-01-24,BL-260124-2559,Zomato,Veg Wrap,528.77
2026-01-24,BL-260124-2560,Zomato,Club Sandwich,329.4
2026-01-24,BL-260124-2566,Zomato,Veg Wrap,272.54
2026-01-24,BL-260124-2566,Zomato,Avocado Toast,282.85
2026-01-24,BL-260124-2567,Swiggy,Chocolate Brownie,160.14
2026-01-24,BL-260124-2569,Zomato,Seasonal Special,396.39
2026-01-24,BL-260124-2570,Zomato,Croissant,249.5
2026-01-24,BL-260124-2570,Zomato,Club Sandwich,667.03
2026-01-24,BL-260124-2570,Zomato,Espresso,152.65
2026-01-24,BL-260124-2573,Swiggy,Club Sandwich,330.18
2026-01-24,BL-260124-2573,Swiggy,Blueberry Muffin,146.17
2026-01-24,BL-260124-2574,Swiggy,Cold Brew,227.3
2026-01-24,BL-260124-2577,Zomato,Latte,416.04
2026-01-24,BL-260124-2578,Swiggy,Cold Brew,221.86
2026-01-24,BL-260124-2579,Swiggy,Chocolate Brownie,163.01
2026-01-24,BL-260124-2579,Swiggy,Avocado Toast,286.81
2026-01-24,BL-260124-2581,Swiggy,Veg Wrap,266.19
2026-01-24,BL-260124-2587,Zomato,Club Sandwich,334.58
2026-01-24,BL-260124-2588,Swiggy,Avocado Toast,290.83
2026-01-24,BL-260124-2588,Swiggy,Avocado Toast,280.46
2026-01-24,BL-260124-2588,Swiggy,Croissant,121.19
2026-01-24,BL-260124-2588,Swiggy,Croissant,124.75
2026-01-24,BL-260124-2589,Zomato,Blueberry Muffin,141.6
2026-01-24,BL-260124-2589,Zomato,Iced Latte,251.96
2026-01-24,BL-260124-2589,Zomato,Blueberry Muffin,292.08
2026-01-24,BL-260124-2590,Zomato,Chocolate Brownie,167.46
2026-01-24,BL-260124-2592,Swiggy,Iced Latte,250.53
2026-01-24,BL-260124-2592,Swiggy,Cappuccino,187.88
2026-01-24,BL-260124-2597,Swiggy,Chocolate Brownie,162.69
2026-01-24,BL-260124-2597,Swiggy,Latte,202.78
2026-01-24,BL-260124-2604,Zomato,Club Sandwich,334.08
2026-01-24,BL-260124-2604,Zomato,Chocolate Brownie,163.32
2026-01-24,BL-260124-2608,Swiggy,Veg Wrap,271.07
2026-01-24,BL-260124-2608,Swiggy,Masala Chai,82.31
2026-01-24,BL-260124-2609,Zomato,Cold Brew,230.62
2026-01-24,BL-260124-2610,Zomato,Croissant,123.16
2026-01-24,BL-260124-2610,Zomato,Espresso,313.03
2026-01-24,BL-260124-2613,Swiggy,Croissant,120.35
2026-01-24,BL-260124-2613,Swiggy,Seasonal Special,400.38
2026-01-24,BL-260124-2616,Swiggy,Cold Brew,226.92
2026-01-24,BL-260124-2619,Zomato,Seasonal Special,397.43
2026-01-25,BL-260125-2624,Swiggy,Iced Latte,240.87
2026-01-25,BL-260125-2627,Zomato,Espresso,150.58
2026-01-25,BL-260125-2627,Zomato,Seasonal Special,392.37
2026-01-25,BL-260125-2628,Zomato,Croissant,125.27
2026-01-25,BL-260125-2628,Zomato,Iced Latte,250.86
2026-01-25,BL-260125-2628,Zomato,Cold Brew,230.92
2026-01-25,BL-260125-2632,Swiggy,Seasonal Special,787.19
2026-01-25,BL-260125-2632,Swiggy,Blueberry Muffin,293.2
2026-01-25,BL-260125-2634,Swiggy,Croissant,248.02
2026-01-25,BL-260125-2635,Zomato,Chocolate Brownie,165.91
2026-01-25,BL-260125-2635,Zomato,Latte,199.95
2026-01-25,BL-260125-2642,Zomato,Veg Wrap,267.04
2026-01-25,BL-260125-2650,Zomato,Club Sandwich,334.87
2026-01-25,BL-260125-2650,Zomato,Blueberry Muffin,144.13
2026-01-25,BL-260125-2651,Swiggy,Latte,200.95
2026-01-25,BL-260125-2652,Zomato,Blueberry Muffin,140.44
2026-01-25,BL-260125-2652,Zomato,Avocado Toast,558.69
2026-01-25,BL-260125-2653,Swiggy,Masala Chai,80.31
2026-01-25,BL-260125-2653,Swiggy,Seasonal Special,401.01
2026-01-25,BL-260125-2653,Swiggy,Latte,205.9
2026-01-25,BL-260125-2657,Swiggy,Croissant,121.06
2026-01-25,BL-260125-2657,Swiggy,Cold Brew,226.98
2026-01-25,BL-260125-2657,Swiggy,Cold Brew,223.76
2026-01-25,BL-260125-2659,Zomato,Chocolate Brownie,333.14
2026-01-25,BL-260125-2659,Zomato,Chocolate Brownie,166.08
2026-01-25,BL-260125-2661,Zomato,Blueberry Muffin,146.09
2026-01-25,BL-260125-2668,Swiggy,Latte,399.23
2026-01-25,BL-260125-2671,Zomato,Croissant,120.08
2026-01-25,BL-260125-2672,Zomato,Masala Chai,80.59
2026-01-25,BL-260125-2672,Zomato,Cold Brew,219.74
2026-01-25,BL-260125-2672,Zomato,Cappuccino,367.85
2026-01-25,BL-260125-2674,Zomato,Veg Wrap,271.84
2026-01-25,BL-260125-2681,Zomato,Cold Brew,229.19
2026-01-25,BL-260125-2681,Zomato,Latte,205.78
2026-01-25,BL-260125-2681,Zomato,Espresso,149.91
2026-01-25,BL-260125-2681,Zomato,Croissant,120.2
2026-01-25,BL-260125-2682,Swiggy,Seasonal Special,390.44
2026-01-25,BL-260125-2682,Swiggy,Veg Wrap,270.47
2026-01-25,BL-260125-2683,Zomato,Seasonal Special,389.85
2026-01-25,BL-260125-2683,Zomato,Seasonal Special,389.13
2026-01-25,BL-260125-2684,Zomato,Club Sandwich,671.33
2026-01-25,BL-260125-2685,Zomato,Seasonal Special,391.23
2026-01-25,BL-260125-2690,Zomato,Chocolate Brownie,167.28
2026-01-25,BL-260125-2692,Zomato,Chocolate Brownie,162.38
2026-01-25,BL-260125-2693,Swiggy,Cappuccino,179.71
2026-01-25,BL-260125-2694,Swiggy,Chocolate Brownie,163.57
2026-01-25,BL-260125-2697,Zomato,Seasonal Special,393.63
2026-01-25,BL-260125-2697,Zomato,Iced Latte,246.71
2026-01-25,BL-260125-2698,Zomato,Veg Wrap,270.63
2026-01-25,BL-260125-2698,Zomato,Masala Chai,82.37
2026-01-25,BL-260125-2698,Zomato,Masala Chai,82.0
2026-01-25,BL-260125-2702,Swiggy,Croissant,124.4
2026-01-25,BL-260125-2704,Zomato,Seasonal Special,395.07
2026-01-25,BL-260125-2706,Swiggy,Iced Latte,502.0
2026-01-25,BL-260125-2706,Swiggy,Avocado Toast,574.99
2026-01-25,BL-260125-2706,Swiggy,Blueberry Muffin,141.2
2026-01-25,BL-260125-2712,Zomato,Iced Latte,252.0
2026-01-25,BL-260125-2712,Zomato,Cold Brew,227.13
2026-01-25,BL-260125-2713,Zomato,Iced Latte,250.95
2026-01-25,BL-260125-2716,Swiggy,Veg Wrap,266.17
2026-01-25,BL-260125-2716,Swiggy,Seasonal Special,394.3
2026-01-25,BL-260125-2720,Zomato,Club Sandwich,657.07
2026-01-25,BL-260125-2720,Zomato,Espresso,154.26
2026-01-25,BL-260125-2724,Swiggy,Chocolate Brownie,161.9
2026-01-25,BL-260125-2724,Swiggy,Avocado Toast,289.6
2026-01-25,BL-260125-2726,Swiggy,Club Sandwich,327.04
2026-01-25,BL-260125-2729,Swiggy,Avocado Toast,560.84
2026-01-25,BL-260125-2729,Swiggy,Croissant,251.32
2026-01-25,BL-260125-2729,Swiggy,Cold Brew,453.32
2026-01-25,BL-260125-2730,Swiggy,Masala Chai,81.69
2026-01-25,BL-260125-2735-R,Zomato,Cappuccino,184.18
2026-01-25,BL-260125-2735-R,Zomato,Seasonal Special,400.94
2026-01-25,BL-260125-2737,Zomato,Latte,206.23
2026-01-25,BL-260125-2737,Zomato,Iced Latte,251.72
2026-01-25,BL-260125-2737,Zomato,Blueberry Muffin,140.2
2026-01-25,BL-260125-2742,Zomato,Avocado Toast,288.59
2026-01-25,BL-260125-2742,Zomato,Latte,411.99
2026-01-25,BL-260125-2742,Zomato,Seasonal Special,384.47
2026-01-25,BL-260125-2743,Swiggy,Iced Latte,241.61
2026-01-25,BL-260125-2743,Swiggy,Cold Brew,224.93
2026-01-25,BL-260125-2744,Swiggy,Chocolate Brownie,163.84
2026-01-25,BL-260125-2744,Swiggy,Cappuccino,186.07
2026-01-25,BL-260125-2748,Zomato,Latte,416.65
2026-01-25,BL-260125-2748,Zomato,Iced Latte,249.94
2026-01-25,BL-260125-2752,Zomato,Croissant,120.49
2026-01-25,BL-260125-2752,Zomato,Cappuccino,180.54
2026-01-25,BL-260125-2752,Zomato,Seasonal Special,788.83
2026-01-25,BL-260125-2753,Swiggy,Veg Wrap,259.59
2026-01-25,BL-260125-2753,Swiggy,Blueberry Muffin,144.97
2026-01-25,BL-260125-2753,Swiggy,Cold Brew,229.72
2026-01-26,BL-260126-2762,Zomato,Avocado Toast,280.27
2026-01-26,BL-260126-2762,Zomato,Veg Wrap,540.61
2026-01-26,BL-260126-2762,Zomato,Seasonal Special,802.12
2026-01-26,BL-260126-2762,Zomato,Croissant,121.12
2026-01-26,BL-260126-2769,Swiggy,Seasonal Special,390.88
2026-01-26,BL-260126-2769,Swiggy,Latte,209.89
2026-01-26,BL-260126-2774,Zomato,Cold Brew,445.18
2026-01-26,BL-260126-2774,Zomato,Espresso,156.92
2026-01-26,BL-260126-2775,Swiggy,Seasonal Special,393.06
2026-01-26,BL-260126-2775,Swiggy,Seasonal Special,384.61
2026-01-26,BL-260126-2777,Zomato,Seasonal Special,393.63
2026-01-26,BL-260126-2777,Zomato,Chocolate Brownie,163.96
2026-01-26,BL-260126-2779,Zomato,Chocolate Brownie,333.42
2026-01-26,BL-260126-2781,Zomato,Latte,207.76
2026-01-26,BL-260126-2782,Zomato,Latte,412.03
2026-01-26,BL-260126-2783,Swiggy,Club Sandwich,322.28
2026-01-26,BL-260126-2784,Zomato,Cappuccino,363.15
2026-01-26,BL-260126-2784,Zomato,Latte,209.97
2026-01-26,BL-260126-2784,Zomato,Blueberry Muffin,144.18
2026-01-26,BL-260126-2787,Swiggy,Veg Wrap,259.77
2026-01-26,BL-260126-2791,Swiggy,Cappuccino,186.78
2026-01-26,BL-260126-2791,Swiggy,Seasonal Special,384.3
2026-01-26,BL-260126-2791,Swiggy,Veg Wrap,266.81
2026-01-26,BL-260126-2792,Zomato,Chocolate Brownie,166.38
2026-01-26,BL-260126-2792,Zomato,Club Sandwich,327.94
2026-01-26,BL-260126-2795,Zomato,Veg Wrap,268.2
2026-01-26,BL-260126-2795,Zomato,Blueberry Muffin,140.81
2026-01-26,BL-260126-2795,Zomato,Croissant,122.2
2026-01-26,BL-260126-2797,Zomato,Latte,416.86
2026-01-26,BL-260126-2804,Swiggy,Espresso,150.87
2026-01-26,BL-260126-2804,Swiggy,Cappuccino,181.03
2026-01-26,BL-260126-2807,Swiggy,Cappuccino,188.45
2026-01-26,BL-260126-2808,Zomato,Avocado Toast,291.38
2026-01-26,BL-260126-2808,Zomato,Veg Wrap,268.85
2026-01-26,BL-260126-2809,Swiggy,Espresso,313.81
2026-01-26,BL-260126-2809,Swiggy,Latte,200.96
2026-01-26,BL-260126-2809,Swiggy,Cold Brew,220.23
2026-01-26,BL-260126-2811,Swiggy,Seasonal Special,399.38
2026-01-26,BL-260126-2811,Swiggy,Latte,203.2
2026-01-26,BL-260126-2822,Swiggy,Iced Latte,247.81
2026-01-26,BL-260126-2823,Zomato,Iced Latte,241.53
2026-01-26,BL-260126-2823,Zomato,Seasonal Special,784.73
2026-01-26,BL-260126-2829,Swiggy,Blueberry Muffin,146.17
2026-01-26,BL-260126-2829,Swiggy,Espresso,151.28
2026-01-26,BL-260126-2830,Zomato,Latte,209.2
2026-01-26,BL-260126-2830,Zomato,Seasonal Special,393.89
2026-01-26,BL-260126-2830,Zomato,Chocolate Brownie,161.52
2026-01-26,BL-260126-2832,Swiggy,Cold Brew,223.08
2026-01-26,BL-260126-2832,Swiggy,Espresso,153.34
2026-01-26,BL-260126-2833,Zomato,Latte,203.58
2026-01-26,BL-260126-2835,Swiggy,Avocado Toast,292.9
2026-01-26,BL-260126-2836,Swiggy,Club Sandwich,334.74
2026-01-26,BL-260126-2838,Swiggy,Cold Brew,453.63
2026-01-26,BL-260126-2838,Swiggy,Croissant,123.35
2026-01-26,BL-260126-2845,Swiggy,Croissant,121.32
2026-01-26,BL-260126-2846,Zomato,Avocado Toast,585.64
2026-01-26,BL-260126-2856,Zomato,Cappuccino,187.25
2026-01-26,BL-260126-2856,Zomato,Seasonal Special,384.04
2026-01-26,BL-260126-2857,Zomato,Seasonal Special,392.89
2026-01-26,BL-260126-2857,Zomato,Cappuccino,184.93
2026-01-26,BL-260126-2858,Swiggy,Veg Wrap,272.76
2026-01-26,BL-260126-2860,Zomato,Croissant,122.52
2026-01-26,BL-260126-2860,Zomato,Cold Brew,223.01
2026-01-26,BL-260126-2860,Zomato,Chocolate Brownie,164.53
2026-01-26,BL-260126-2861,Swiggy,Blueberry Muffin,139.92
2026-01-26,BL-260126-2862,Swiggy,Masala Chai,80.79
2026-01-26,BL-260126-2862,Swiggy,Iced Latte,249.06
2026-01-26,BL-260126-2863,Swiggy,Seasonal Special,402.51
2026-01-26,BL-260126-2863,Swiggy,Cappuccino,362.68
2026-01-26,BL-260126-2868,Zomato,Croissant,122.66
2026-01-26,BL-260126-2868,Zomato,Veg Wrap,269.39
2026-01-26,BL-260126-2869,Zomato,Avocado Toast,291.49
2026-01-26,BL-260126-2874,Zomato,Croissant,122.78
2026-01-26,BL-260126-2874,Zomato,Club Sandwich,656.14
2026-01-26,BL-260126-2874,Zomato,Chocolate Brownie,163.54
2026-01-26,BL-260126-2876,Swiggy,Iced Latte,247.61
2026-01-26,BL-260126-2876,Swiggy,Cold Brew,226.13
2026-01-26,BL-260126-2876,Swiggy,Cold Brew,444.07
2026-01-26,BL-260126-2880,Swiggy,Chocolate Brownie,161.63
2026-01-26,BL-260126-2880,Swiggy,Veg Wrap,269.72
2026-01-26,BL-260126-2882,Zomato,Masala Chai,81.98
2026-01-26,BL-260126-2883,Swiggy,Veg Wrap,531.99
2026-01-26,BL-260126-2883,Swiggy,Blueberry Muffin,143.02
2026-01-26,BL-260126-2887,Swiggy,Chocolate Brownie,166.26
2026-01-26,BL-260126-2887,Swiggy,Veg Wrap,271.25
2026-01-26,BL-260126-2887,Swiggy,Cappuccino,184.55
2026-01-26,BL-260126-2889,Swiggy,Cold Brew,223.77
2026-01-26,BL-260126-2890,Swiggy,Latte,199.78
2026-01-26,BL-260126-2890,Swiggy,Veg Wrap,259.58
2026-01-26,BL-260126-2893,Zomato,Chocolate Brownie,167.03
2026-01-26,BL-260126-2893,Zomato,Seasonal Special,393.01
2026-01-26,BL-260126-2893,Zomato,Latte,209.79
2026-01-26,BL-260126-2895,Swiggy,Espresso,155.95
2026-01-26,BL-260126-2895,Swiggy,Masala Chai,81.45
2026-01-26,BL-260126-2897,Swiggy,Latte,204.9
2026-01-26,BL-260126-2897,Swiggy,Croissant,244.36
2026-01-26,BL-260126-2899,Swiggy,Iced Latte,240.34
2026-01-26,BL-260126-2901,Swiggy,Latte,413.76
2026-01-26,BL-260126-2903,Swiggy,Cappuccino,179.74
2026-01-26,BL-260126-2903,Swiggy,Club Sandwich,331.76
2026-01-26,BL-260126-2904,Zomato,Avocado Toast,570.09
2026-01-26,BL-260126-2904,Zomato,Veg Wrap,530.72
2026-01-26,BL-260126-2904,Zomato,Avocado Toast,287.25
2026-01-26,BL-260126-2905,Swiggy,Masala Chai,80.02
2026-01-26,BL-260126-2906,Zomato,Blueberry Muffin,146.51
2026-01-26,BL-260126-2906,Zomato,Espresso,151.74
2026-01-26,BL-260126-2907,Swiggy,Cold Brew,221.77
2026-01-26,BL-260126-2907,Swiggy,Iced Latte,244.25
2026-01-26,BL-260126-2910,Swiggy,Croissant,125.76
2026-01-26,BL-260126-2910,Swiggy,Club Sandwich,332.33
2026-01-26,BL-260126-2910,Swiggy,Seasonal Special,803.12
2026-01-26,BL-260126-2911,Zomato,Espresso,153.43
2026-01-27,BL-260127-2915,Swiggy,Croissant,121.75
2026-01-27,BL-260127-2919,Swiggy,Croissant,125.51
2026-01-27,BL-260127-2919,Swiggy,Croissant,121.83
2026-01-27,BL-260127-2919,Swiggy,Latte,200.06
2026-01-27,BL-260127-2921,Zomato,Cappuccino,179.65
2026-01-27,BL-260127-2921,Zomato,Latte,200.19
2026-01-27,BL-260127-2923,Swiggy,Seasonal Special,389.96
2026-01-27,BL-260127-2923,Swiggy,Espresso,310.25
2026-01-27,BL-260127-2923,Swiggy,Masala Chai,82.55
2026-01-27,BL-260127-2925,Swiggy,Cappuccino,183.65
2026-01-27,BL-260127-2925,Swiggy,Espresso,150.96
2026-01-27,BL-260127-2926,Swiggy,Croissant,122.02
2026-01-27,BL-260127-2926,Swiggy,Croissant,122.0
2026-01-27,BL-260127-2926,Swiggy,Blueberry Muffin,144.49
2026-01-27,BL-260127-2928,Zomato,Cold Brew,223.69
2026-01-27,BL-260127-2930,Swiggy,Espresso,155.96
2026-01-27,BL-260127-2931,Zomato,Espresso,313.7
2026-01-27,BL-260127-2931,Zomato,Croissant,124.27
2026-01-27,BL-260127-2933-R,Swiggy,Avocado Toast,292.67
2026-01-27,BL-260127-2933-R,Swiggy,Club Sandwich,670.0
2026-01-27,BL-260127-2938,Zomato,Club Sandwich,332.35
2026-01-27,BL-260127-2938,Zomato,Avocado Toast,283.47
2026-01-27,BL-260127-2941,Zomato,Croissant,243.37
2026-01-27,BL-260127-2942,Zomato,Veg Wrap,545.64
2026-01-27,BL-260127-2942,Zomato,Chocolate Brownie,166.6
2026-01-27,BL-260127-2943,Zomato,Blueberry Muffin,146.27
2026-01-27,BL-260127-2945,Zomato,Blueberry Muffin,140.12
2026-01-27,BL-260127-2945,Zomato,Avocado Toast,289.97
2026-01-27,BL-260127-2947,Swiggy,Club Sandwich,329.48
2026-01-27,BL-260127-2947,Swiggy,Cappuccino,187.48
2026-01-27,BL-260127-2950,Swiggy,Club Sandwich,660.42
2026-01-27,BL-260127-2958,Swiggy,Iced Latte,251.63
2026-01-27,BL-260127-2958,Swiggy,Cappuccino,185.65
2026-01-27,BL-260127-2959,Zomato,Latte,203.0
2026-01-27,BL-260127-2961,Zomato,Croissant,124.35
2026-01-27,BL-260127-2961,Zomato,Veg Wrap,264.05
2026-01-27,BL-260127-2965,Swiggy,Club Sandwich,328.93
2026-01-27,BL-260127-2965,Swiggy,Espresso,152.46
2026-01-27,BL-260127-2972,Zomato,Cold Brew,223.44
2026-01-27,BL-260127-2974,Zomato,Croissant,123.94
2026-01-27,BL-260127-2974,Zomato,Veg Wrap,266.66
2026-01-27,BL-260127-2976,Swiggy,Blueberry Muffin,139.74
2026-01-27,BL-260127-2976,Swiggy,Avocado Toast,293.67
2026-01-27,BL-260127-2979,Swiggy,Iced Latte,248.3
2026-01-27,BL-260127-2979,Swiggy,Seasonal Special,403.5
2026-01-27,BL-260127-2980,Swiggy,Espresso,155.38
2026-01-27,BL-260127-2980,Swiggy,Cappuccino,185.6
2026-01-27,BL-260127-2980,Swiggy,Chocolate Brownie,166.66
2026-01-27,BL-260127-2982,Swiggy,Seasonal Special,390.55
2026-01-27,BL-260127-2984,Zomato,Avocado Toast,291.53
2026-01-27,BL-260127-2984,Zomato,Iced Latte,491.14
2026-01-27,BL-260127-2988,Swiggy,Blueberry Muffin,146.4
2026-01-27,BL-260127-2988,Swiggy,Latte,206.04
2026-01-27,BL-260127-2988,Swiggy,Iced Latte,499.12
2026-01-27,BL-260127-2989,Zomato,Cold Brew,224.38
2026-01-27,BL-260127-2990,Zomato,Chocolate Brownie,327.04
2026-01-27,BL-260127-2990,Zomato,Chocolate Brownie,167.32
2026-01-27,BL-260127-2990,Zomato,Chocolate Brownie,324.82
2026-01-27,BL-260127-2993,Swiggy,Blueberry Muffin,292.39
2026-01-27,BL-260127-2993,Swiggy,Masala Chai,82.71
2026-01-27,BL-260127-2993,Swiggy,Chocolate Brownie,161.75
2026-01-27,BL-260127-3003,Zomato,Espresso,155.61
2026-01-27,BL-260127-3003,Zomato,Croissant,125.6
2026-01-27,BL-260127-3006,Swiggy,Cappuccino,182.47
2026-01-27,BL-260127-3006,Swiggy,Cappuccino,187.2
2026-01-27,BL-260127-3006,Swiggy,Avocado Toast,582.96
2026-01-27,BL-260127-3007,Swiggy,Cold Brew,224.02
2026-01-27,BL-260127-3007,Swiggy,Latte,204.91
2026-01-27,BL-260127-3008,Swiggy,Seasonal Special,403.12
2026-01-27,BL-260127-3010,Zomato,Espresso,153.64
2026-01-27,BL-260127-3010,Zomato,Croissant,125.08
2026-01-27,BL-260127-3010,Zomato,Seasonal Special,393.23
2026-01-27,BL-260127-3017,Zomato,Iced Latte,246.25
2026-01-27,BL-260127-3017,Zomato,Chocolate Brownie,165.06
2026-01-27,BL-260127-3018,Zomato,Avocado Toast,288.4
2026-01-27,BL-260127-3021,Zomato,Iced Latte,248.87
2026-01-27,BL-260127-3021,Zomato,Iced Latte,248.36
2026-01-27,BL-260127-3023,Zomato,Iced Latte,250.49
2026-01-27,BL-260127-3023,Zomato,Masala Chai,80.07
2026-01-27,BL-260127-3023,Zomato,Veg Wrap,529.1
2026-01-27,BL-260127-3024,Swiggy,Espresso,151.43
2026-01-27,BL-260127-3024,Swiggy,Club Sandwich,328.64
2026-01-27,BL-260127-3024,Swiggy,Cappuccino,182.85
2026-01-27,BL-260127-3025,Swiggy,Blueberry Muffin,141.6
2026-01-27,BL-260127-3025,Swiggy,Chocolate Brownie,166.86
2026-01-27,BL-260127-3025,Swiggy,Avocado Toast,288.53
2026-01-27,BL-260127-3027,Swiggy,Club Sandwich,335.73
2026-01-27,BL-260127-3027,Swiggy,Iced Latte,248.66
2026-01-27,BL-260127-3028,Zomato,Cappuccino,185.5
2026-01-27,BL-260127-3028,Zomato,Cold Brew,222.59
2026-01-27,BL-260127-3033,Swiggy,Cold Brew,229.85
2026-01-27,BL-260127-3034,Swiggy,Club Sandwich,640.28
2026-01-27,BL-260127-3034,Swiggy,Seasonal Special,387.85
2026-01-27,BL-260127-3034,Swiggy,Espresso,150.72
2026-01-27,BL-260127-3034,Swiggy,Chocolate Brownie,161.35
2026-01-27,BL-260127-3036,Swiggy,Chocolate Brownie,163.0
2026-01-27,BL-260127-3036,Swiggy,Croissant,245.09
2026-01-27,BL-260127-3037,Swiggy,Cappuccino,184.34
2026-01-27,BL-260127-3037,Swiggy,Club Sandwich,324.86
2026-01-27,BL-260127-3038,Swiggy,Avocado Toast,290.72
2026-01-27,BL-260127-3038,Swiggy,Latte,200.96
2026-01-27,BL-260127-3041,Zomato,Avocado Toast,284.1
2026-01-27,BL-260127-3041,Zomato,Chocolate Brownie,162.47
2026-01-27,BL-260127-3041,Zomato,Croissant,249.27
2026-01-27,BL-260127-3041,Zomato,Cappuccino,185.06
2026-01-27,BL-260127-3042,Zomato,Croissant,122.89
2026-01-27,BL-260127-3042,Zomato,Seasonal Special,397.09
2026-01-27,BL-260127-3042,Zomato,Veg Wrap,261.65
2026-01-27,BL-260127-3043,Swiggy,Cappuccino,179.78
2026-01-27,BL-260127-3044,Swiggy,Seasonal Special,401.69
2026-01-27,BL-260127-3047,Zomato,Cold Brew,229.78
2026-01-27,BL-260127-3047,Zomato,Masala Chai,81.21
2026-01-27,BL-260127-3048,Swiggy,Cappuccino,360.1
2026-01-27,BL-260127-3050,Zomato,Espresso,153.42
2026-01-27,BL-260127-3050,Zomato,Cappuccino,188.58
2026-01-27,BL-260127-3053,Swiggy,Espresso,149.74
2026-01-28,BL-260128-3058,Zomato,Espresso,151.09
2026-01-28,BL-260128-3058,Zomato,Croissant,120.83
2026-01-28,BL-260128-3059,Zomato,Iced Latte,247.34
2026-01-28,BL-260128-3061,Swiggy,Avocado Toast,290.21
2026-01-28,BL-260128-3068,Zomato,Chocolate Brownie,165.97
2026-01-28,BL-260128-3068,Zomato,Avocado Toast,287.48
2026-01-28,BL-260128-3068,Zomato,Chocolate Brownie,164.96
2026-01-28,BL-260128-3068,Zomato,Blueberry Muffin,141.4
2026-01-28,BL-260128-3071,Swiggy,Cappuccino,183.98
2026-01-28,BL-260128-3071,Swiggy,Croissant,120.97
2026-01-28,BL-260128-3072,Zomato,Espresso,151.5
2026-01-28,BL-260128-3072,Zomato,Veg Wrap,272.81
2026-01-28,BL-260128-3073,Zomato,Cold Brew,227.55
2026-01-28,BL-260128-3076,Swiggy,Avocado Toast,290.03
2026-01-28,BL-260128-3076,Swiggy,Seasonal Special,401.1
2026-01-28,BL-260128-3076,Swiggy,Avocado Toast,289.57
2026-01-28,BL-260128-3077,Zomato,Chocolate Brownie,166.33
2026-01-28,BL-260128-3077,Zomato,Veg Wrap,270.74
2026-01-28,BL-260128-3079,Swiggy,Cold Brew,448.85
2026-01-28,BL-260128-3080,Swiggy,Veg Wrap,264.57
2026-01-28,BL-260128-3080,Swiggy,Blueberry Muffin,288.22
2026-01-28,BL-260128-3080,Swiggy,Avocado Toast,289.41
2026-01-28,BL-260128-3081,Zomato,Latte,205.35
2026-01-28,BL-260128-3081,Zomato,Avocado Toast,288.72
2026-01-28,BL-260128-3081,Zomato,Masala Chai,82.44
2026-01-28,BL-260128-3085,Zomato,Masala Chai,81.08
2026-01-28,BL-260128-3085,Zomato,Chocolate Brownie,167.16
2026-01-28,BL-260128-3088,Zomato,Club Sandwich,334.03
2026-01-28,BL-260128-3089,Swiggy,Croissant,121.06
2026-01-28,BL-260128-3092,Swiggy,Seasonal Special,392.21
2026-01-28,BL-260128-3092,Swiggy,Latte,209.97
2026-01-28,BL-260128-3093,Zomato,Croissant,120.01
2026-01-28,BL-260128-3093,Zomato,Iced Latte,241.23
2026-01-28,BL-260128-3096,Swiggy,Latte,205.63
2026-01-28,BL-260128-3096,Swiggy,Cappuccino,362.38
2026-01-28,BL-260128-3098,Zomato,Club Sandwich,333.88
2026-01-28,BL-260128-3098,Zomato,Club Sandwich,320.11
2026-01-28,BL-260128-3099,Zomato,Croissant,120.16
2026-01-28,BL-260128-3099,Zomato,Seasonal Special,392.2
2026-01-28,BL-260128-3101,Swiggy,Seasonal Special,395.34
2026-01-28,BL-260128-3103,Swiggy,Veg Wrap,259.53
2026-01-28,BL-260128-3103,Swiggy,Seasonal Special,786.68
2026-01-28,BL-260128-3103,Swiggy,Blueberry Muffin,145.53
2026-01-28,BL-260128-3104,Swiggy,Avocado Toast,287.98
2026-01-28,BL-260128-3104,Swiggy,Avocado Toast,283.83
2026-01-28,BL-260128-3107,Zomato,Cold Brew,226.55
2026-01-28,BL-260128-3107,Zomato,Masala Chai,82.86
2026-01-28,BL-260128-3108,Swiggy,Avocado Toast,293.08
2026-01-28,BL-260128-3108,Swiggy,Club Sandwich,333.83
2026-01-28,BL-260128-3109,Zomato,Cold Brew,222.34
2026-01-28,BL-260128-3109,Zomato,Club Sandwich,330.24
2026-01-28,BL-260128-3115,Swiggy,Latte,206.47
2026-01-28,BL-260128-3115,Swiggy,Club Sandwich,319.63
2026-01-28,BL-260128-3116,Swiggy,Cold Brew,227.47
2026-01-28,BL-260128-3117,Swiggy,Club Sandwich,320.39
2026-01-28,BL-260128-3117,Swiggy,Croissant,125.33
2026-01-28,BL-260128-3117,Swiggy,Chocolate Brownie,167.72
2026-01-28,BL-260128-3118,Zomato,Seasonal Special,802.95
2026-01-28,BL-260128-3118,Zomato,Cold Brew,230.3
2026-01-28,BL-260128-3118,Zomato,Iced Latte,249.23
2026-01-28,BL-260128-3120,Zomato,Iced Latte,246.97
2026-01-28,BL-260128-3120,Zomato,Club Sandwich,319.77
2026-01-28,BL-260128-3120,Zomato,Chocolate Brownie,164.62
2026-01-28,BL-260128-3122,Zomato,Club Sandwich,655.23
2026-01-28,BL-260128-3122,Zomato,Veg Wrap,536.28
2026-01-28,BL-260128-3123,Zomato,Iced Latte,239.95
2026-01-28,BL-260128-3123,Zomato,Club Sandwich,332.04
2026-01-28,BL-260128-3125,Zomato,Blueberry Muffin,143.67
2026-01-28,BL-260128-3125,Zomato,Club Sandwich,332.69
2026-01-28,BL-260128-3127,Swiggy,Blueberry Muffin,143.35
2026-01-28,BL-260128-3128,Swiggy,Blueberry Muffin,142.35
2026-01-28,BL-260128-3128,Swiggy,Cappuccino,182.07
2026-01-28,BL-260128-3133,Zomato,Latte,203.97
2026-01-28,BL-260128-3133,Zomato,Croissant,125.2
2026-01-28,BL-260128-3133,Zomato,Masala Chai,80.69
2026-01-28,BL-260128-3135,Swiggy,Iced Latte,493.77
2026-01-28,BL-260128-3135,Swiggy,Espresso,156.27
2026-01-28,BL-260128-3136,Swiggy,Club Sandwich,320.03
2026-01-28,BL-260128-3136,Swiggy,Espresso,157.07
2026-01-28,BL-260128-3139,Zomato,Blueberry Muffin,146.75
2026-01-28,BL-260128-3139,Zomato,Seasonal Special,399.3
2026-01-28,BL-260128-3139,Zomato,Latte,208.74
2026-01-28,BL-260128-3141,Zomato,Blueberry Muffin,145.78
2026-01-28,BL-260128-3141,Zomato,Iced Latte,240.04
2026-01-28,BL-260128-3147,Zomato,Masala Chai,82.65
2026-01-28,BL-260128-3148,Zomato,Seasonal Special,384.22
2026-01-28,BL-260128-3148,Zomato,Cappuccino,181.82
2026-01-28,BL-260128-3151,Zomato,Espresso,150.71
2026-01-28,BL-260128-3152,Zomato,Cappuccino,183.71
2026-01-28,BL-260128-3152,Zomato,Veg Wrap,265.99
2026-01-28,BL-260128-3154,Swiggy,Cappuccino,180.74
2026-01-28,BL-260128-3156,Zomato,Seasonal Special,396.26
2026-01-28,BL-260128-3156,Zomato,Espresso,157.27
2026-01-28,BL-260128-3156,Zomato,Espresso,153.44
2026-01-28,BL-260128-3158,Swiggy,Seasonal Special,387.49
2026-01-28,BL-260128-3160,Swiggy,Cold Brew,228.85
2026-01-28,BL-260128-3161,Swiggy,Cappuccino,187.36
2026-01-28,BL-260128-3161,Swiggy,Club Sandwich,321.24
2026-01-28,BL-260128-3163,Swiggy,Latte,199.78
2026-01-28,BL-260128-3165,Swiggy,Club Sandwich,322.14
2026-01-28,BL-260128-3165,Swiggy,Croissant,124.84
2026-01-28,BL-260128-3165,Swiggy,Croissant,124.07
2026-01-28,BL-260128-3167,Swiggy,Blueberry Muffin,141.79
2026-01-28,BL-260128-3167,Swiggy,Espresso,156.72
2026-01-28,BL-260128-3170,Swiggy,Croissant,120.92
2026-01-28,BL-260128-3170,Swiggy,Iced Latte,250.93
2026-01-28,BL-260128-3170,Swiggy,Iced Latte,498.68
2026-01-28,BL-260128-3170,Swiggy,Masala Chai,81.96
2026-01-28,BL-260128-3171,Swiggy,Club Sandwich,663.44
2026-01-28,BL-260128-3171,Swiggy,Espresso,300.33
2026-01-28,BL-260128-3171,Swiggy,Blueberry Muffin,142.91
2026-01-28,BL-260128-3172,Zomato,Iced Latte,249.54
2026-01-28,BL-260128-3172,Zomato,Masala Chai,82.24
2026-01-28,BL-260128-3172,Zomato,Cold Brew,225.03
2026-01-28,BL-260128-3173,Swiggy,Masala Chai,83.05
2026-01-28,BL-260128-3173,Swiggy,Blueberry Muffin,141.17
2026-01-28,BL-260128-3173,Swiggy,Croissant,125.2
2026-01-28,BL-260128-3174,Zomato,Latte,205.24
2026-01-28,BL-260128-3174,Zomato,Cappuccino,185.33
2026-01-28,BL-260128-3174,Zomato,Espresso,308.29
2026-01-28,BL-260128-3176,Zomato,Espresso,154.79
2026-01-28,BL-260128-3178,Swiggy,Espresso,152.3
2026-01-28,BL-260128-3178,Swiggy,Club Sandwich,332.7
2026-01-28,BL-260128-3182,Swiggy,Croissant,122.72
2026-01-28,BL-260128-3182,Swiggy,Avocado Toast,292.11
2026-01-28,BL-260128-3183,Swiggy,Veg Wrap,266.9
2026-01-28,BL-260128-3184,Zomato,Chocolate Brownie,166.67
2026-01-28,BL-260128-3184,Zomato,Masala Chai,80.97
2026-01-28,BL-260128-3186,Zomato,Masala Chai,81.29
2026-01-28,BL-260128-3186,Zomato,Croissant,123.77
2026-01-28,BL-260128-3190,Zomato,Cold Brew,221.17
2026-01-28,BL-260128-3192,Zomato,Chocolate Brownie,160.65
2026-01-28,BL-260128-3192,Zomato,Latte,405.66
2026-01-28,BL-260128-3194,Zomato,Latte,201.35
2026-01-28,BL-260128-3200,Zomato,Croissant,122.38
2026-01-28,BL-260128-3200,Zomato,Cold Brew,453.63
2026-01-29,BL-260129-3211,Swiggy,Veg Wrap,270.54
2026-01-29,BL-260129-3216,Zomato,Avocado Toast,284.19
2026-01-29,BL-260129-3216,Zomato,Cold Brew,229.59
2026-01-29,BL-260129-3216,Zomato,Club Sandwich,332.47
2026-01-29,BL-260129-3217,Zomato,Masala Chai,82.36
2026-01-29,BL-260129-3218,Zomato,Masala Chai,82.46
2026-01-29,BL-260129-3218,Zomato,Iced Latte,479.0
2026-01-29,BL-260129-3218,Zomato,Club Sandwich,333.18
2026-01-29,BL-260129-3218,Zomato,Chocolate Brownie,167.86
2026-01-29,BL-260129-3224,Zomato,Club Sandwich,331.65
2026-01-29,BL-260129-3227,Zomato,Veg Wrap,545.66
2026-01-29,BL-260129-3227,Zomato,Seasonal Special,401.33
2026-01-29,BL-260129-3228,Swiggy,Veg Wrap,266.0
2026-01-29,BL-260129-3228,Swiggy,Cold Brew,229.01
2026-01-29,BL-260129-3229,Zomato,Masala Chai,81.94
2026-01-29,BL-260129-3232,Zomato,Espresso,151.15
2026-01-29,BL-260129-3238,Zomato,Iced Latte,248.15
2026-01-29,BL-260129-3239,Swiggy,Avocado Toast,288.21
2026-01-29,BL-260129-3239,Swiggy,Masala Chai,160.57
2026-01-29,BL-260129-3239,Swiggy,Cappuccino,179.73
2026-01-29,BL-260129-3243,Zomato,Blueberry Muffin,139.97
2026-01-29,BL-260129-3245,Swiggy,Cappuccino,185.72
2026-01-29,BL-260129-3245,Swiggy,Avocado Toast,292.53
2026-01-29,BL-260129-3247,Swiggy,Club Sandwich,332.38
2026-01-29,BL-260129-3247,Swiggy,Espresso,155.96
2026-01-29,BL-260129-3248,Swiggy,Latte,207.67
2026-01-29,BL-260129-3248,Swiggy,Veg Wrap,264.02
2026-01-29,BL-260129-3248,Swiggy,Seasonal Special,796.14
2026-01-29,BL-260129-3253,Zomato,Masala Chai,80.36
2026-01-29,BL-260129-3253,Zomato,Cappuccino,375.97
2026-01-29,BL-260129-3254,Zomato,Latte,203.74
2026-01-29,BL-260129-3255,Swiggy,Cappuccino,184.71
2026-01-29,BL-260129-3255,Swiggy,Avocado Toast,291.44
2026-01-29,BL-260129-3261,Zomato,Avocado Toast,282.17
2026-01-29,BL-260129-3261,Zomato,Masala Chai,80.86
2026-01-29,BL-260129-3261,Zomato,Avocado Toast,280.04
2026-01-29,BL-260129-3263,Swiggy,Croissant,122.31
2026-01-29,BL-260129-3263,Swiggy,Veg Wrap,272.16
2026-01-29,BL-260129-3264,Zomato,Masala Chai,80.81
2026-01-29,BL-260129-3264,Zomato,Masala Chai,81.72
2026-01-29,BL-260129-3264,Zomato,Blueberry Muffin,141.28
2026-01-29,BL-260129-3265,Zomato,Latte,203.25
2026-01-29,BL-260129-3265,Zomato,Blueberry Muffin,145.41
2026-01-29,BL-260129-3266,Zomato,Croissant,125.54
2026-01-29,BL-260129-3276,Zomato,Avocado Toast,283.78
2026-01-29,BL-260129-3277,Zomato,Croissant,119.92
2026-01-29,BL-260129-3277,Zomato,Cold Brew,225.65
2026-01-29,BL-260129-3278,Zomato,Espresso,156.79
2026-01-29,BL-260129-3278,Zomato,Club Sandwich,333.81
2026-01-29,BL-260129-3278,Zomato,Latte,205.64
2026-01-29,BL-260129-3282,Zomato,Veg Wrap,268.3
2026-01-29,BL-260129-3284,Zomato,Iced Latte,249.62
2026-01-29,BL-260129-3285,Zomato,Club Sandwich,320.89
2026-01-29,BL-260129-3285,Zomato,Avocado Toast,582.94
2026-01-29,BL-260129-3286,Swiggy,Avocado Toast,279.51
2026-01-29,BL-260129-3288,Swiggy,Masala Chai,81.98
2026-01-29,BL-260129-3291,Zomato,Cappuccino,184.66
2026-01-29,BL-260129-3291,Zomato,Espresso,152.17
2026-01-29,BL-260129-3292,Swiggy,Veg Wrap,267.78
2026-01-29,BL-260129-3295,Swiggy,Iced Latte,248.73
2026-01-29,BL-260129-3295,Swiggy,Blueberry Muffin,292.04
2026-01-29,BL-260129-3297,Swiggy,Veg Wrap,267.55
2026-01-29,BL-260129-3297,Swiggy,Seasonal Special,394.68
2026-01-29,BL-260129-3298,Swiggy,Blueberry Muffin,142.98
2026-01-29,BL-260129-3298,Swiggy,Espresso,308.21
2026-01-29,BL-260129-3304,Zomato,Cappuccino,183.18
2026-01-29,BL-260129-3306,Zomato,Club Sandwich,324.51
2026-01-29,BL-260129-3306,Zomato,Chocolate Brownie,159.89
2026-01-30,BL-260130-3309,Swiggy,Blueberry Muffin,141.25
2026-01-30,BL-260130-3309,Swiggy,Chocolate Brownie,160.27
2026-01-30,BL-260130-3310,Zomato,Latte,208.98
2026-01-30,BL-260130-3310,Zomato,Cold Brew,220.77
2026-01-30,BL-260130-3311,Swiggy,Avocado Toast,288.06
2026-01-30,BL-260130-3311,Swiggy,Blueberry Muffin,291.25
2026-01-30,BL-260130-3314,Zomato,Croissant,125.97
2026-01-30,BL-260130-3315,Zomato,Latte,202.54
2026-01-30,BL-260130-3315,Zomato,Blueberry Muffin,146.3
2026-01-30,BL-260130-3319,Zomato,Croissant,125.61
2026-01-30,BL-260130-3320,Swiggy,Club Sandwich,333.15
2026-01-30,BL-260130-3323,Swiggy,Avocado Toast,559.82
2026-01-30,BL-260130-3326,Zomato,Club Sandwich,657.83
2026-01-30,BL-260130-3326,Zomato,Masala Chai,83.34
2026-01-30,BL-260130-3332,Zomato,Latte,208.23
2026-01-30,BL-260130-3333,Zomato,Masala Chai,83.78
2026-01-30,BL-260130-3333,Zomato,Chocolate Brownie,167.75
2026-01-30,BL-260130-3338,Zomato,Seasonal Special,386.42
2026-01-30,BL-260130-3339,Swiggy,Iced Latte,250.32
2026-01-30,BL-260130-3341,Swiggy,Latte,204.92
2026-01-30,BL-260130-3343,Zomato,Croissant,122.99
2026-01-30,BL-260130-3343,Zomato,Veg Wrap,271.27
2026-01-30,BL-260130-3344,Swiggy,Avocado Toast,579.47
2026-01-30,BL-260130-3344,Swiggy,Cappuccino,188.9
2026-01-30,BL-260130-3345,Zomato,Iced Latte,250.9
2026-01-30,BL-260130-3345,Zomato,Avocado Toast,281.89
2026-01-30,BL-260130-3345,Zomato,Club Sandwich,327.83
2026-01-30,BL-260130-3347,Swiggy,Chocolate Brownie,321.1
2026-01-30,BL-260130-3347,Swiggy,Cappuccino,186.54
2026-01-30,BL-260130-3356,Swiggy,Latte,209.29
2026-01-30,BL-260130-3356,Swiggy,Masala Chai,82.16
2026-01-30,BL-260130-3356,Swiggy,Avocado Toast,571.12
2026-01-30,BL-260130-3360,Swiggy,Club Sandwich,320.66
2026-01-30,BL-260130-3362,Swiggy,Masala Chai,80.49
2026-01-30,BL-260130-3363,Swiggy,Club Sandwich,328.53
2026-01-30,BL-260130-3365,Zomato,Chocolate Brownie,163.27
2026-01-30,BL-260130-3376,Zomato,Chocolate Brownie,165.23
2026-01-30,BL-260130-3376,Zomato,Seasonal Special,390.11
2026-01-30,BL-260130-3378,Zomato,Espresso,150.36
2026-01-30,BL-260130-3379,Zomato,Latte,203.9
2026-01-30,BL-260130-3379,Zomato,Croissant,121.2
2026-01-30,BL-260130-3380,Zomato,Seasonal Special,391.88
2026-01-30,BL-260130-3380,Zomato,Latte,412.23
2026-01-30,BL-260130-3381,Swiggy,Espresso,155.42
2026-01-30,BL-260130-3381,Swiggy,Seasonal Special,397.78
2026-01-30,BL-260130-3382,Swiggy,Cappuccino,185.6
2026-01-30,BL-260130-3384,Zomato,Latte,200.76
2026-01-30,BL-260130-3384,Zomato,Masala Chai,80.46
2026-01-30,BL-260130-3386,Swiggy,Veg Wrap,266.21
2026-01-30,BL-260130-3386,Swiggy,Croissant,122.19
2026-01-30,BL-260130-3386,Swiggy,Club Sandwich,333.17
2026-01-30,BL-260130-3389,Swiggy,Cappuccino,184.21
2026-01-30,BL-260130-3389,Swiggy,Cold Brew,225.73
2026-01-30,BL-260130-3389,Swiggy,Blueberry Muffin,145.71
2026-01-30,BL-260130-3390,Swiggy,Espresso,153.2
2026-01-30,BL-260130-3391,Swiggy,Blueberry Muffin,144.99
2026-01-30,BL-260130-3391,Swiggy,Cold Brew,229.25
2026-01-30,BL-260130-3393,Zomato,Croissant,122.55
2026-01-30,BL-260130-3393,Zomato,Latte,402.26
2026-01-31,BL-260131-3400,Swiggy,Masala Chai,80.51
2026-01-31,BL-260131-3400,Swiggy,Veg Wrap,272.39
2026-01-31,BL-260131-3403,Swiggy,Club Sandwich,334.5
2026-01-31,BL-260131-3406,Zomato,Masala Chai,166.3
2026-01-31,BL-260131-3407,Swiggy,Veg Wrap,269.94
2026-01-31,BL-260131-3407,Swiggy,Masala Chai,81.31
2026-01-31,BL-260131-3409,Swiggy,Cold Brew,446.08
2026-01-31,BL-260131-3409,Swiggy,Espresso,309.46
2026-01-31,BL-260131-3414,Swiggy,Avocado Toast,291.12
2026-01-31,BL-260131-3414,Swiggy,Chocolate Brownie,166.4
2026-01-31,BL-260131-3416,Zomato,Croissant,124.98
2026-01-31,BL-260131-3423,Zomato,Masala Chai,165.49
2026-01-31,BL-260131-3429,Zomato,Seasonal Special,384.13
2026-01-31,BL-260131-3429,Zomato,Cappuccino,183.82
2026-01-31,BL-260131-3431,Swiggy,Cold Brew,220.45
2026-01-31,BL-260131-3431,Swiggy,Club Sandwich,328.12
2026-01-31,BL-260131-3431,Swiggy,Cold Brew,230.37
2026-01-31,BL-260131-3435,Zomato,Blueberry Muffin,144.05
2026-01-31,BL-260131-3435,Zomato,Chocolate Brownie,167.3
2026-01-31,BL-260131-3436,Swiggy,Veg Wrap,268.78
2026-01-31,BL-260131-3440,Swiggy,Iced Latte,240.25
2026-01-31,BL-260131-3441,Swiggy,Seasonal Special,384.92
2026-01-31,BL-260131-3442,Zomato,Croissant,125.97
2026-01-31,BL-260131-3442,Zomato,Chocolate Brownie,166.15
2026-01-31,BL-260131-3444,Zomato,Blueberry Muffin,140.01
2026-01-31,BL-260131-3444,Zomato,Chocolate Brownie,166.25
2026-01-31,BL-260131-3446,Zomato,Avocado Toast,282.29
2026-01-31,BL-260131-3447,Zomato,Chocolate Brownie,323.66
2026-01-31,BL-260131-3447,Zomato,Espresso,153.81
2026-01-31,BL-260131-3447,Zomato,Veg Wrap,269.8
2026-01-31,BL-260131-3448,Zomato,Club Sandwich,319.51
2026-01-31,BL-260131-3449,Swiggy,Avocado Toast,288.72
2026-01-31,BL-260131-3449,Swiggy,Chocolate Brownie,165.97
2026-01-31,BL-260131-3454,Swiggy,Cold Brew,461.51
2026-01-31,BL-260131-3454,Swiggy,Cappuccino,363.77
2026-01-31,BL-260131-3463,Zomato,Iced Latte,249.82
2026-01-31,BL-260131-3463,Zomato,Chocolate Brownie,166.03
2026-01-31,BL-260131-3465,Swiggy,Latte,209.06
2026-01-31,BL-260131-3465,Swiggy,Cold Brew,228.52
2026-01-31,BL-260131-3470,Zomato,Blueberry Muffin,141.87
2026-01-31,BL-260131-3470,Zomato,Seasonal Special,399.89
2026-01-31,BL-260131-3471,Zomato,Masala Chai,83.63
2026-01-31,BL-260131-3471,Zomato,Croissant,119.94
2026-01-31,BL-260131-3472,Swiggy,Blueberry Muffin,143.63
2026-01-31,BL-260131-3472,Swiggy,Latte,208.53
2026-01-31,BL-260131-3479,Swiggy,Seasonal Special,393.71
2026-01-31,BL-260131-3481,Zomato,Croissant,123.75
2026-01-31,BL-260131-3481,Zomato,Chocolate Brownie,162.84
2026-01-31,BL-260131-3485,Zomato,Croissant,124.77
2026-01-31,BL-260131-3485,Zomato,Blueberry Muffin,291.28
2026-01-31,BL-260131-3493,Zomato,Iced Latte,250.03
2026-01-31,BL-260131-3494,Zomato,Masala Chai,81.16
2026-01-31,BL-260131-3494,Zomato,Avocado Toast,281.92
2026-01-31,BL-260131-3494,Zomato,Latte,203.89
2026-01-31,BL-260131-3494,Zomato,Espresso,155.59
2026-01-31,BL-260131-3495,Swiggy,Veg Wrap,259.69
2026-01-31,BL-260131-3498,Zomato,Veg Wrap,268.57
2026-01-31,BL-260131-3498,Zomato,Croissant,120.82
2026-01-31,BL-260131-3500,Swiggy,Croissant,125.32
2026-01-31,BL-260131-3501,Swiggy,Cold Brew,225.65
2026-01-31,BL-260131-3501,Swiggy,Chocolate Brownie,162.19
2026-01-31,BL-260131-3507,Zomato,Veg Wrap,272.27
2026-01-31,BL-260131-3512,Swiggy,Cold Brew,230.99
2026-01-31,BL-260131-3512,Swiggy,Blueberry Muffin,146.43
2026-01-31,BL-260131-3513,Zomato,Avocado Toast,290.47
2026-01-31,BL-260131-3516,Zomato,Chocolate Brownie,162.21
2026-01-31,BL-260131-3519,Zomato,Avocado Toast,292.54
2026-01-31,BL-260131-3520,Swiggy,Croissant,124.82
2026-01-31,BL-260131-3520,Swiggy,Masala Chai,83.21
2026-01-31,BL-260131-3525,Swiggy,Seasonal Special,397.7
2026-01-31,BL-260131-3528,Swiggy,Iced Latte,246.76
2026-01-31,BL-260131-3528,Swiggy,Croissant,120.13
2026-01-31,BL-260131-3532,Swiggy,Croissant,243.91
2026-01-31,BL-260131-3532,Swiggy,Cold Brew,227.3
2026-01-31,BL-260131-3533,Swiggy,Latte,415.55
2026-01-31,BL-260131-3533,Swiggy,Chocolate Brownie,166.86
2026-01-31,BL-260131-3538,Swiggy,Latte,202.26
2026-01-31,BL-260131-3539,Swiggy,Avocado Toast,293.67
2026-02-01,BL-260201-3542,Zomato,Club Sandwich,321.61
2026-02-01,BL-260201-3547,Zomato,Seasonal Special,364.53
2026-02-01,BL-260201-3547,Zomato,Veg Wrap,261.2
2026-02-01,BL-260201-3547,Zomato,Club Sandwich,323.1
2026-02-01,BL-260201-3548,Swiggy,Latte,200.34
2026-02-01,BL-260201-3552,Zomato,Seasonal Special,359.12
2026-02-01,BL-260201-3553,Zomato,Blueberry Muffin,143.45
2026-02-01,BL-260201-3554,Swiggy,Veg Wrap,262.35
2026-02-01,BL-260201-3554,Swiggy,Cold Brew,227.78
2026-02-01,BL-260201-3554,Swiggy,Chocolate Brownie,162.42
2026-02-01,BL-260201-3555,Zomato,Masala Chai,82.31
2026-02-01,BL-260201-3557,Zomato,Masala Chai,80.84
2026-02-01,BL-260201-3557,Zomato,Croissant,124.63
2026-02-01,BL-260201-3557,Zomato,Blueberry Muffin,146.77
2026-02-01,BL-260201-3566,Zomato,Croissant,121.24
2026-02-01,BL-260201-3568,Zomato,Club Sandwich,329.85
2026-02-01,BL-260201-3568,Zomato,Iced Latte,241.83
2026-02-01,BL-260201-3574,Zomato,Chocolate Brownie,163.18
2026-02-01,BL-260201-3581,Swiggy,Masala Chai,82.74
2026-02-01,BL-260201-3581,Swiggy,Croissant,124.85
2026-02-01,BL-260201-3585,Swiggy,Cappuccino,188.8
2026-02-01,BL-260201-3585,Swiggy,Veg Wrap,272.94
2026-02-01,BL-260201-3588,Zomato,Seasonal Special,358.08
2026-02-01,BL-260201-3589,Swiggy,Espresso,153.16
2026-02-01,BL-260201-3589,Swiggy,Blueberry Muffin,146.91
2026-02-01,BL-260201-3590,Swiggy,Masala Chai,82.4
2026-02-01,BL-260201-3592,Swiggy,Cappuccino,186.21
2026-02-01,BL-260201-3592,Swiggy,Cold Brew,222.95
2026-02-01,BL-260201-3594,Zomato,Club Sandwich,320.92
2026-02-01,BL-260201-3594,Zomato,Seasonal Special,353.03
2026-02-01,BL-260201-3594,Zomato,Blueberry Muffin,142.19
2026-02-01,BL-260201-3595,Zomato,Cold Brew,221.59
2026-02-01,BL-260201-3595,Zomato,Club Sandwich,325.49
2026-02-01,BL-260201-3596,Swiggy,Chocolate Brownie,325.15
2026-02-01,BL-260201-3596,Swiggy,Croissant,120.15
2026-02-01,BL-260201-3599,Zomato,Espresso,155.36
2026-02-01,BL-260201-3606,Zomato,Avocado Toast,291.83
2026-02-01,BL-260201-3606,Zomato,Avocado Toast,283.24
2026-02-01,BL-260201-3607,Swiggy,Espresso,152.79
2026-02-01,BL-260201-3608,Swiggy,Croissant,119.92
2026-02-01,BL-260201-3610,Swiggy,Veg Wrap,524.04
2026-02-01,BL-260201-3610,Swiggy,Club Sandwich,329.09
2026-02-01,BL-260201-3611,Zomato,Seasonal Special,356.57
2026-02-01,BL-260201-3614,Swiggy,Iced Latte,249.71
2026-02-01,BL-260201-3621,Zomato,Masala Chai,83.55
2026-02-01,BL-260201-3621,Zomato,Avocado Toast,563.05
2026-02-01,BL-260201-3623,Swiggy,Avocado Toast,286.45
2026-02-01,BL-260201-3623,Swiggy,Cappuccino,187.53
2026-02-01,BL-260201-3623,Swiggy,Chocolate Brownie,160.62
2026-02-01,BL-260201-3625,Swiggy,Croissant,125.35
2026-02-01,BL-260201-3628,Zomato,Chocolate Brownie,167.45
2026-02-01,BL-260201-3628,Zomato,Masala Chai,79.85
2026-02-01,BL-260201-3629,Zomato,Veg Wrap,272.35
2026-02-01,BL-260201-3630,Zomato,Cappuccino,183.21
2026-02-01,BL-260201-3630,Zomato,Cappuccino,363.52
2026-02-01,BL-260201-3631,Swiggy,Avocado Toast,283.56
2026-02-01,BL-260201-3631,Swiggy,Cappuccino,181.04
2026-02-01,BL-260201-3631,Swiggy,Cold Brew,223.69
2026-02-01,BL-260201-3634,Swiggy,Iced Latte,249.02
2026-02-01,BL-260201-3634,Swiggy,Iced Latte,243.43
2026-02-01,BL-260201-3637,Swiggy,Croissant,122.98
2026-02-01,BL-260201-3639,Zomato,Blueberry Muffin,139.92
2026-02-01,BL-260201-3639,Zomato,Seasonal Special,355.77
2026-02-01,BL-260201-3644,Zomato,Iced Latte,247.43
2026-02-01,BL-260201-3644,Zomato,Latte,200.98
2026-02-01,BL-260201-3644,Zomato,Masala Chai,83.85
2026-02-01,BL-260201-3647,Zomato,Cappuccino,180.34
2026-02-01,BL-260201-3647,Zomato,Avocado Toast,285.95
2026-02-01,BL-260201-3647,Zomato,Croissant,123.18
2026-02-01,BL-260201-3649,Swiggy,Latte,207.67
2026-02-01,BL-260201-3649,Swiggy,Croissant,123.55
2026-02-01,BL-260201-3651,Zomato,Seasonal Special,707.95
2026-02-01,BL-260201-3651,Zomato,Masala Chai,83.35
2026-02-01,BL-260201-3652,Swiggy,Avocado Toast,282.51
2026-02-01,BL-260201-3652,Swiggy,Club Sandwich,323.76
2026-02-01,BL-260201-3654,Zomato,Seasonal Special,352.27
2026-02-01,BL-260201-3654,Zomato,Veg Wrap,266.71
2026-02-01,BL-260201-3654,Zomato,Blueberry Muffin,283.63
2026-02-01,BL-260201-3655,Zomato,Blueberry Muffin,139.68
2026-02-01,BL-260201-3661,Zomato,Latte,417.53
2026-02-01,BL-260201-3661,Zomato,Iced Latte,249.93
2026-02-01,BL-260201-3666-R,Swiggy,Seasonal Special,356.99
2026-02-01,BL-260201-3666-R,Swiggy,Espresso,151.41
2026-02-01,BL-260201-3667,Swiggy,Cold Brew,227.51
2026-02-01,BL-260201-3668,Zomato,Veg Wrap,270.25
2026-02-01,BL-260201-3668,Zomato,Croissant,122.25
2026-02-01,BL-260201-3671,Swiggy,Cappuccino,187.59
2026-02-01,BL-260201-3671,Swiggy,Latte,204.25
2026-02-01,BL-260201-3672,Zomato,Espresso,156.32
2026-02-01,BL-260201-3672,Zomato,Blueberry Muffin,144.76
2026-02-01,BL-260201-3673,Zomato,Iced Latte,244.64
2026-02-01,BL-260201-3673,Zomato,Avocado Toast,583.1
2026-02-01,BL-260201-3673,Zomato,Cold Brew,228.79
2026-02-01,BL-260201-3674,Swiggy,Club Sandwich,334.64
2026-02-01,BL-260201-3675,Zomato,Chocolate Brownie,160.06
2026-02-01,BL-260201-3675,Zomato,Latte,206.38
2026-02-01,BL-260201-3678,Zomato,Blueberry Muffin,283.31
2026-02-01,BL-260201-3678,Zomato,Blueberry Muffin,145.34
2026-02-01,BL-260201-3679,Swiggy,Chocolate Brownie,159.93
2026-02-01,BL-260201-3679,Swiggy,Masala Chai,80.93
2026-02-01,BL-260201-3681,Zomato,Blueberry Muffin,283.81
2026-02-01,BL-260201-3681,Zomato,Latte,206.63
2026-02-02,BL-260202-3686,Swiggy,Blueberry Muffin,142.43
2026-02-02,BL-260202-3687,Swiggy,Cappuccino,188.7
2026-02-02,BL-260202-3687,Swiggy,Blueberry Muffin,140.31
2026-02-02,BL-260202-3691,Zomato,Iced Latte,251.15
2026-02-02,BL-260202-3691,Zomato,Croissant,249.05
2026-02-02,BL-260202-3692,Swiggy,Blueberry Muffin,142.8
2026-02-02,BL-260202-3692,Swiggy,Croissant,124.81
2026-02-02,BL-260202-3693,Swiggy,Seasonal Special,362.73
2026-02-02,BL-260202-3693,Swiggy,Seasonal Special,358.24
2026-02-02,BL-260202-3694,Swiggy,Seasonal Special,353.68
2026-02-02,BL-260202-3695,Zomato,Latte,209.87
2026-02-02,BL-260202-3695,Zomato,Blueberry Muffin,143.54
2026-02-02,BL-260202-3695,Zomato,Latte,409.11
2026-02-02,BL-260202-3697,Swiggy,Blueberry Muffin,290.2
2026-02-02,BL-260202-3699,Zomato,Cappuccino,185.3
2026-02-02,BL-260202-3699,Zomato,Blueberry Muffin,142.75
2026-02-02,BL-260202-3705,Swiggy,Latte,201.46
2026-02-02,BL-260202-3706,Zomato,Seasonal Special,365.82
2026-02-02,BL-260202-3708,Swiggy,Masala Chai,80.24
2026-02-02,BL-260202-3709,Zomato,Seasonal Special,361.71
2026-02-02,BL-260202-3711,Swiggy,Cappuccino,184.59
2026-02-02,BL-260202-3714,Swiggy,Club Sandwich,330.01
2026-02-02,BL-260202-3714,Swiggy,Latte,201.88
2026-02-02,BL-260202-3715,Swiggy,Veg Wrap,522.89
2026-02-02,BL-260202-3715,Swiggy,Masala Chai,83.56
2026-02-02,BL-260202-3715,Swiggy,Club Sandwich,328.65
2026-02-02,BL-260202-3716,Swiggy,Veg Wrap,260.93
2026-02-02,BL-260202-3716,Swiggy,Veg Wrap,267.58
2026-02-02,BL-260202-3717,Swiggy,Blueberry Muffin,142.1
2026-02-02,BL-260202-3717,Swiggy,Croissant,122.76
2026-02-02,BL-260202-3724,Swiggy,Masala Chai,162.24
2026-02-02,BL-260202-3729,Swiggy,Seasonal Special,357.75
2026-02-02,BL-260202-3729,Swiggy,Veg Wrap,262.75
2026-02-02,BL-260202-3732,Swiggy,Cold Brew,225.76
2026-02-02,BL-260202-3738,Swiggy,Chocolate Brownie,161.17
2026-02-02,BL-260202-3739,Zomato,Croissant,122.22
2026-02-02,BL-260202-3739,Zomato,Club Sandwich,321.43
2026-02-02,BL-260202-3740,Zomato,Avocado Toast,291.92
2026-02-02,BL-260202-3740,Zomato,Masala Chai,79.95
2026-02-02,BL-260202-3741,Swiggy,Espresso,153.84
2026-02-02,BL-260202-3743,Zomato,Cold Brew,220.59
2026-02-02,BL-260202-3743,Zomato,Cold Brew,460.35
2026-02-02,BL-260202-3744,Zomato,Club Sandwich,647.15
2026-02-02,BL-260202-3746,Swiggy,Cappuccino,180.28
2026-02-02,BL-260202-3751,Swiggy,Avocado Toast,291.9
2026-02-02,BL-260202-3751,Swiggy,Masala Chai,80.6
2026-02-02,BL-260202-3752,Zomato,Avocado Toast,290.78
2026-02-02,BL-260202-3755,Swiggy,Avocado Toast,293.06
2026-02-02,BL-260202-3755,Swiggy,Chocolate Brownie,161.0
2026-02-02,BL-260202-3759,Zomato,Croissant,119.98
2026-02-02,BL-260202-3759,Zomato,Latte,201.86
2026-02-02,BL-260202-3760,Zomato,Latte,204.49
2026-02-02,BL-260202-3760,Zomato,Seasonal Special,718.28
2026-02-02,BL-260202-3763,Zomato,Veg Wrap,271.23
2026-02-02,BL-260202-3765,Zomato,Espresso,154.01
2026-02-02,BL-260202-3768,Zomato,Cold Brew,228.25
2026-02-02,BL-260202-3768,Zomato,Chocolate Brownie,160.83
2026-02-02,BL-260202-3768,Zomato,Iced Latte,493.43
2026-02-03,BL-260203-3770,Zomato,Veg Wrap,263.97
2026-02-03,BL-260203-3770,Zomato,Espresso,299.25
2026-02-03,BL-260203-3771,Swiggy,Cappuccino,187.82
2026-02-03,BL-260203-3771,Swiggy,Veg Wrap,269.73
2026-02-03,BL-260203-3772,Swiggy,Avocado Toast,284.84
2026-02-03,BL-260203-3775,Zomato,Avocado Toast,285.1
2026-02-03,BL-260203-3775,Zomato,Blueberry Muffin,144.38
2026-02-03,BL-260203-3776,Zomato,Croissant,124.3
2026-02-03,BL-260203-3776,Zomato,Croissant,119.84
2026-02-03,BL-260203-3777,Swiggy,Masala Chai,81.84
2026-02-03,BL-260203-3781,Zomato,Avocado Toast,585.53
2026-02-03,BL-260203-3785,Zomato,Latte,413.94
2026-02-03,BL-260203-3785,Zomato,Latte,208.51
2026-02-03,BL-260203-3786,Zomato,Masala Chai,160.89
2026-02-03,BL-260203-3789,Zomato,Espresso,153.34
2026-02-03,BL-260203-3789,Zomato,Masala Chai,81.9
2026-02-03,BL-260203-3792,Zomato,Avocado Toast,283.6
2026-02-03,BL-260203-3793,Zomato,Blueberry Muffin,283.14
2026-02-03,BL-260203-3800,Swiggy,Seasonal Special,363.24
2026-02-03,BL-260203-3801,Zomato,Masala Chai,83.66
2026-02-03,BL-260203-3802,Swiggy,Cold Brew,222.4
2026-02-03,BL-260203-3805,Zomato,Cappuccino,182.64
2026-02-03,BL-260203-3805,Zomato,Club Sandwich,329.87
2026-02-03,BL-260203-3805,Zomato,Latte,404.88
2026-02-03,BL-260203-3807,Swiggy,Latte,419.19
2026-02-03,BL-260203-3807,Swiggy,Cappuccino,186.83
2026-02-03,BL-260203-3808,Zomato,Blueberry Muffin,141.11
2026-02-03,BL-260203-3811,Swiggy,Masala Chai,82.36
2026-02-03,BL-260203-3811,Swiggy,Cappuccino,363.59
2026-02-03,BL-260203-3812,Zomato,Seasonal Special,355.13
2026-02-03,BL-260203-3812,Zomato,Latte,200.27
2026-02-03,BL-260203-3812,Zomato,Chocolate Brownie,159.96
2026-02-03,BL-260203-3821-R,Zomato,Espresso,150.9
2026-02-03,BL-260203-3821-R,Zomato,Chocolate Brownie,161.25
2026-02-03,BL-260203-3822,Swiggy,Blueberry Muffin,290.5
2026-02-03,BL-260203-3822,Swiggy,Espresso,150.93
2026-02-03,BL-260203-3831,Zomato,Latte,201.59
2026-02-03,BL-260203-3831,Zomato,Cappuccino,181.32
2026-02-03,BL-260203-3833,Swiggy,Avocado Toast,283.9
2026-02-03,BL-260203-3833,Swiggy,Cold Brew,230.19
2026-02-03,BL-260203-3835,Swiggy,Espresso,306.26
2026-02-03,BL-260203-3836,Swiggy,Avocado Toast,282.64
2026-02-03,BL-260203-3836,Swiggy,Cold Brew,221.55
2026-02-03,BL-260203-3836,Swiggy,Latte,207.66
2026-02-03,BL-260203-3837,Zomato,Seasonal Special,359.34
2026-02-03,BL-260203-3837,Zomato,Cold Brew,458.15
2026-02-03,BL-260203-3837,Zomato,Seasonal Special,365.17
2026-02-03,BL-260203-3841,Swiggy,Iced Latte,246.88
2026-02-03,BL-260203-3841,Swiggy,Chocolate Brownie,164.56
2026-02-03,BL-260203-3842,Swiggy,Seasonal Special,361.12
2026-02-03,BL-260203-3842,Swiggy,Cold Brew,224.65
2026-02-03,BL-260203-3842,Swiggy,Latte,406.42
2026-02-03,BL-260203-3849,Zomato,Chocolate Brownie,167.25
2026-02-03,BL-260203-3849,Zomato,Latte,205.67
2026-02-03,BL-260203-3849,Zomato,Cold Brew,229.36
2026-02-03,BL-260203-3851,Swiggy,Croissant,123.49
2026-02-03,BL-260203-3852,Swiggy,Blueberry Muffin,140.03
2026-02-03,BL-260203-3852,Swiggy,Cold Brew,223.61
2026-02-03,BL-260203-3853,Swiggy,Avocado Toast,571.71
2026-02-03,BL-260203-3853,Swiggy,Chocolate Brownie,164.78
2026-02-03,BL-260203-3856,Zomato,Club Sandwich,667.54
2026-02-03,BL-260203-3857,Swiggy,Cold Brew,226.55
2026-02-03,BL-260203-3859-R,Swiggy,Club Sandwich,327.65
2026-02-03,BL-260203-3859-R,Swiggy,Latte,416.34
2026-02-03,BL-260203-3859-R,Swiggy,Chocolate Brownie,164.42
2026-02-03,BL-260203-3860,Swiggy,Cappuccino,180.44
2026-02-03,BL-260203-3860,Swiggy,Veg Wrap,261.52
2026-02-04,BL-260204-3863,Swiggy,Iced Latte,251.39
2026-02-04,BL-260204-3864,Swiggy,Croissant,122.26
2026-02-04,BL-260204-3865,Zomato,Chocolate Brownie,160.07
2026-02-04,BL-260204-3869,Zomato,Avocado Toast,564.22
2026-02-04,BL-260204-3869,Zomato,Veg Wrap,541.83
2026-02-04,BL-260204-3871,Swiggy,Avocado Toast,285.68
2026-02-04,BL-260204-3873,Swiggy,Cold Brew,229.36
2026-02-04,BL-260204-3876,Zomato,Veg Wrap,267.72
2026-02-04,BL-260204-3876,Zomato,Espresso,152.03
2026-02-04,BL-260204-3877,Swiggy,Blueberry Muffin,144.08
2026-02-04,BL-260204-3877,Swiggy,Blueberry Muffin,141.84
2026-02-04,BL-260204-3877,Swiggy,Chocolate Brownie,167.08
2026-02-04,BL-260204-3879,Zomato,Croissant,120.3
2026-02-04,BL-260204-3883,Zomato,Chocolate Brownie,164.81
2026-02-04,BL-260204-3885,Swiggy,Latte,202.69
2026-02-04,BL-260204-3885,Swiggy,Cold Brew,221.11
2026-02-04,BL-260204-3888,Zomato,Avocado Toast,570.34
2026-02-04,BL-260204-3890,Swiggy,Club Sandwich,325.99
2026-02-04,BL-260204-3891,Zomato,Seasonal Special,358.34
2026-02-04,BL-260204-3891,Zomato,Avocado Toast,573.21
2026-02-04,BL-260204-3896,Zomato,Seasonal Special,359.29
2026-02-04,BL-260204-3896,Zomato,Espresso,157.19
2026-02-04,BL-260204-3906,Zomato,Cold Brew,222.69
2026-02-04,BL-260204-3906,Zomato,Espresso,150.41
2026-02-04,BL-260204-3907,Swiggy,Cold Brew,225.48
2026-02-04,BL-260204-3910,Swiggy,Club Sandwich,321.82
2026-02-04,BL-260204-3913,Zomato,Latte,419.46
2026-02-04,BL-260204-3913,Zomato,Latte,208.65
2026-02-04,BL-260204-3915,Swiggy,Seasonal Special,357.21
2026-02-04,BL-260204-3915,Swiggy,Seasonal Special,356.61
2026-02-04,BL-260204-3915,Swiggy,Chocolate Brownie,166.31
2026-02-04,BL-260204-3917,Swiggy,Cappuccino,184.15
2026-02-04,BL-260204-3923,Swiggy,Seasonal Special,349.64
2026-02-04,BL-260204-3923,Swiggy,Avocado Toast,280.03
2026-02-04,BL-260204-3924,Swiggy,Iced Latte,485.87
2026-02-04,BL-260204-3925,Swiggy,Club Sandwich,657.64
2026-02-04,BL-260204-3925,Swiggy,Croissant,120.99
2026-02-04,BL-260204-3926,Swiggy,Chocolate Brownie,165.76
2026-02-04,BL-260204-3926,Swiggy,Avocado Toast,289.54
2026-02-04,BL-260204-3930,Swiggy,Iced Latte,246.55
2026-02-04,BL-260204-3932,Swiggy,Chocolate Brownie,159.77
2026-02-04,BL-260204-3932,Swiggy,Espresso,156.1
2026-02-04,BL-260204-3932,Swiggy,Blueberry Muffin,142.85
2026-02-04,BL-260204-3933,Zomato,Chocolate Brownie,166.67
2026-02-04,BL-260204-3933,Zomato,Latte,399.73
2026-02-04,BL-260204-3933,Zomato,Veg Wrap,263.26
2026-02-04,BL-260204-3935,Swiggy,Cappuccino,185.46
2026-02-04,BL-260204-3935,Swiggy,Avocado Toast,578.13
2026-02-04,BL-260204-3936,Zomato,Seasonal Special,355.02
2026-02-04,BL-260204-3936,Zomato,Veg Wrap,264.24
2026-02-04,BL-260204-3938,Swiggy,Chocolate Brownie,326.63
2026-02-04,BL-260204-3938,Swiggy,Club Sandwich,333.91
2026-02-04,BL-260204-3940,Swiggy,Cappuccino,185.56
2026-02-04,BL-260204-3940,Swiggy,Cold Brew,227.99
2026-02-04,BL-260204-3941,Swiggy,Iced Latte,248.19
2026-02-04,BL-260204-3941,Swiggy,Club Sandwich,330.92
2026-02-04,BL-260204-3941,Swiggy,Iced Latte,241.94
2026-02-04,BL-260204-3944,Swiggy,Avocado Toast,284.01
2026-02-04,BL-260204-3944,Swiggy,Iced Latte,245.57
2026-02-04,BL-260204-3944,Swiggy,Veg Wrap,523.13
2026-02-05,BL-260205-3946,Zomato,Club Sandwich,650.89
2026-02-05,BL-260205-3947,Swiggy,Croissant,120.3
2026-02-05,BL-260205-3947,Swiggy,Masala Chai,83.26
2026-02-05,BL-260205-3948,Zomato,Avocado Toast,285.89
2026-02-05,BL-260205-3948,Zomato,Masala Chai,82.58
2026-02-05,BL-260205-3948,Zomato,Iced Latte,241.86
2026-02-05,BL-260205-3952,Swiggy,Latte,202.75
2026-02-05,BL-260205-3954,Zomato,Latte,204.58
2026-02-05,BL-260205-3954,Zomato,Cold Brew,221.51
2026-02-05,BL-260205-3957,Swiggy,Latte,204.5
2026-02-05,BL-260205-3957,Swiggy,Latte,200.95
2026-02-05,BL-260205-3957,Swiggy,Veg Wrap,269.58
2026-02-05,BL-260205-3959,Swiggy,Blueberry Muffin,144.61
2026-02-05,BL-260205-3959,Swiggy,Masala Chai,81.35
2026-02-05,BL-260205-3959,Swiggy,Iced Latte,247.0
2026-02-05,BL-260205-3960,Zomato,Blueberry Muffin,289.14
2026-02-05,BL-260205-3960,Zomato,Chocolate Brownie,164.35
2026-02-05,BL-260205-3963,Swiggy,Espresso,154.28
2026-02-05,BL-260205-3964,Swiggy,Blueberry Muffin,283.89
2026-02-05,BL-260205-3964,Swiggy,Seasonal Special,361.02
2026-02-05,BL-260205-3964,Swiggy,Avocado Toast,285.77
2026-02-05,BL-260205-3964,Swiggy,Chocolate Brownie,166.25
2026-02-05,BL-260205-3966,Swiggy,Blueberry Muffin,286.62
2026-02-05,BL-260205-3971,Swiggy,Cappuccino,183.4
2026-02-05,BL-260205-3971,Swiggy,Seasonal Special,707.62
2026-02-05,BL-260205-3972,Swiggy,Cappuccino,187.86
2026-02-05,BL-260205-3976,Zomato,Cold Brew,223.57
2026-02-05,BL-260205-3984,Zomato,Croissant,242.39
2026-02-05,BL-260205-3985,Swiggy,Latte,204.93
2026-02-05,BL-260205-3985,Swiggy,Club Sandwich,331.46
2026-02-05,BL-260205-3987,Swiggy,Blueberry Muffin,143.38
2026-02-05,BL-260205-3987,Swiggy,Croissant,122.84
2026-02-05,BL-260205-3994,Swiggy,Croissant,240.51
2026-02-05,BL-260205-3994,Swiggy,Iced Latte,246.77
2026-02-05,BL-260205-3995,Zomato,Iced Latte,239.4
2026-02-05,BL-260205-3995,Zomato,Cold Brew,219.59
2026-02-05,BL-260205-3996,Swiggy,Cappuccino,184.38
2026-02-05,BL-260205-3996,Swiggy,Chocolate Brownie,320.62
2026-02-05,BL-260205-3996,Swiggy,Cappuccino,364.0
2026-02-05,BL-260205-3997-R,Swiggy,Croissant,122.81
2026-02-05,BL-260205-3997-R,Swiggy,Cold Brew,451.99
2026-02-05,BL-260205-3997-R,Swiggy,Club Sandwich,332.22
2026-02-05,BL-260205-4000,Zomato,Espresso,314.44
2026-02-05,BL-260205-4000,Zomato,Cold Brew,230.87
2026-02-05,BL-260205-4000,Zomato,Croissant,119.95
2026-02-05,BL-260205-4003,Zomato,Iced Latte,239.43
2026-02-05,BL-260205-4006,Zomato,Veg Wrap,259.67
2026-02-05,BL-260205-4008,Zomato,Veg Wrap,267.1
2026-02-05,BL-260205-4008,Zomato,Croissant,123.37
2026-02-05,BL-260205-4009,Swiggy,Cold Brew,223.06
2026-02-05,BL-260205-4009,Swiggy,Blueberry Muffin,289.46
2026-02-05,BL-260205-4015,Zomato,Blueberry Muffin,143.24
2026-02-05,BL-260205-4015,Zomato,Latte,200.04
2026-02-05,BL-260205-4019,Swiggy,Latte,202.59
2026-02-05,BL-260205-4019,Swiggy,Latte,201.68
2026-02-05,BL-260205-4023,Zomato,Chocolate Brownie,166.51
2026-02-05,BL-260205-4026,Swiggy,Masala Chai,83.58
2026-02-05,BL-260205-4026,Swiggy,Club Sandwich,335.59
2026-02-05,BL-260205-4026,Swiggy,Latte,399.55
2026-02-06,BL-260206-4029,Zomato,Masala Chai,82.21
2026-02-06,BL-260206-4030,Zomato,Espresso,156.43
2026-02-06,BL-260206-4031,Zomato,Cappuccino,185.94
2026-02-06,BL-260206-4032,Zomato,Avocado Toast,283.45
2026-02-06,BL-260206-4032,Zomato,Club Sandwich,333.93
2026-02-06,BL-260206-4036,Zomato,Seasonal Special,367.1
2026-02-06,BL-260206-4036,Zomato,Croissant,120.62
2026-02-06,BL-260206-4041,Swiggy,Latte,208.9
2026-02-06,BL-260206-4043,Swiggy,Seasonal Special,356.63
2026-02-06,BL-260206-4043,Swiggy,Iced Latte,244.63
2026-02-06,BL-260206-4044,Zomato,Club Sandwich,323.48
2026-02-06,BL-260206-4044,Zomato,Espresso,151.27
2026-02-06,BL-260206-4045,Swiggy,Cappuccino,185.32
2026-02-06,BL-260206-4045,Swiggy,Cold Brew,220.25
2026-02-06,BL-260206-4046,Swiggy,Chocolate Brownie,162.73
2026-02-06,BL-260206-4046,Swiggy,Espresso,313.44
2026-02-06,BL-260206-4047,Zomato,Club Sandwich,335.04
2026-02-06,BL-260206-4047,Zomato,Club Sandwich,328.23
2026-02-06,BL-260206-4050,Zomato,Blueberry Muffin,142.75
2026-02-06,BL-260206-4051,Zomato,Croissant,123.22
2026-02-06,BL-260206-4054,Zomato,Seasonal Special,356.82
2026-02-06,BL-260206-4054,Zomato,Club Sandwich,326.98
2026-02-06,BL-260206-4054,Zomato,Blueberry Muffin,145.5
2026-02-06,BL-260206-4056,Swiggy,Masala Chai,83.99
2026-02-06,BL-260206-4056,Swiggy,Seasonal Special,352.95
2026-02-06,BL-260206-4063,Zomato,Chocolate Brownie,331.38
2026-02-06,BL-260206-4063,Zomato,Iced Latte,494.62
2026-02-06,BL-260206-4076,Zomato,Latte,400.55
2026-02-06,BL-260206-4077,Zomato,Blueberry Muffin,279.92
2026-02-06,BL-260206-4079,Swiggy,Cold Brew,439.27
2026-02-06,BL-260206-4079,Swiggy,Seasonal Special,353.34
2026-02-06,BL-260206-4079,Swiggy,Club Sandwich,334.61
2026-02-06,BL-260206-4082,Zomato,Seasonal Special,364.09
2026-02-06,BL-260206-4082,Zomato,Blueberry Muffin,142.21
2026-02-06,BL-260206-4082,Zomato,Blueberry Muffin,142.36
2026-02-06,BL-260206-4088,Swiggy,Veg Wrap,544.63
2026-02-06,BL-260206-4088,Swiggy,Veg Wrap,528.52
2026-02-06,BL-260206-4100,Swiggy,Seasonal Special,357.8
2026-02-06,BL-260206-4103,Zomato,Avocado Toast,572.06
2026-02-06,BL-260206-4103,Zomato,Veg Wrap,262.83
2026-02-06,BL-260206-4105,Zomato,Latte,199.7
2026-02-06,BL-260206-4105,Zomato,Cold Brew,225.55
2026-02-06,BL-260206-4105,Zomato,Latte,201.67
2026-02-06,BL-260206-4106,Zomato,Cold Brew,220.15
2026-02-06,BL-260206-4111,Swiggy,Blueberry Muffin,145.46
2026-02-06,BL-260206-4111,Swiggy,Masala Chai,79.9
2026-02-06,BL-260206-4113,Swiggy,Masala Chai,159.84
2026-02-06,BL-260206-4113,Swiggy,Espresso,156.89
2026-02-06,BL-260206-4113,Swiggy,Cold Brew,220.36
2026-02-06,BL-260206-4114,Zomato,Seasonal Special,362.87
2026-02-06,BL-260206-4114,Zomato,Chocolate Brownie,165.38
2026-02-06,BL-260206-4115,Swiggy,Cold Brew,222.63
2026-02-06,BL-260206-4115,Swiggy,Seasonal Special,352.0
2026-02-07,BL-260207-4118,Swiggy,Seasonal Special,366.36
2026-02-07,BL-260207-4118,Swiggy,Chocolate Brownie,163.55
2026-02-07,BL-260207-4118,Swiggy,Seasonal Special,366.26
2026-02-07,BL-260207-4119,Zomato,Latte,199.97
2026-02-07,BL-260207-4119,Zomato,Espresso,153.7
2026-02-07,BL-260207-4122,Swiggy,Masala Chai,80.86
2026-02-07,BL-260207-4122,Swiggy,Cappuccino,181.55
2026-02-07,BL-260207-4125,Zomato,Croissant,124.89
2026-02-07,BL-260207-4126,Zomato,Avocado Toast,568.11
2026-02-07,BL-260207-4126,Zomato,Iced Latte,241.74
2026-02-07,BL-260207-4126,Zomato,Latte,201.66
2026-02-07,BL-260207-4128,Zomato,Club Sandwich,659.57
2026-02-07,BL-260207-4129-R,Swiggy,Iced Latte,249.56
2026-02-07,BL-260207-4133,Zomato,Chocolate Brownie,334.72
2026-02-07,BL-260207-4134,Zomato,Cappuccino,183.47
2026-02-07,BL-260207-4134,Zomato,Cold Brew,224.06
2026-02-07,BL-260207-4134,Zomato,Cold Brew,223.5
2026-02-07,BL-260207-4135,Zomato,Espresso,154.29
2026-02-07,BL-260207-4135,Zomato,Avocado Toast,290.53
2026-02-07,BL-260207-4138,Swiggy,Veg Wrap,269.29
2026-02-07,BL-260207-4138,Swiggy,Cappuccino,180.06
2026-02-07,BL-260207-4140,Swiggy,Masala Chai,82.42
2026-02-07,BL-260207-4140,Swiggy,Iced Latte,248.89
2026-02-07,BL-260207-4141,Zomato,Cold Brew,229.01
2026-02-07,BL-260207-4146,Swiggy,Avocado Toast,289.82
2026-02-07,BL-260207-4147,Zomato,Cappuccino,180.39
2026-02-07,BL-260207-4148,Swiggy,Club Sandwich,323.18
2026-02-07,BL-260207-4148,Swiggy,Blueberry Muffin,143.78
2026-02-07,BL-260207-4150,Swiggy,Espresso,307.33
2026-02-07,BL-260207-4150,Swiggy,Club Sandwich,648.63
2026-02-07,BL-260207-4150,Swiggy,Avocado Toast,577.53
2026-02-07,BL-260207-4151,Zomato,Espresso,150.39
2026-02-07,BL-260207-4152,Zomato,Blueberry Muffin,142.97
2026-02-07,BL-260207-4152,Zomato,Espresso,309.14
2026-02-07,BL-260207-4154,Zomato,Seasonal Special,365.6
2026-02-07,BL-260207-4154,Zomato,Seasonal Special,362.53
2026-02-07,BL-260207-4159,Zomato,Avocado Toast,281.61
2026-02-07,BL-260207-4162,Swiggy,Veg Wrap,272.78
2026-02-07,BL-260207-4162,Swiggy,Chocolate Brownie,167.41
2026-02-07,BL-260207-4163,Zomato,Seasonal Special,354.35
2026-02-07,BL-260207-4163,Zomato,Iced Latte,245.93
2026-02-07,BL-260207-4164,Swiggy,Veg Wrap,537.02
2026-02-07,BL-260207-4164,Swiggy,Iced Latte,246.13
2026-02-07,BL-260207-4164,Swiggy,Avocado Toast,563.23
2026-02-07,BL-260207-4166,Swiggy,Iced Latte,242.14
2026-02-07,BL-260207-4166,Swiggy,Club Sandwich,330.68
2026-02-07,BL-260207-4167,Swiggy,Blueberry Muffin,140.94
2026-02-07,BL-260207-4167,Swiggy,Seasonal Special,357.51
2026-02-07,BL-260207-4172,Swiggy,Club Sandwich,324.55
2026-02-07,BL-260207-4172,Swiggy,Avocado Toast,579.68
2026-02-07,BL-260207-4174,Swiggy,Veg Wrap,262.1
2026-02-07,BL-260207-4175,Swiggy,Blueberry Muffin,282.41
2026-02-07,BL-260207-4175,Swiggy,Blueberry Muffin,146.84
2026-02-07,BL-260207-4175,Swiggy,Club Sandwich,323.45
2026-02-07,BL-260207-4176,Swiggy,Cappuccino,186.24
2026-02-07,BL-260207-4176,Swiggy,Iced Latte,240.63
2026-02-07,BL-260207-4176,Swiggy,Cappuccino,182.72
2026-02-07,BL-260207-4177,Swiggy,Croissant,125.09
2026-02-07,BL-260207-4177,Swiggy,Club Sandwich,329.73
2026-02-07,BL-260207-4179,Zomato,Espresso,152.54
2026-02-07,BL-260207-4179,Zomato,Seasonal Special,355.23
2026-02-07,BL-260207-4181,Zomato,Latte,205.47
2026-02-07,BL-260207-4181,Zomato,Espresso,153.24
2026-02-07,BL-260207-4182,Zomato,Chocolate Brownie,167.45
2026-02-07,BL-260207-4182,Zomato,Cappuccino,181.98
2026-02-07,BL-260207-4182,Zomato,Club Sandwich,324.62
2026-02-07,BL-260207-4185,Swiggy,Veg Wrap,268.89
2026-02-07,BL-260207-4185,Swiggy,Seasonal Special,356.6
2026-02-07,BL-260207-4185,Swiggy,Masala Chai,80.05
2026-02-07,BL-260207-4186,Zomato,Club Sandwich,640.78
2026-02-07,BL-260207-4187,Zomato,Blueberry Muffin,289.65
2026-02-07,BL-260207-4188,Zomato,Iced Latte,247.96
2026-02-07,BL-260207-4189,Zomato,Croissant,122.52
2026-02-07,BL-260207-4189,Zomato,Avocado Toast,293.07
2026-02-07,BL-260207-4193,Swiggy,Masala Chai,80.35
2026-02-07,BL-260207-4194,Zomato,Masala Chai,82.35
2026-02-07,BL-260207-4196,Zomato,Veg Wrap,270.89
2026-02-07,BL-260207-4196,Zomato,Iced Latte,244.43
2026-02-07,BL-260207-4198,Swiggy,Blueberry Muffin,280.14
2026-02-07,BL-260207-4198,Swiggy,Croissant,125.72
2026-02-07,BL-260207-4205,Swiggy,Croissant,121.48
2026-02-07,BL-260207-4205,Swiggy,Croissant,120.96
2026-02-07,BL-260207-4206,Zomato,Avocado Toast,286.37
2026-02-07,BL-260207-4206,Zomato,Blueberry Muffin,290.75
2026-02-07,BL-260207-4211,Zomato,Chocolate Brownie,164.97
2026-02-07,BL-260207-4211,Zomato,Seasonal Special,366.52
2026-02-07,BL-260207-4211,Zomato,Seasonal Special,358.28
2026-02-07,BL-260207-4212,Swiggy,Masala Chai,80.82
2026-02-07,BL-260207-4213,Zomato,Seasonal Special,366.36
2026-02-07,BL-260207-4215,Swiggy,Seasonal Special,698.48
2026-02-07,BL-260207-4215,Swiggy,Croissant,124.43
2026-02-07,BL-260207-4216,Zomato,Cappuccino,186.71
2026-02-07,BL-260207-4216,Zomato,Latte,411.0
2026-02-07,BL-260207-4221,Swiggy,Blueberry Muffin,143.3
2026-02-07,BL-260207-4221,Swiggy,Cold Brew,461.09
2026-02-07,BL-260207-4221,Swiggy,Croissant,125.73
2026-02-07,BL-260207-4222,Zomato,Chocolate Brownie,161.86
2026-02-07,BL-260207-4222,Zomato,Iced Latte,240.75
2026-02-07,BL-260207-4225,Zomato,Cold Brew,227.05
2026-02-07,BL-260207-4227,Zomato,Cold Brew,229.61
2026-02-07,BL-260207-4227,Zomato,Cappuccino,377.46
2026-02-07,BL-260207-4228,Zomato,Club Sandwich,329.94
2026-02-07,BL-260207-4229,Swiggy,Cappuccino,186.74
2026-02-07,BL-260207-4229,Swiggy,Seasonal Special,724.28
2026-02-07,BL-260207-4230,Swiggy,Chocolate Brownie,160.19
2026-02-07,BL-260207-4232,Swiggy,Espresso,305.86
2026-02-07,BL-260207-4232,Swiggy,Avocado Toast,287.41
2026-02-07,BL-260207-4234,Zomato,Latte,203.05
2026-02-07,BL-260207-4234,Zomato,Seasonal Special,350.22
2026-02-07,BL-260207-4234,Zomato,Cappuccino,185.11
2026-02-07,BL-260207-4240,Zomato,Iced Latte,239.5
2026-02-07,BL-260207-4243,Zomato,Masala Chai,83.74
2026-02-07,BL-260207-4243,Zomato,Seasonal Special,724.34
2026-02-07,BL-260207-4246,Swiggy,Espresso,155.66
2026-02-08,BL-260208-4247,Swiggy,Latte,206.04
2026-02-08,BL-260208-4247,Swiggy,Croissant,247.31
2026-02-08,BL-260208-4249,Zomato,Blueberry Muffin,287.53
2026-02-08,BL-260208-4250,Zomato,Masala Chai,81.87
2026-02-08,BL-260208-4250,Zomato,Masala Chai,82.1
2026-02-08,BL-260208-4255,Zomato,Iced Latte,249.41
2026-02-08,BL-260208-4255,Zomato,Cappuccino,180.87
2026-02-08,BL-260208-4255,Zomato,Espresso,151.23
2026-02-08,BL-260208-4256,Zomato,Iced Latte,239.41
2026-02-08,BL-260208-4256,Zomato,Croissant,121.29
2026-02-08,BL-260208-4257,Zomato,Espresso,156.76
2026-02-08,BL-260208-4257,Zomato,Iced Latte,250.72
2026-02-08,BL-260208-4266,Zomato,Cold Brew,444.8
2026-02-08,BL-260208-4268,Zomato,Croissant,123.92
2026-02-08,BL-260208-4268,Zomato,Latte,209.76
2026-02-08,BL-260208-4273,Swiggy,Cold Brew,225.93
2026-02-08,BL-260208-4273,Swiggy,Blueberry Muffin,144.01
2026-02-08,BL-260208-4275,Swiggy,Chocolate Brownie,160.24
2026-02-08,BL-260208-4275,Swiggy,Cold Brew,225.1
2026-02-08,BL-260208-4275,Swiggy,Espresso,151.53
2026-02-08,BL-260208-4279,Swiggy,Latte,209.67
2026-02-08,BL-260208-4280,Swiggy,Club Sandwich,325.79
2026-02-08,BL-260208-4280,Swiggy,Latte,209.7
2026-02-08,BL-260208-4280,Swiggy,Veg Wrap,259.74
2026-02-08,BL-260208-4283,Swiggy,Chocolate Brownie,161.33
2026-02-08,BL-260208-4283,Swiggy,Seasonal Special,353.68
2026-02-08,BL-260208-4284,Swiggy,Masala Chai,167.45
2026-02-08,BL-260208-4284,Swiggy,Blueberry Muffin,145.33
2026-02-08,BL-260208-4285,Swiggy,Cold Brew,446.74
2026-02-08,BL-260208-4285,Swiggy,Blueberry Muffin,141.08
2026-02-08,BL-260208-4286,Swiggy,Iced Latte,239.58
2026-02-08,BL-260208-4286,Swiggy,Avocado Toast,573.12
2026-02-08,BL-260208-4288,Swiggy,Chocolate Brownie,166.03
2026-02-08,BL-260208-4291,Zomato,Iced Latte,495.97
2026-02-08,BL-260208-4294,Zomato,Cappuccino,180.28
2026-02-08,BL-260208-4299,Zomato,Masala Chai,83.14
2026-02-08,BL-260208-4300,Swiggy,Blueberry Muffin,144.47
2026-02-08,BL-260208-4300,Swiggy,Masala Chai,80.55
2026-02-08,BL-260208-4303,Zomato,Seasonal Special,352.75
2026-02-08,BL-260208-4303,Zomato,Club Sandwich,321.69
2026-02-08,BL-260208-4315,Zomato,Blueberry Muffin,145.69
2026-02-08,BL-260208-4315,Zomato,Blueberry Muffin,146.38
2026-02-08,BL-260208-4316,Swiggy,Seasonal Special,724.44
2026-02-08,BL-260208-4316,Swiggy,Club Sandwich,326.58
2026-02-08,BL-260208-4316,Swiggy,Blueberry Muffin,144.82
2026-02-08,BL-260208-4320,Zomato,Club Sandwich,332.27
2026-02-08,BL-260208-4321,Swiggy,Seasonal Special,354.36
2026-02-08,BL-260208-4321,Swiggy,Iced Latte,248.28
2026-02-08,BL-260208-4322,Zomato,Cappuccino,185.01
2026-02-08,BL-260208-4322,Zomato,Club Sandwich,322.67
2026-02-08,BL-260208-4326,Swiggy,Veg Wrap,272.24
2026-02-08,BL-260208-4326,Swiggy,Iced Latte,250.19
2026-02-08,BL-260208-4328,Zomato,Croissant,122.98
2026-02-08,BL-260208-4328,Zomato,Veg Wrap,268.84
2026-02-08,BL-260208-4328,Zomato,Espresso,157.15
2026-02-08,BL-260208-4331,Swiggy,Espresso,154.29
2026-02-08,BL-260208-4331,Swiggy,Avocado Toast,292.78
2026-02-08,BL-260208-4331,Swiggy,Masala Chai,80.91
2026-02-08,BL-260208-4332,Swiggy,Cold Brew,226.05
2026-02-08,BL-260208-4332,Swiggy,Espresso,155.89
2026-02-08,BL-260208-4335,Zomato,Masala Chai,83.64
2026-02-08,BL-260208-4335,Zomato,Cold Brew,228.38
2026-02-08,BL-260208-4336,Swiggy,Masala Chai,82.72
2026-02-08,BL-260208-4339,Zomato,Chocolate Brownie,160.82
2026-02-08,BL-260208-4339,Zomato,Croissant,125.38
2026-02-08,BL-260208-4340,Swiggy,Espresso,153.36
2026-02-08,BL-260208-4341,Zomato,Chocolate Brownie,165.56
2026-02-08,BL-260208-4341,Zomato,Cold Brew,446.74
2026-02-08,BL-260208-4342,Swiggy,Masala Chai,83.15
2026-02-08,BL-260208-4342,Swiggy,Club Sandwich,329.41
2026-02-08,BL-260208-4352,Zomato,Veg Wrap,522.24
2026-02-08,BL-260208-4352,Zomato,Avocado Toast,290.85
2026-02-08,BL-260208-4353,Zomato,Veg Wrap,262.08
2026-02-08,BL-260208-4353,Zomato,Cappuccino,181.23
2026-02-08,BL-260208-4354,Swiggy,Espresso,156.52
2026-02-08,BL-260208-4354,Swiggy,Cold Brew,229.56
2026-02-08,BL-260208-4355,Zomato,Latte,205.67
2026-02-08,BL-260208-4356,Zomato,Chocolate Brownie,165.55
2026-02-08,BL-260208-4356,Zomato,Latte,208.92
2026-02-08,BL-260208-4358,Zomato,Blueberry Muffin,143.66
2026-02-08,BL-260208-4359,Zomato,Croissant,124.14
2026-02-08,BL-260208-4359,Zomato,Veg Wrap,270.66
2026-02-08,BL-260208-4361,Swiggy,Veg Wrap,268.39
2026-02-08,BL-260208-4361,Swiggy,Espresso,153.6
2026-02-08,BL-260208-4363,Zomato,Espresso,153.11
2026-02-08,BL-260208-4363,Zomato,Croissant,122.25
2026-02-08,BL-260208-4363,Zomato,Iced Latte,245.15
2026-02-08,BL-260208-4368,Swiggy,Veg Wrap,272.39
2026-02-08,BL-260208-4368,Swiggy,Club Sandwich,323.58
2026-02-09,BL-260209-4372,Swiggy,Croissant,123.93
2026-02-09,BL-260209-4372,Swiggy,Masala Chai,82.73
2026-02-09,BL-260209-4372,Swiggy,Veg Wrap,261.71
2026-02-09,BL-260209-4373,Zomato,Avocado Toast,585.08
2026-02-09,BL-260209-4373,Zomato,Blueberry Muffin,288.22
2026-02-09,BL-260209-4373,Zomato,Chocolate Brownie,161.94
2026-02-09,BL-260209-4377,Swiggy,Veg Wrap,269.08
2026-02-09,BL-260209-4377,Swiggy,Avocado Toast,292.2
2026-02-09,BL-260209-4377,Swiggy,Avocado Toast,289.97
2026-02-09,BL-260209-4380,Zomato,Cappuccino,188.35
2026-02-09,BL-260209-4380,Zomato,Club Sandwich,320.97
2026-02-09,BL-260209-4382,Swiggy,Club Sandwich,324.46
2026-02-09,BL-260209-4382,Swiggy,Latte,202.54
2026-02-09,BL-260209-4383,Zomato,Espresso,310.64
2026-02-09,BL-260209-4384,Swiggy,Avocado Toast,580.05
2026-02-09,BL-260209-4384,Swiggy,Cappuccino,183.6
2026-02-09,BL-260209-4384,Swiggy,Iced Latte,490.71
2026-02-09,BL-260209-4386,Zomato,Croissant,125.78
2026-02-09,BL-260209-4386,Zomato,Cold Brew,440.85
2026-02-09,BL-260209-4386,Zomato,Club Sandwich,329.84
2026-02-09,BL-260209-4387,Zomato,Masala Chai,81.21
2026-02-09,BL-260209-4388,Zomato,Espresso,150.49
2026-02-09,BL-260209-4388,Zomato,Croissant,125.15
2026-02-09,BL-260209-4388,Zomato,Blueberry Muffin,142.04
2026-02-09,BL-260209-4389,Swiggy,Club Sandwich,321.15
2026-02-09,BL-260209-4389,Swiggy,Veg Wrap,532.16
2026-02-09,BL-260209-4390,Zomato,Espresso,152.92
2026-02-09,BL-260209-4394,Swiggy,Masala Chai,83.08
2026-02-09,BL-260209-4394,Swiggy,Seasonal Special,360.89
2026-02-09,BL-260209-4397,Zomato,Chocolate Brownie,167.92
2026-02-09,BL-260209-4397,Zomato,Cold Brew,225.62
2026-02-09,BL-260209-4397,Zomato,Blueberry Muffin,282.04
2026-02-09,BL-260209-4399,Zomato,Latte,209.54
2026-02-09,BL-260209-4400,Swiggy,Espresso,154.0
2026-02-09,BL-260209-4400,Swiggy,Iced Latte,239.87
2026-02-09,BL-260209-4402,Zomato,Iced Latte,483.43
2026-02-09,BL-260209-4403,Zomato,Espresso,151.1
2026-02-09,BL-260209-4403,Zomato,Cold Brew,224.98
2026-02-09,BL-260209-4407,Swiggy,Veg Wrap,266.82
2026-02-09,BL-260209-4407,Swiggy,Espresso,153.78
2026-02-09,BL-260209-4408,Swiggy,Seasonal Special,358.58
2026-02-09,BL-260209-4409,Zomato,Chocolate Brownie,165.88
2026-02-09,BL-260209-4409,Zomato,Iced Latte,245.71
2026-02-09,BL-260209-4415,Swiggy,Seasonal Special,357.15
2026-02-09,BL-260209-4417,Swiggy,Blueberry Muffin,145.01
2026-02-09,BL-260209-4418,Swiggy,Blueberry Muffin,145.81
2026-02-09,BL-260209-4418,Swiggy,Seasonal Special,366.16
2026-02-09,BL-260209-4419,Swiggy,Seasonal Special,363.48
2026-02-09,BL-260209-4419,Swiggy,Blueberry Muffin,145.14
2026-02-09,BL-260209-4419,Swiggy,Avocado Toast,291.88
2026-02-09,BL-260209-4425,Zomato,Cappuccino,180.26
2026-02-09,BL-260209-4425,Zomato,Masala Chai,81.96
2026-02-09,BL-260209-4426,Swiggy,Seasonal Special,360.13
2026-02-09,BL-260209-4428,Swiggy,Masala Chai,79.88
2026-02-09,BL-260209-4428,Swiggy,Croissant,122.27
2026-02-09,BL-260209-4428,Swiggy,Veg Wrap,265.9
2026-02-09,BL-260209-4429,Zomato,Croissant,121.7
2026-02-09,BL-260209-4429,Zomato,Croissant,124.57
2026-02-09,BL-260209-4431,Zomato,Chocolate Brownie,166.79
2026-02-09,BL-260209-4431,Zomato,Blueberry Muffin,146.52
2026-02-09,BL-260209-4432,Zomato,Blueberry Muffin,142.05
2026-02-09,BL-260209-4433,Swiggy,Veg Wrap,260.78
2026-02-09,BL-260209-4433,Swiggy,Masala Chai,82.26
2026-02-09,BL-260209-4433,Swiggy,Club Sandwich,331.84
2026-02-09,BL-260209-4436,Zomato,Blueberry Muffin,139.72
2026-02-09,BL-260209-4436,Zomato,Iced Latte,242.72
2026-02-09,BL-260209-4439,Zomato,Club Sandwich,335.38
2026-02-09,BL-260209-4440,Swiggy,Masala Chai,82.62
2026-02-09,BL-260209-4443,Swiggy,Latte,202.49
2026-02-09,BL-260209-4444,Swiggy,Masala Chai,80.67
2026-02-09,BL-260209-4444,Swiggy,Blueberry Muffin,283.84
2026-02-09,BL-260209-4449,Swiggy,Veg Wrap,270.34
2026-02-09,BL-260209-4449,Swiggy,Masala Chai,83.96
2026-02-09,BL-260209-4450,Zomato,Espresso,305.24
2026-02-09,BL-260209-4453,Zomato,Espresso,154.82
2026-02-09,BL-260209-4453,Zomato,Cappuccino,185.56
2026-02-09,BL-260209-4455,Swiggy,Croissant,250.87
2026-02-09,BL-260209-4455,Swiggy,Club Sandwich,334.88
2026-02-09,BL-260209-4455,Swiggy,Veg Wrap,265.31
2026-02-09,BL-260209-4456,Zomato,Veg Wrap,260.19
2026-02-09,BL-260209-4459,Swiggy,Seasonal Special,360.96
2026-02-09,BL-260209-4460,Zomato,Cold Brew,221.39
2026-02-09,BL-260209-4463,Swiggy,Chocolate Brownie,166.01
2026-02-09,BL-260209-4465,Zomato,Cappuccino,184.54
2026-02-09,BL-260209-4465,Zomato,Croissant,124.1
2026-02-09,BL-260209-4466,Swiggy,Masala Chai,81.87
2026-02-09,BL-260209-4466,Swiggy,Latte,199.99
2026-02-09,BL-260209-4469,Swiggy,Seasonal Special,365.21
2026-02-09,BL-260209-4470,Zomato,Cappuccino,183.73
2026-02-09,BL-260209-4470,Zomato,Chocolate Brownie,161.83
2026-02-09,BL-260209-4471,Swiggy,Blueberry Muffin,289.84
2026-02-09,BL-260209-4471,Swiggy,Cappuccino,186.6
2026-02-09,BL-260209-4473,Swiggy,Cold Brew,226.1
2026-02-09,BL-260209-4473,Swiggy,Club Sandwich,332.92
2026-02-09,BL-260209-4476,Zomato,Masala Chai,79.93
2026-02-09,BL-260209-4476,Zomato,Cold Brew,222.23
2026-02-10,BL-260210-4480,Zomato,Club Sandwich,326.47
2026-02-10,BL-260210-4480,Zomato,Croissant,243.24
2026-02-10,BL-260210-4482,Swiggy,Blueberry Muffin,280.96
2026-02-10,BL-260210-4482,Swiggy,Seasonal Special,367.29
2026-02-10,BL-260210-4482,Swiggy,Seasonal Special,351.82
2026-02-10,BL-260210-4484,Zomato,Cappuccino,373.6
2026-02-10,BL-260210-4490,Zomato,Croissant,124.9
2026-02-10,BL-260210-4493,Swiggy,Cappuccino,185.32
2026-02-10,BL-260210-4500,Swiggy,Seasonal Special,354.13
2026-02-10,BL-260210-4501,Swiggy,Veg Wrap,263.52
2026-02-10,BL-260210-4503,Zomato,Seasonal Special,362.3
2026-02-10,BL-260210-4503,Zomato,Blueberry Muffin,146.47
2026-02-10,BL-260210-4503,Zomato,Avocado Toast,583.04
2026-02-10,BL-260210-4503,Zomato,Cold Brew,227.82
2026-02-10,BL-260210-4504,Swiggy,Blueberry Muffin,143.2
2026-02-10,BL-260210-4504,Swiggy,Espresso,151.76
2026-02-10,BL-260210-4508,Zomato,Seasonal Special,366.4
2026-02-10,BL-260210-4509,Zomato,Masala Chai,165.78
2026-02-10,BL-260210-4511,Swiggy,Espresso,151.38
2026-02-10,BL-260210-4511,Swiggy,Blueberry Muffin,143.92
2026-02-10,BL-260210-4511,Swiggy,Blueberry Muffin,145.58
2026-02-10,BL-260210-4515,Zomato,Blueberry Muffin,142.15
2026-02-10,BL-260210-4516,Swiggy,Croissant,120.46
2026-02-10,BL-260210-4521,Swiggy,Blueberry Muffin,141.88
2026-02-10,BL-260210-4521,Swiggy,Seasonal Special,350.52
2026-02-10,BL-260210-4521,Swiggy,Chocolate Brownie,167.42
2026-02-10,BL-260210-4523,Zomato,Cappuccino,184.92
2026-02-10,BL-260210-4525,Zomato,Iced Latte,241.94
2026-02-10,BL-260210-4525,Zomato,Cold Brew,224.12
2026-02-10,BL-260210-4530,Zomato,Masala Chai,161.72
2026-02-10,BL-260210-4530,Zomato,Avocado Toast,286.0
2026-02-10,BL-260210-4536,Zomato,Blueberry Muffin,146.47
2026-02-10,BL-260210-4538,Zomato,Latte,408.29
2026-02-10,BL-260210-4538,Zomato,Masala Chai,83.12
2026-02-10,BL-260210-4540,Zomato,Croissant,120.53
2026-02-10,BL-260210-4540,Zomato,Blueberry Muffin,291.52
2026-02-10,BL-260210-4540,Zomato,Iced Latte,482.85
2026-02-10,BL-260210-4543,Swiggy,Masala Chai,82.68
2026-02-10,BL-260210-4547,Zomato,Iced Latte,248.02
2026-02-10,BL-260210-4547,Zomato,Cold Brew,229.41
2026-02-10,BL-260210-4548,Swiggy,Chocolate Brownie,162.29
2026-02-10,BL-260210-4548,Swiggy,Masala Chai,80.3
2026-02-10,BL-260210-4548,Swiggy,Espresso,155.16
2026-02-10,BL-260210-4552,Swiggy,Cappuccino,183.65
2026-02-10,BL-260210-4553,Swiggy,Iced Latte,489.92
2026-02-10,BL-260210-4558,Zomato,Espresso,151.64
2026-02-10,BL-260210-4559,Swiggy,Cappuccino,179.59
2026-02-10,BL-260210-4562,Zomato,Espresso,152.26
2026-02-10,BL-260210-4562,Zomato,Chocolate Brownie,162.15
2026-02-10,BL-260210-4567,Swiggy,Cold Brew,460.02
2026-02-10,BL-260210-4567,Swiggy,Latte,207.19
2026-02-11,BL-260211-4571,Swiggy,Cold Brew,225.34
2026-02-11,BL-260211-4571,Swiggy,Avocado Toast,286.66
2026-02-11,BL-260211-4572,Swiggy,Chocolate Brownie,164.14
2026-02-11,BL-260211-4572,Swiggy,Cappuccino,184.67
2026-02-11,BL-260211-4576,Zomato,Veg Wrap,543.63
2026-02-11,BL-260211-4576,Zomato,Croissant,120.99
2026-02-11,BL-260211-4576,Zomato,Club Sandwich,656.71
2026-02-11,BL-260211-4577,Swiggy,Club Sandwich,332.66
2026-02-11,BL-260211-4579,Swiggy,Latte,201.15
2026-02-11,BL-260211-4579,Swiggy,Latte,209.74
2026-02-11,BL-260211-4583,Zomato,Cappuccino,184.67
2026-02-11,BL-260211-4583,Zomato,Cold Brew,226.27
2026-02-11,BL-260211-4586,Zomato,Chocolate Brownie,159.73
2026-02-11,BL-260211-4586,Zomato,Cappuccino,188.06
2026-02-11,BL-260211-4586,Zomato,Croissant,123.36
2026-02-11,BL-260211-4591,Swiggy,Chocolate Brownie,166.3
2026-02-11,BL-260211-4591,Swiggy,Croissant,120.91
2026-02-11,BL-260211-4593,Swiggy,Masala Chai,162.54
2026-02-11,BL-260211-4594,Zomato,Cappuccino,181.33
2026-02-11,BL-260211-4594,Zomato,Masala Chai,82.65
2026-02-11,BL-260211-4602,Swiggy,Seasonal Special,351.58
2026-02-11,BL-260211-4603,Swiggy,Cold Brew,229.15
2026-02-11,BL-260211-4606,Swiggy,Chocolate Brownie,326.27
2026-02-11,BL-260211-4606,Swiggy,Latte,200.25
2026-02-11,BL-260211-4607,Swiggy,Avocado Toast,279.7
2026-02-11,BL-260211-4607,Swiggy,Chocolate Brownie,162.42
2026-02-11,BL-260211-4609,Zomato,Seasonal Special,361.13
2026-02-11,BL-260211-4609,Zomato,Espresso,150.33
2026-02-11,BL-260211-4613,Zomato,Croissant,119.94
2026-02-11,BL-260211-4613,Zomato,Masala Chai,83.28
2026-02-11,BL-260211-4614,Swiggy,Chocolate Brownie,167.94
2026-02-11,BL-260211-4616,Swiggy,Croissant,125.36
2026-02-11,BL-260211-4616,Swiggy,Masala Chai,80.44
2026-02-11,BL-260211-4616,Swiggy,Club Sandwich,323.19
2026-02-11,BL-260211-4619,Swiggy,Veg Wrap,270.81
2026-02-11,BL-260211-4619,Swiggy,Latte,199.58
2026-02-11,BL-260211-4621,Zomato,Blueberry Muffin,286.59
2026-02-11,BL-260211-4623,Swiggy,Cold Brew,449.75
2026-02-11,BL-260211-4623,Swiggy,Iced Latte,493.93
2026-02-11,BL-260211-4623,Swiggy,Blueberry Muffin,141.43
2026-02-11,BL-260211-4625,Zomato,Cold Brew,221.32
2026-02-11,BL-260211-4625,Zomato,Chocolate Brownie,164.02
2026-02-11,BL-260211-4627,Zomato,Blueberry Muffin,145.97
2026-02-11,BL-260211-4627,Zomato,Seasonal Special,357.66
2026-02-11,BL-260211-4627,Zomato,Latte,200.13
2026-02-11,BL-260211-4633,Swiggy,Iced Latte,247.41
2026-02-11,BL-260211-4633,Swiggy,Blueberry Muffin,146.45
2026-02-11,BL-260211-4635,Zomato,Club Sandwich,333.07
2026-02-11,BL-260211-4635,Zomato,Croissant,122.94
2026-02-11,BL-260211-4638,Zomato,Espresso,154.21
2026-02-11,BL-260211-4639,Zomato,Iced Latte,244.71
2026-02-11,BL-260211-4639,Zomato,Espresso,150.65
2026-02-11,BL-260211-4640,Swiggy,Seasonal Special,365.24
2026-02-11,BL-260211-4640,Swiggy,Seasonal Special,350.82
2026-02-11,BL-260211-4640,Swiggy,Iced Latte,245.79
2026-02-11,BL-260211-4641,Swiggy,Avocado Toast,293.85
2026-02-11,BL-260211-4641,Swiggy,Espresso,156.78
2026-02-11,BL-260211-4642,Swiggy,Seasonal Special,710.09
2026-02-11,BL-260211-4644,Swiggy,Iced Latte,247.29
2026-02-11,BL-260211-4644,Swiggy,Avocado Toast,281.34
2026-02-11,BL-260211-4648,Swiggy,Blueberry Muffin,144.08
2026-02-11,BL-260211-4648,Swiggy,Blueberry Muffin,143.17
2026-02-11,BL-260211-4650,Zomato,Cappuccino,184.86
2026-02-11,BL-260211-4653,Zomato,Veg Wrap,265.74
2026-02-11,BL-260211-4653,Zomato,Espresso,152.39
2026-02-11,BL-260211-4653,Zomato,Masala Chai,81.29
2026-02-11,BL-260211-4655,Swiggy,Cappuccino,184.55
2026-02-11,BL-260211-4655,Swiggy,Cold Brew,229.81
2026-02-11,BL-260211-4655,Swiggy,Avocado Toast,288.69
2026-02-11,BL-260211-4661,Zomato,Iced Latte,248.01
2026-02-11,BL-260211-4661,Zomato,Croissant,123.47
2026-02-11,BL-260211-4668,Zomato,Cappuccino,365.5
2026-02-12,BL-260212-4671,Zomato,Masala Chai,79.98
2026-02-12,BL-260212-4671,Zomato,Blueberry Muffin,145.83
2026-02-12,BL-260212-4671,Zomato,Iced Latte,244.29
2026-02-12,BL-260212-4675,Zomato,Croissant,123.94
2026-02-12,BL-260212-4675,Zomato,Espresso,156.69
2026-02-12,BL-260212-4675,Zomato,Masala Chai,81.05
2026-02-12,BL-260212-4676,Swiggy,Iced Latte,246.48
2026-02-12,BL-260212-4678,Swiggy,Masala Chai,82.25
2026-02-12,BL-260212-4678,Swiggy,Latte,206.46
2026-02-12,BL-260212-4680,Swiggy,Cappuccino,186.42
2026-02-12,BL-260212-4682,Swiggy,Croissant,123.36
2026-02-12,BL-260212-4684,Zomato,Avocado Toast,280.66
2026-02-12,BL-260212-4684,Zomato,Veg Wrap,270.44
2026-02-12,BL-260212-4685,Swiggy,Veg Wrap,270.62
2026-02-12,BL-260212-4685,Swiggy,Espresso,155.93
2026-02-12,BL-260212-4686,Zomato,Croissant,124.5
2026-02-12,BL-260212-4686,Zomato,Blueberry Muffin,283.21
2026-02-12,BL-260212-4686,Zomato,Iced Latte,243.51
2026-02-12,BL-260212-4687-R,Zomato,Latte,201.18
2026-02-12,BL-260212-4690,Zomato,Cold Brew,219.51
2026-02-12,BL-260212-4690,Zomato,Croissant,125.62
2026-02-12,BL-260212-4691,Zomato,Veg Wrap,265.41
2026-02-12,BL-260212-4691,Zomato,Masala Chai,82.11
2026-02-12,BL-260212-4692,Zomato,Veg Wrap,261.99
2026-02-12,BL-260212-4692,Zomato,Espresso,155.64
2026-02-12,BL-260212-4692,Zomato,Croissant,244.33
2026-02-12,BL-260212-4692,Zomato,Espresso,153.85
2026-02-12,BL-260212-4694,Swiggy,Club Sandwich,640.28
2026-02-12,BL-260212-4694,Swiggy,Seasonal Special,366.32
2026-02-12,BL-260212-4695,Swiggy,Iced Latte,249.26
2026-02-12,BL-260212-4695,Swiggy,Seasonal Special,352.28
2026-02-12,BL-260212-4696,Swiggy,Cappuccino,181.89
2026-02-12,BL-260212-4696,Swiggy,Veg Wrap,268.38
2026-02-12,BL-260212-4699,Swiggy,Croissant,121.15
2026-02-12,BL-260212-4699,Swiggy,Cold Brew,459.81
2026-02-12,BL-260212-4702,Zomato,Avocado Toast,567.42
2026-02-12,BL-260212-4702,Zomato,Masala Chai,80.4
2026-02-12,BL-260212-4707,Swiggy,Veg Wrap,263.09
2026-02-12,BL-260212-4707,Swiggy,Seasonal Special,367.02
2026-02-12,BL-260212-4708,Swiggy,Seasonal Special,357.15
2026-02-12,BL-260212-4708,Swiggy,Cappuccino,183.94
2026-02-12,BL-260212-4708,Swiggy,Iced Latte,245.18
2026-02-12,BL-260212-4710,Swiggy,Avocado Toast,287.48
2026-02-12,BL-260212-4710,Swiggy,Cold Brew,223.38
2026-02-12,BL-260212-4712,Zomato,Avocado Toast,572.41
2026-02-12,BL-260212-4714,Swiggy,Blueberry Muffin,146.02
2026-02-12,BL-260212-4714,Swiggy,Veg Wrap,260.04
2026-02-12,BL-260212-4715,Zomato,Latte,200.32
2026-02-12,BL-260212-4715,Zomato,Iced Latte,240.4
2026-02-12,BL-260212-4717,Swiggy,Cold Brew,222.04
2026-02-12,BL-260212-4717,Swiggy,Club Sandwich,319.2
2026-02-12,BL-260212-4721,Swiggy,Club Sandwich,319.33
2026-02-12,BL-260212-4721,Swiggy,Espresso,151.54
2026-02-12,BL-260212-4722,Swiggy,Croissant,125.43
2026-02-12,BL-260212-4722,Swiggy,Cold Brew,224.73
2026-02-12,BL-260212-4723,Swiggy,Cappuccino,185.08
2026-02-12,BL-260212-4724,Swiggy,Club Sandwich,325.43
2026-02-12,BL-260212-4724,Swiggy,Avocado Toast,559.69
2026-02-12,BL-260212-4724,Swiggy,Seasonal Special,352.52
2026-02-12,BL-260212-4725,Swiggy,Chocolate Brownie,160.18
2026-02-12,BL-260212-4725,Swiggy,Croissant,124.2
2026-02-12,BL-260212-4726,Zomato,Cappuccino,183.53
2026-02-12,BL-260212-4726,Zomato,Cappuccino,182.09
2026-02-12,BL-260212-4731,Zomato,Croissant,125.97
2026-02-12,BL-260212-4732,Zomato,Seasonal Special,351.76
2026-02-12,BL-260212-4732,Zomato,Seasonal Special,356.47
2026-02-12,BL-260212-4732,Zomato,Cappuccino,187.9
2026-02-12,BL-260212-4733,Zomato,Iced Latte,249.57
2026-02-12,BL-260212-4733,Zomato,Veg Wrap,259.73
2026-02-12,BL-260212-4733,Zomato,Club Sandwich,319.24
2026-02-12,BL-260212-4734,Zomato,Seasonal Special,354.94
2026-02-12,BL-260212-4734,Zomato,Avocado Toast,291.56
2026-02-12,BL-260212-4735,Swiggy,Seasonal Special,366.98
2026-02-12,BL-260212-4735,Swiggy,Avocado Toast,569.48
2026-02-12,BL-260212-4735,Swiggy,Espresso,152.64
2026-02-12,BL-260212-4742,Swiggy,Seasonal Special,366.55
2026-02-12,BL-260212-4742,Swiggy,Masala Chai,81.56
2026-02-12,BL-260212-4747,Swiggy,Blueberry Muffin,140.78
2026-02-12,BL-260212-4747,Swiggy,Iced Latte,239.59
2026-02-12,BL-260212-4747,Swiggy,Avocado Toast,293.35
2026-02-12,BL-260212-4748,Swiggy,Seasonal Special,352.02
2026-02-12,BL-260212-4749,Zomato,Espresso,307.58
2026-02-12,BL-260212-4749,Zomato,Croissant,122.1
2026-02-12,BL-260212-4752,Zomato,Seasonal Special,363.25
2026-02-12,BL-260212-4752,Zomato,Veg Wrap,272.42
2026-02-12,BL-260212-4755,Zomato,Espresso,150.73
2026-02-12,BL-260212-4755,Zomato,Club Sandwich,328.65
2026-02-12,BL-260212-4756,Swiggy,Croissant,123.97
2026-02-12,BL-260212-4756,Swiggy,Latte,402.91
2026-02-12,BL-260212-4757,Zomato,Club Sandwich,332.29
2026-02-12,BL-260212-4759,Swiggy,Espresso,313.65
2026-02-12,BL-260212-4760,Swiggy,Latte,200.1
2026-02-12,BL-260212-4761,Swiggy,Cappuccino,187.69
2026-02-12,BL-260212-4761,Swiggy,Veg Wrap,265.31
2026-02-12,BL-260212-4771,Swiggy,Masala Chai,162.28
2026-02-12,BL-260212-4775,Zomato,Seasonal Special,358.8
2026-02-12,BL-260212-4775,Zomato,Veg Wrap,271.79
2026-02-13,BL-260213-4781,Zomato,Avocado Toast,564.96
2026-02-13,BL-260213-4783,Zomato,Masala Chai,82.69
2026-02-13,BL-260213-4783,Zomato,Masala Chai,82.65
2026-02-13,BL-260213-4785,Zomato,Chocolate Brownie,160.36
2026-02-13,BL-260213-4785,Zomato,Chocolate Brownie,166.48
2026-02-13,BL-260213-4786,Zomato,Espresso,154.74
2026-02-13,BL-260213-4786,Zomato,Cold Brew,220.74
2026-02-13,BL-260213-4790,Swiggy,Seasonal Special,358.75
2026-02-13,BL-260213-4793,Swiggy,Veg Wrap,268.34
2026-02-13,BL-260213-4796,Zomato,Avocado Toast,571.75
2026-02-13,BL-260213-4796,Zomato,Cappuccino,185.31
2026-02-13,BL-260213-4796,Zomato,Masala Chai,163.57
2026-02-13,BL-260213-4797,Zomato,Chocolate Brownie,332.92
2026-02-13,BL-260213-4799,Zomato,Avocado Toast,293.04
2026-02-13,BL-260213-4799,Zomato,Cappuccino,186.42
2026-02-13,BL-260213-4799,Zomato,Iced Latte,250.57
2026-02-13,BL-260213-4800,Swiggy,Masala Chai,83.2
2026-02-13,BL-260213-4800,Swiggy,Cappuccino,188.1
2026-02-13,BL-260213-4801,Swiggy,Avocado Toast,281.29
2026-02-13,BL-260213-4808,Swiggy,Latte,200.39
2026-02-13,BL-260213-4812,Zomato,Seasonal Special,359.46
2026-02-13,BL-260213-4812,Zomato,Iced Latte,251.81
2026-02-13,BL-260213-4813,Swiggy,Croissant,120.73
2026-02-13,BL-260213-4818,Swiggy,Latte,201.89
2026-02-13,BL-260213-4820,Swiggy,Veg Wrap,269.59
2026-02-13,BL-260213-4823,Swiggy,Blueberry Muffin,141.86
2026-02-13,BL-260213-4823,Swiggy,Cappuccino,373.39
2026-02-13,BL-260213-4823,Swiggy,Iced Latte,244.64
2026-02-13,BL-260213-4824,Zomato,Cold Brew,226.71
2026-02-13,BL-260213-4824,Zomato,Cold Brew,226.96
2026-02-13,BL-260213-4824,Zomato,Cold Brew,228.62
2026-02-13,BL-260213-4826,Swiggy,Seasonal Special,350.6
2026-02-13,BL-260213-4826,Swiggy,Club Sandwich,327.7
2026-02-13,BL-260213-4826,Swiggy,Masala Chai,83.03
2026-02-13,BL-260213-4832,Zomato,Iced Latte,240.47
2026-02-13,BL-260213-4834,Swiggy,Masala Chai,80.53
2026-02-13,BL-260213-4834,Swiggy,Veg Wrap,269.97
2026-02-13,BL-260213-4835,Zomato,Veg Wrap,270.87
2026-02-13,BL-260213-4835,Zomato,Chocolate Brownie,164.63
2026-02-13,BL-260213-4835,Zomato,Chocolate Brownie,159.92
2026-02-13,BL-260213-4838,Zomato,Blueberry Muffin,140.05
2026-02-13,BL-260213-4842,Zomato,Seasonal Special,349.38
2026-02-13,BL-260213-4842,Zomato,Avocado Toast,289.64
2026-02-13,BL-260213-4846,Swiggy,Masala Chai,83.46
2026-02-13,BL-260213-4846,Swiggy,Chocolate Brownie,166.94
2026-02-13,BL-260213-4849,Swiggy,Seasonal Special,364.75
2026-02-13,BL-260213-4850,Swiggy,Espresso,312.1
2026-02-13,BL-260213-4850,Swiggy,Croissant,250.86
2026-02-13,BL-260213-4851,Swiggy,Club Sandwich,325.4
2026-02-13,BL-260213-4851,Swiggy,Iced Latte,248.08
2026-02-13,BL-260213-4851,Swiggy,Veg Wrap,262.66
2026-02-13,BL-260213-4853,Swiggy,Espresso,157.41
2026-02-13,BL-260213-4853,Swiggy,Latte,206.97
2026-02-13,BL-260213-4853,Swiggy,Seasonal Special,362.72
2026-02-13,BL-260213-4856,Swiggy,Masala Chai,82.64
2026-02-13,BL-260213-4856,Swiggy,Cold Brew,228.91
2026-02-13,BL-260213-4856,Swiggy,Croissant,121.99
2026-02-13,BL-260213-4857,Zomato,Seasonal Special,352.74
2026-02-13,BL-260213-4858,Zomato,Cold Brew,230.95
2026-02-13,BL-260213-4860,Zomato,Croissant,122.8
2026-02-13,BL-260213-4863,Zomato,Masala Chai,81.22
2026-02-13,BL-260213-4864,Swiggy,Espresso,152.35
2026-02-13,BL-260213-4864,Swiggy,Iced Latte,248.53
2026-02-13,BL-260213-4864,Swiggy,Cappuccino,185.98
2026-02-13,BL-260213-4866,Swiggy,Espresso,300.51
2026-02-13,BL-260213-4866,Swiggy,Cold Brew,223.86
2026-02-13,BL-260213-4868,Zomato,Masala Chai,83.34
2026-02-13,BL-260213-4868,Zomato,Seasonal Special,699.48
2026-02-13,BL-260213-4873,Swiggy,Cappuccino,180.63
2026-02-13,BL-260213-4873,Swiggy,Veg Wrap,264.15
2026-02-13,BL-260213-4874,Zomato,Seasonal Special,355.62
2026-02-13,BL-260213-4874,Zomato,Avocado Toast,289.47
2026-02-13,BL-260213-4877,Zomato,Chocolate Brownie,161.09
2026-02-13,BL-260213-4879,Swiggy,Croissant,122.69
2026-02-13,BL-260213-4882,Swiggy,Cappuccino,188.03
2026-02-13,BL-260213-4883,Swiggy,Chocolate Brownie,165.41
2026-02-13,BL-260213-4883,Swiggy,Chocolate Brownie,165.19
2026-02-13,BL-260213-4883,Swiggy,Iced Latte,249.22
2026-02-13,BL-260213-4884,Swiggy,Avocado Toast,282.23
2026-02-13,BL-260213-4884,Swiggy,Iced Latte,250.93
2026-02-13,BL-260213-4889,Swiggy,Latte,208.28
2026-02-13,BL-260213-4889,Swiggy,Cold Brew,229.44
2026-02-13,BL-260213-4889,Swiggy,Seasonal Special,364.43
2026-02-14,BL-260214-4892,Zomato,Croissant,125.02
2026-02-14,BL-260214-4895,Swiggy,Club Sandwich,330.75
2026-02-14,BL-260214-4896,Zomato,Blueberry Muffin,144.96
2026-02-14,BL-260214-4897,Zomato,Iced Latte,494.83
2026-02-14,BL-260214-4897,Zomato,Masala Chai,80.8
2026-02-14,BL-260214-4900,Zomato,Cold Brew,227.57
2026-02-14,BL-260214-4900,Zomato,Chocolate Brownie,167.79
2026-02-14,BL-260214-4908,Swiggy,Latte,209.68
2026-02-14,BL-260214-4911,Swiggy,Seasonal Special,717.69
2026-02-14,BL-260214-4911,Swiggy,Espresso,153.63
2026-02-14,BL-260214-4920,Swiggy,Avocado Toast,292.99
2026-02-14,BL-260214-4920,Swiggy,Chocolate Brownie,331.72
2026-02-14,BL-260214-4924,Swiggy,Croissant,120.18
2026-02-14,BL-260214-4925,Zomato,Veg Wrap,264.78
2026-02-14,BL-260214-4925,Zomato,Cappuccino,180.68
2026-02-14,BL-260214-4925,Zomato,Avocado Toast,293.13
2026-02-14,BL-260214-4927,Swiggy,Cold Brew,223.21
2026-02-14,BL-260214-4927,Swiggy,Cold Brew,220.97
2026-02-14,BL-260214-4928,Zomato,Avocado Toast,282.08
2026-02-14,BL-260214-4930,Swiggy,Iced Latte,492.2
2026-02-14,BL-260214-4930,Swiggy,Iced Latte,498.73
2026-02-14,BL-260214-4931,Swiggy,Chocolate Brownie,162.88
2026-02-14,BL-260214-4931,Swiggy,Cappuccino,368.28
2026-02-14,BL-260214-4932,Zomato,Club Sandwich,323.72
2026-02-14,BL-260214-4934,Zomato,Iced Latte,246.84
2026-02-14,BL-260214-4935,Swiggy,Iced Latte,246.73
2026-02-14,BL-260214-4935,Swiggy,Espresso,300.42
2026-02-14,BL-260214-4935,Swiggy,Croissant,121.69
2026-02-14,BL-260214-4936,Swiggy,Blueberry Muffin,144.89
2026-02-14,BL-260214-4936,Swiggy,Cold Brew,222.74
2026-02-14,BL-260214-4939,Swiggy,Latte,206.11
2026-02-14,BL-260214-4939,Swiggy,Cappuccino,180.59
2026-02-14,BL-260214-4939,Swiggy,Chocolate Brownie,163.25
2026-02-14,BL-260214-4940,Swiggy,Latte,200.89
2026-02-14,BL-260214-4940,Swiggy,Avocado Toast,289.57
2026-02-14,BL-260214-4940,Swiggy,Espresso,301.02
2026-02-14,BL-260214-4941,Zomato,Blueberry Muffin,142.09
2026-02-14,BL-260214-4941,Zomato,Espresso,152.72
2026-02-14,BL-260214-4944,Zomato,Avocado Toast,563.65
2026-02-14,BL-260214-4945,Swiggy,Masala Chai,83.52
2026-02-14,BL-260214-4945,Swiggy,Iced Latte,480.72
2026-02-14,BL-260214-4945,Swiggy,Croissant,121.31
2026-02-14,BL-260214-4945,Swiggy,Espresso,314.61
2026-02-14,BL-260214-4951,Zomato,Iced Latte,251.99
2026-02-14,BL-260214-4951,Zomato,Espresso,156.08
2026-02-14,BL-260214-4954,Swiggy,Avocado Toast,287.53
2026-02-14,BL-260214-4954,Swiggy,Chocolate Brownie,160.43
2026-02-14,BL-260214-4965-R,Swiggy,Cappuccino,359.91
2026-02-14,BL-260214-4965-R,Swiggy,Avocado Toast,287.85
2026-02-14,BL-260214-4967,Swiggy,Cappuccino,186.49
2026-02-14,BL-260214-4968,Zomato,Espresso,156.19
2026-02-14,BL-260214-4968,Zomato,Club Sandwich,330.51
2026-02-14,BL-260214-4969,Zomato,Latte,409.3
2026-02-14,BL-260214-4969,Zomato,Chocolate Brownie,167.66
2026-02-14,BL-260214-4972,Swiggy,Cappuccino,188.85
2026-02-14,BL-260214-4972,Swiggy,Blueberry Muffin,284.58
2026-02-14,BL-260214-4972,Swiggy,Masala Chai,83.62
2026-02-14,BL-260214-4975,Swiggy,Seasonal Special,352.61
2026-02-14,BL-260214-4975,Swiggy,Cold Brew,450.34
2026-02-14,BL-260214-4982,Zomato,Masala Chai,82.07
2026-02-14,BL-260214-4982,Zomato,Latte,208.13
2026-02-14,BL-260214-4985,Swiggy,Latte,205.76
2026-02-14,BL-260214-4986,Zomato,Club Sandwich,327.36
2026-02-14,BL-260214-4987,Swiggy,Croissant,119.79
2026-02-14,BL-260214-4987,Swiggy,Seasonal Special,358.44
2026-02-14,BL-260214-4987,Swiggy,Club Sandwich,328.41
2026-02-14,BL-260214-4988,Zomato,Cappuccino,187.49
2026-02-14,BL-260214-4988,Zomato,Iced Latte,241.45
2026-02-14,BL-260214-4992,Swiggy,Veg Wrap,268.52
2026-02-14,BL-260214-4992,Swiggy,Espresso,152.37
2026-02-14,BL-260214-4992,Swiggy,Blueberry Muffin,143.92
2026-02-14,BL-260214-4996,Zomato,Masala Chai,160.47
2026-02-14,BL-260214-4996,Zomato,Croissant,241.21
2026-02-14,BL-260214-4997,Swiggy,Chocolate Brownie,167.98
2026-02-14,BL-260214-4998,Swiggy,Club Sandwich,322.16
2026-02-14,BL-260214-4999,Swiggy,Latte,202.81
2026-02-14,BL-260214-5001,Swiggy,Avocado Toast,284.65
2026-02-14,BL-260214-5001,Swiggy,Masala Chai,82.55
2026-02-14,BL-260214-5001,Swiggy,Seasonal Special,356.77
2026-02-14,BL-260214-5004,Swiggy,Club Sandwich,321.25
2026-02-14,BL-260214-5004,Swiggy,Avocado Toast,291.82
2026-02-14,BL-260214-5004,Swiggy,Latte,204.84
2026-02-14,BL-260214-5006,Zomato,Masala Chai,81.63
2026-02-14,BL-260214-5006,Zomato,Veg Wrap,267.39
2026-02-15,BL-260215-5015,Swiggy,Espresso,150.07
2026-02-15,BL-260215-5015,Swiggy,Veg Wrap,545.16
2026-02-15,BL-260215-5018,Swiggy,Latte,205.37
2026-02-15,BL-260215-5018,Swiggy,Avocado Toast,581.9
2026-02-15,BL-260215-5020,Swiggy,Avocado Toast,568.74
2026-02-15,BL-260215-5024,Zomato,Croissant,246.7
2026-02-15,BL-260215-5026,Swiggy,Blueberry Muffin,141.1
2026-02-15,BL-260215-5027,Swiggy,Blueberry Muffin,141.95
2026-02-15,BL-260215-5027,Swiggy,Cappuccino,187.77
2026-02-15,BL-260215-5027,Swiggy,Blueberry Muffin,143.25
2026-02-15,BL-260215-5028,Swiggy,Espresso,152.15
2026-02-15,BL-260215-5028,Swiggy,Seasonal Special,367.16
2026-02-15,BL-260215-5029,Swiggy,Club Sandwich,326.97
2026-02-15,BL-260215-5029,Swiggy,Club Sandwich,334.23
2026-02-15,BL-260215-5030,Zomato,Espresso,154.29
2026-02-15,BL-260215-5030,Zomato,Blueberry Muffin,139.68
2026-02-15,BL-260215-5031,Swiggy,Veg Wrap,544.32
2026-02-15,BL-260215-5034,Swiggy,Espresso,149.93
2026-02-15,BL-260215-5036,Swiggy,Chocolate Brownie,164.84
2026-02-15,BL-260215-5037,Swiggy,Latte,200.19
2026-02-15,BL-260215-5037,Swiggy,Chocolate Brownie,161.86
2026-02-15,BL-260215-5038,Zomato,Veg Wrap,266.64
2026-02-15,BL-260215-5038,Zomato,Croissant,243.75
2026-02-15,BL-260215-5039,Zomato,Blueberry Muffin,146.03
2026-02-15,BL-260215-5039,Zomato,Seasonal Special,362.07
2026-02-15,BL-260215-5043,Zomato,Cold Brew,222.44
2026-02-15,BL-260215-5047,Zomato,Espresso,156.2
2026-02-15,BL-260215-5049,Zomato,Veg Wrap,262.22
2026-02-15,BL-260215-5052,Swiggy,Seasonal Special,360.97
2026-02-15,BL-260215-5052,Swiggy,Iced Latte,239.5
2026-02-15,BL-260215-5052,Swiggy,Espresso,153.63
2026-02-15,BL-260215-5054,Swiggy,Croissant,125.35
2026-02-15,BL-260215-5057,Zomato,Latte,203.9
2026-02-15,BL-260215-5058,Swiggy,Espresso,150.69
2026-02-15,BL-260215-5058,Swiggy,Veg Wrap,535.95
2026-02-15,BL-260215-5058,Swiggy,Avocado Toast,285.61
2026-02-15,BL-260215-5059,Zomato,Espresso,155.71
2026-02-15,BL-260215-5061,Zomato,Latte,399.77
2026-02-15,BL-260215-5068,Zomato,Croissant,125.73
2026-02-15,BL-260215-5069,Swiggy,Club Sandwich,321.48
2026-02-15,BL-260215-5069,Swiggy,Blueberry Muffin,290.79
2026-02-15,BL-260215-5069,Swiggy,Chocolate Brownie,160.13
2026-02-15,BL-260215-5070,Swiggy,Club Sandwich,324.38
2026-02-15,BL-260215-5071,Zomato,Club Sandwich,322.51
2026-02-15,BL-260215-5071,Zomato,Chocolate Brownie,166.22
2026-02-15,BL-260215-5072,Swiggy,Iced Latte,241.79
2026-02-15,BL-260215-5072,Swiggy,Club Sandwich,320.38
2026-02-15,BL-260215-5073,Swiggy,Veg Wrap,270.46
2026-02-15,BL-260215-5074,Zomato,Croissant,250.7
2026-02-15,BL-260215-5074,Zomato,Cappuccino,181.29
2026-02-15,BL-260215-5076,Zomato,Croissant,123.82
2026-02-15,BL-260215-5076,Zomato,Latte,206.65
2026-02-15,BL-260215-5086-R,Zomato,Cold Brew,220.61
2026-02-15,BL-260215-5086-R,Zomato,Club Sandwich,326.75
2026-02-15,BL-260215-5086-R,Zomato,Cappuccino,185.13
2026-02-15,BL-260215-5093,Zomato,Cold Brew,441.74
2026-02-15,BL-260215-5096,Swiggy,Blueberry Muffin,146.15
2026-02-15,BL-260215-5096,Swiggy,Club Sandwich,649.31
2026-02-15,BL-260215-5099,Zomato,Veg Wrap,272.32
2026-02-15,BL-260215-5104,Zomato,Iced Latte,249.15
2026-02-15,BL-260215-5104,Zomato,Chocolate Brownie,166.92
2026-02-15,BL-260215-5104,Zomato,Chocolate Brownie,331.32
2026-02-15,BL-260215-5106,Swiggy,Cold Brew,220.79
2026-02-15,BL-260215-5106,Swiggy,Cappuccino,183.89
2026-02-15,BL-260215-5106,Swiggy,Croissant,120.27
2026-02-15,BL-260215-5106,Swiggy,Cold Brew,229.18
2026-02-15,BL-260215-5108,Zomato,Veg Wrap,263.3
2026-02-15,BL-260215-5110,Swiggy,Espresso,156.07
2026-02-15,BL-260215-5110,Swiggy,Seasonal Special,349.56
2026-02-15,BL-260215-5110,Swiggy,Blueberry Muffin,143.27
2026-02-15,BL-260215-5114,Swiggy,Cold Brew,227.56
2026-02-15,BL-260215-5114,Swiggy,Club Sandwich,333.03
2026-02-15,BL-260215-5114,Swiggy,Espresso,155.11
2026-02-15,BL-260215-5115,Zomato,Espresso,154.47
2026-02-15,BL-260215-5118,Swiggy,Latte,203.74
2026-02-15,BL-260215-5120,Zomato,Avocado Toast,285.04
2026-02-15,BL-260215-5121,Swiggy,Club Sandwich,329.12
2026-02-15,BL-260215-5121,Swiggy,Chocolate Brownie,163.21
2026-02-15,BL-260215-5121,Swiggy,Chocolate Brownie,163.73
2026-02-15,BL-260215-5123,Zomato,Cold Brew,226.05
2026-02-15,BL-260215-5125,Swiggy,Club Sandwich,326.76
2026-02-15,BL-260215-5131,Swiggy,Latte,199.5
2026-02-15,BL-260215-5132,Zomato,Masala Chai,160.52
2026-02-15,BL-260215-5133,Zomato,Cold Brew,221.31
2026-02-15,BL-260215-5134,Zomato,Seasonal Special,365.78
2026-02-15,BL-260215-5134,Zomato,Chocolate Brownie,159.65
2026-02-15,BL-260215-5136,Swiggy,Espresso,150.71
2026-02-15,BL-260215-5136,Swiggy,Espresso,156.66
2026-02-15,BL-260215-5137,Swiggy,Avocado Toast,579.62
2026-02-16,BL-260216-5141,Zomato,Iced Latte,247.43
2026-02-16,BL-260216-5143,Swiggy,Cold Brew,226.4
2026-02-16,BL-260216-5145,Zomato,Seasonal Special,354.16
2026-02-16,BL-260216-5145,Zomato,Espresso,154.52
2026-02-16,BL-260216-5148,Zomato,Seasonal Special,364.14
2026-02-16,BL-260216-5149,Zomato,Cappuccino,186.75
2026-02-16,BL-260216-5149,Zomato,Chocolate Brownie,165.84
2026-02-16,BL-260216-5149,Zomato,Seasonal Special,361.94
2026-02-16,BL-260216-5150,Swiggy,Veg Wrap,539.74
2026-02-16,BL-260216-5151,Zomato,Cappuccino,186.11
2026-02-16,BL-260216-5151,Zomato,Iced Latte,239.67
2026-02-16,BL-260216-5155,Zomato,Seasonal Special,718.62
2026-02-16,BL-260216-5156,Zomato,Masala Chai,81.21
2026-02-16,BL-260216-5159,Zomato,Chocolate Brownie,166.97
2026-02-16,BL-260216-5159,Zomato,Blueberry Muffin,143.54
2026-02-16,BL-260216-5160,Swiggy,Blueberry Muffin,140.62
2026-02-16,BL-260216-5160,Swiggy,Seasonal Special,365.13
2026-02-16,BL-260216-5163,Swiggy,Seasonal Special,720.29
2026-02-16,BL-260216-5165,Zomato,Cappuccino,186.9
2026-02-16,BL-260216-5165,Zomato,Avocado Toast,280.5
2026-02-16,BL-260216-5167,Swiggy,Cold Brew,444.33
2026-02-16,BL-260216-5167,Swiggy,Iced Latte,244.11
2026-02-16,BL-260216-5168,Zomato,Veg Wrap,263.41
2026-02-16,BL-260216-5168,Zomato,Masala Chai,165.29
2026-02-16,BL-260216-5168,Zomato,Club Sandwich,324.71
2026-02-16,BL-260216-5186,Zomato,Espresso,149.65
2026-02-16,BL-260216-5186,Zomato,Veg Wrap,533.21
2026-02-16,BL-260216-5186,Zomato,Cold Brew,221.78
2026-02-16,BL-260216-5188,Zomato,Veg Wrap,533.57
2026-02-16,BL-260216-5189,Swiggy,Chocolate Brownie,165.23
2026-02-16,BL-260216-5189,Swiggy,Cold Brew,226.15
2026-02-16,BL-260216-5189,Swiggy,Veg Wrap,260.49
2026-02-16,BL-260216-5192,Zomato,Espresso,150.18
2026-02-16,BL-260216-5195,Swiggy,Chocolate Brownie,163.83
2026-02-16,BL-260216-5197,Swiggy,Club Sandwich,329.38
2026-02-16,BL-260216-5197,Swiggy,Seasonal Special,364.12
2026-02-16,BL-260216-5198,Zomato,Club Sandwich,321.54
2026-02-16,BL-260216-5198,Zomato,Veg Wrap,268.44
2026-02-16,BL-260216-5206,Zomato,Espresso,155.87
2026-02-16,BL-260216-5206,Zomato,Croissant,125.12
2026-02-16,BL-260216-5215,Swiggy,Espresso,153.3
2026-02-16,BL-260216-5215,Swiggy,Seasonal Special,365.36
2026-02-16,BL-260216-5216,Zomato,Cappuccino,363.9
2026-02-16,BL-260216-5216,Zomato,Masala Chai,79.91
2026-02-16,BL-260216-5217,Swiggy,Iced Latte,246.42
2026-02-16,BL-260216-5217,Swiggy,Club Sandwich,324.25
2026-02-16,BL-260216-5218,Swiggy,Croissant,121.78
2026-02-16,BL-260216-5219,Swiggy,Veg Wrap,533.45
2026-02-16,BL-260216-5221,Swiggy,Seasonal Special,349.37
2026-02-16,BL-260216-5221,Swiggy,Seasonal Special,351.4
2026-02-16,BL-260216-5221,Swiggy,Latte,201.92
2026-02-16,BL-260216-5229,Zomato,Veg Wrap,271.39
2026-02-16,BL-260216-5229,Zomato,Espresso,156.13
2026-02-16,BL-260216-5232,Swiggy,Iced Latte,250.41
2026-02-16,BL-260216-5234,Zomato,Avocado Toast,280.76
2026-02-16,BL-260216-5236,Swiggy,Espresso,154.85
2026-02-16,BL-260216-5236,Swiggy,Espresso,150.39
2026-02-16,BL-260216-5237,Zomato,Chocolate Brownie,335.29
2026-02-16,BL-260216-5237,Zomato,Seasonal Special,353.04
2026-02-16,BL-260216-5241,Zomato,Cold Brew,223.0
2026-02-16,BL-260216-5241,Zomato,Cappuccino,180.77
2026-02-16,BL-260216-5241,Zomato,Seasonal Special,349.16
2026-02-16,BL-260216-5245,Zomato,Latte,399.96
2026-02-16,BL-260216-5245,Zomato,Iced Latte,250.37
2026-02-16,BL-260216-5245,Zomato,Latte,201.23
2026-02-16,BL-260216-5245,Zomato,Blueberry Muffin,143.09
2026-02-16,BL-260216-5247,Zomato,Club Sandwich,326.41
2026-02-16,BL-260216-5247,Zomato,Iced Latte,248.54
2026-02-17,BL-260217-5248,Swiggy,Croissant,124.56
2026-02-17,BL-260217-5253,Zomato,Blueberry Muffin,146.24
2026-02-17,BL-260217-5253,Zomato,Latte,208.11
2026-02-17,BL-260217-5253,Zomato,Masala Chai,82.24
2026-02-17,BL-260217-5253,Zomato,Iced Latte,248.0
2026-02-17,BL-260217-5256,Zomato,Espresso,150.4
2026-02-17,BL-260217-5256,Zomato,Chocolate Brownie,160.25
2026-02-17,BL-260217-5258,Swiggy,Iced Latte,242.72
2026-02-17,BL-260217-5261,Zomato,Club Sandwich,323.95
2026-02-17,BL-260217-5261,Zomato,Iced Latte,249.29
2026-02-17,BL-260217-5263,Zomato,Chocolate Brownie,323.66
2026-02-17,BL-260217-5264,Zomato,Croissant,125.84
2026-02-17,BL-260217-5264,Zomato,Club Sandwich,323.81
2026-02-17,BL-260217-5267,Zomato,Seasonal Special,363.45
2026-02-17,BL-260217-5267,Zomato,Masala Chai,165.34
2026-02-17,BL-260217-5267,Zomato,Seasonal Special,358.84
2026-02-17,BL-260217-5268,Swiggy,Club Sandwich,330.34
2026-02-17,BL-260217-5268,Swiggy,Iced Latte,240.14
2026-02-17,BL-260217-5270,Zomato,Chocolate Brownie,164.1
2026-02-17,BL-260217-5271,Swiggy,Cappuccino,182.07
2026-02-17,BL-260217-5271,Swiggy,Veg Wrap,265.21
2026-02-17,BL-260217-5278,Swiggy,Cold Brew,224.1
2026-02-17,BL-260217-5278,Swiggy,Blueberry Muffin,141.23
2026-02-17,BL-260217-5280,Zomato,Veg Wrap,266.06
2026-02-17,BL-260217-5280,Zomato,Iced Latte,243.04
2026-02-17,BL-260217-5281,Swiggy,Espresso,155.08
2026-02-17,BL-260217-5281,Swiggy,Iced Latte,249.3
2026-02-17,BL-260217-5283,Swiggy,Latte,203.91
2026-02-17,BL-260217-5284,Swiggy,Masala Chai,83.79
2026-02-17,BL-260217-5284,Swiggy,Cold Brew,225.19
2026-02-17,BL-260217-5284,Swiggy,Veg Wrap,266.47
2026-02-17,BL-260217-5287,Zomato,Cappuccino,186.6
2026-02-17,BL-260217-5289,Swiggy,Espresso,153.07
2026-02-17,BL-260217-5289,Swiggy,Cold Brew,221.1
2026-02-17,BL-260217-5289,Swiggy,Latte,203.36
2026-02-17,BL-260217-5290,Swiggy,Club Sandwich,333.22
2026-02-17,BL-260217-5290,Swiggy,Iced Latte,241.6
2026-02-17,BL-260217-5293,Zomato,Cold Brew,222.12
2026-02-17,BL-260217-5294,Zomato,Avocado Toast,571.66
2026-02-17,BL-260217-5294,Zomato,Avocado Toast,570.37
2026-02-17,BL-260217-5296,Zomato,Chocolate Brownie,167.08
2026-02-17,BL-260217-5298,Zomato,Blueberry Muffin,145.51
2026-02-17,BL-260217-5298,Zomato,Seasonal Special,358.79
2026-02-17,BL-260217-5299,Swiggy,Chocolate Brownie,166.55
2026-02-17,BL-260217-5302,Swiggy,Masala Chai,83.46
2026-02-17,BL-260217-5302,Swiggy,Veg Wrap,272.2
2026-02-17,BL-260217-5304-R,Zomato,Club Sandwich,320.96
2026-02-17,BL-260217-5304-R,Zomato,Club Sandwich,332.57
2026-02-17,BL-260217-5305,Swiggy,Masala Chai,80.79
2026-02-17,BL-260217-5306,Zomato,Seasonal Special,358.1
2026-02-17,BL-260217-5306,Zomato,Espresso,153.88
2026-02-17,BL-260217-5306,Zomato,Avocado Toast,285.14
2026-02-17,BL-260217-5309,Swiggy,Chocolate Brownie,165.68
2026-02-17,BL-260217-5309,Swiggy,Espresso,154.24
2026-02-17,BL-260217-5310,Swiggy,Masala Chai,80.99
2026-02-17,BL-260217-5310,Swiggy,Chocolate Brownie,159.86
2026-02-17,BL-260217-5312,Zomato,Blueberry Muffin,146.42
2026-02-17,BL-260217-5314,Zomato,Club Sandwich,326.87
2026-02-17,BL-260217-5314,Zomato,Seasonal Special,358.35
2026-02-17,BL-260217-5318,Swiggy,Iced Latte,247.53
2026-02-17,BL-260217-5318,Swiggy,Chocolate Brownie,162.25
2026-02-17,BL-260217-5319,Swiggy,Latte,201.99
2026-02-17,BL-260217-5321,Swiggy,Masala Chai,81.05
2026-02-17,BL-260217-5324,Swiggy,Espresso,153.19
2026-02-17,BL-260217-5324,Swiggy,Iced Latte,248.0
2026-02-17,BL-260217-5332,Swiggy,Iced Latte,247.75
2026-02-17,BL-260217-5333,Zomato,Blueberry Muffin,144.69
2026-02-17,BL-260217-5335,Zomato,Cold Brew,230.24
2026-02-17,BL-260217-5337,Swiggy,Blueberry Muffin,144.68
2026-02-17,BL-260217-5337,Swiggy,Veg Wrap,266.83
2026-02-17,BL-260217-5338,Swiggy,Latte,205.08
2026-02-17,BL-260217-5341,Zomato,Iced Latte,248.75
2026-02-17,BL-260217-5341,Zomato,Masala Chai,81.22
2026-02-17,BL-260217-5343,Zomato,Avocado Toast,282.31
2026-02-17,BL-260217-5343,Zomato,Seasonal Special,351.15
2026-02-17,BL-260217-5343,Zomato,Cold Brew,458.13
2026-02-17,BL-260217-5344,Swiggy,Latte,404.17
2026-02-17,BL-260217-5345,Zomato,Veg Wrap,272.13
2026-02-17,BL-260217-5350,Swiggy,Croissant,124.29
2026-02-17,BL-260217-5350,Swiggy,Cold Brew,455.58
2026-02-17,BL-260217-5353,Swiggy,Chocolate Brownie,164.59
2026-02-17,BL-260217-5354-R,Swiggy,Seasonal Special,719.12
2026-02-17,BL-260217-5355,Swiggy,Club Sandwich,328.43
2026-02-17,BL-260217-5355,Swiggy,Latte,200.68
2026-02-18,BL-260218-5357,Swiggy,Croissant,125.29
2026-02-18,BL-260218-5357,Swiggy,Blueberry Muffin,143.85
2026-02-18,BL-260218-5357,Swiggy,Chocolate Brownie,164.83
2026-02-18,BL-260218-5357,Swiggy,Veg Wrap,265.33
2026-02-18,BL-260218-5359,Zomato,Iced Latte,248.35
2026-02-18,BL-260218-5359,Zomato,Cold Brew,224.39
2026-02-18,BL-260218-5362,Swiggy,Cappuccino,188.36
2026-02-18,BL-260218-5365,Zomato,Cold Brew,224.17
2026-02-18,BL-260218-5369,Swiggy,Iced Latte,500.66
2026-02-18,BL-260218-5371,Zomato,Club Sandwich,323.84
2026-02-18,BL-260218-5374,Zomato,Latte,410.76
2026-02-18,BL-260218-5374,Zomato,Veg Wrap,267.79
2026-02-18,BL-260218-5377,Zomato,Latte,205.41
2026-02-18,BL-260218-5377,Zomato,Chocolate Brownie,166.79
2026-02-18,BL-260218-5377,Zomato,Avocado Toast,282.87
2026-02-18,BL-260218-5380,Zomato,Iced Latte,248.12
2026-02-18,BL-260218-5380,Zomato,Club Sandwich,328.14
2026-02-18,BL-260218-5381,Zomato,Veg Wrap,272.73
2026-02-18,BL-260218-5381,Zomato,Avocado Toast,291.03
2026-02-18,BL-260218-5384,Zomato,Club Sandwich,335.27
2026-02-18,BL-260218-5384,Zomato,Masala Chai,81.83
2026-02-18,BL-260218-5384,Zomato,Masala Chai,80.33
2026-02-18,BL-260218-5385,Swiggy,Seasonal Special,365.25
2026-02-18,BL-260218-5391,Zomato,Blueberry Muffin,140.78
2026-02-18,BL-260218-5391,Zomato,Croissant,121.65
2026-02-18,BL-260218-5396,Zomato,Cappuccino,182.58
2026-02-18,BL-260218-5396,Zomato,Blueberry Muffin,143.57
2026-02-18,BL-260218-5396,Zomato,Club Sandwich,320.0
2026-02-18,BL-260218-5402,Zomato,Cold Brew,446.0
2026-02-18,BL-260218-5402,Zomato,Avocado Toast,574.49
2026-02-18,BL-260218-5402,Zomato,Masala Chai,81.54
2026-02-18,BL-260218-5403,Zomato,Cold Brew,228.34
2026-02-18,BL-260218-5403,Zomato,Avocado Toast,563.23
2026-02-18,BL-260218-5404,Swiggy,Cappuccino,185.21
2026-02-18,BL-260218-5404,Swiggy,Cappuccino,182.85
2026-02-18,BL-260218-5408,Swiggy,Iced Latte,481.44
2026-02-18,BL-260218-5408,Swiggy,Avocado Toast,290.43
2026-02-18,BL-260218-5409,Zomato,Cappuccino,185.69
2026-02-18,BL-260218-5409,Zomato,Cold Brew,229.78
2026-02-18,BL-260218-5412,Swiggy,Chocolate Brownie,327.69
2026-02-18,BL-260218-5412,Swiggy,Masala Chai,82.43
2026-02-18,BL-260218-5412,Swiggy,Cold Brew,219.85
2026-02-18,BL-260218-5414,Zomato,Cappuccino,185.86
2026-02-18,BL-260218-5415,Swiggy,Avocado Toast,283.11
2026-02-18,BL-260218-5415,Swiggy,Blueberry Muffin,142.72
2026-02-18,BL-260218-5418,Zomato,Iced Latte,247.22
2026-02-18,BL-260218-5418,Zomato,Masala Chai,82.4
2026-02-18,BL-260218-5418,Zomato,Chocolate Brownie,166.4
2026-02-18,BL-260218-5426,Swiggy,Veg Wrap,272.25
2026-02-18,BL-260218-5429,Zomato,Masala Chai,167.73
2026-02-18,BL-260218-5429,Zomato,Croissant,123.31
2026-02-18,BL-260218-5430,Zomato,Club Sandwich,329.7
2026-02-18,BL-260218-5430,Zomato,Blueberry Muffin,145.62
2026-02-18,BL-260218-5430,Zomato,Croissant,120.65
2026-02-18,BL-260218-5431,Zomato,Iced Latte,250.4
2026-02-18,BL-260218-5431,Zomato,Veg Wrap,272.75
2026-02-18,BL-260218-5431,Zomato,Avocado Toast,570.29
2026-02-18,BL-260218-5435,Swiggy,Avocado Toast,293.5
2026-02-18,BL-260218-5436,Zomato,Croissant,119.78
2026-02-18,BL-260218-5438,Swiggy,Club Sandwich,321.84
2026-02-18,BL-260218-5439,Swiggy,Avocado Toast,286.91
2026-02-18,BL-260218-5440,Zomato,Latte,202.44
2026-02-18,BL-260218-5440,Zomato,Chocolate Brownie,164.11
2026-02-18,BL-260218-5441,Swiggy,Cappuccino,187.14
2026-02-18,BL-260218-5441,Swiggy,Blueberry Muffin,286.01
2026-02-18,BL-260218-5441,Swiggy,Avocado Toast,288.78
2026-02-19,BL-260219-5448,Zomato,Latte,207.78
2026-02-19,BL-260219-5448,Zomato,Masala Chai,83.32
2026-02-19,BL-260219-5451,Swiggy,Blueberry Muffin,143.1
2026-02-19,BL-260219-5452,Swiggy,Iced Latte,239.88
2026-02-19,BL-260219-5456,Zomato,Iced Latte,244.46
2026-02-19,BL-260219-5456,Zomato,Avocado Toast,290.68
2026-02-19,BL-260219-5457,Zomato,Cold Brew,223.52
2026-02-19,BL-260219-5457,Zomato,Cold Brew,229.19
2026-02-19,BL-260219-5458,Zomato,Veg Wrap,527.79
2026-02-19,BL-260219-5458,Zomato,Croissant,121.87
2026-02-19,BL-260219-5461,Swiggy,Croissant,122.45
2026-02-19,BL-260219-5461,Swiggy,Chocolate Brownie,163.67
2026-02-19,BL-260219-5466,Zomato,Avocado Toast,287.16
2026-02-19,BL-260219-5468,Swiggy,Croissant,124.46
2026-02-19,BL-260219-5468,Swiggy,Croissant,119.8
2026-02-19,BL-260219-5470,Swiggy,Croissant,123.56
2026-02-19,BL-260219-5470,Swiggy,Chocolate Brownie,160.12
2026-02-19,BL-260219-5470,Swiggy,Club Sandwich,327.21
2026-02-19,BL-260219-5472,Zomato,Chocolate Brownie,163.94
2026-02-19,BL-260219-5472,Zomato,Club Sandwich,330.63
2026-02-19,BL-260219-5475,Swiggy,Blueberry Muffin,142.0
2026-02-19,BL-260219-5475,Swiggy,Blueberry Muffin,142.11
2026-02-19,BL-260219-5477,Swiggy,Espresso,157.38
2026-02-19,BL-260219-5477,Swiggy,Avocado Toast,283.52
2026-02-19,BL-260219-5478,Swiggy,Veg Wrap,266.51
2026-02-19,BL-260219-5479,Swiggy,Iced Latte,241.9
2026-02-19,BL-260219-5481,Swiggy,Espresso,150.44
2026-02-19,BL-260219-5481,Swiggy,Masala Chai,83.54
2026-02-19,BL-260219-5481,Swiggy,Veg Wrap,544.74
2026-02-19,BL-260219-5482,Zomato,Espresso,301.89
2026-02-19,BL-260219-5482,Zomato,Cold Brew,225.95
2026-02-19,BL-260219-5483,Swiggy,Chocolate Brownie,331.45
2026-02-19,BL-260219-5487,Swiggy,Cappuccino,188.32
2026-02-19,BL-260219-5487,Swiggy,Club Sandwich,653.99
2026-02-19,BL-260219-5489,Zomato,Espresso,307.65
2026-02-19,BL-260219-5489,Zomato,Veg Wrap,529.07
2026-02-19,BL-260219-5490,Swiggy,Seasonal Special,351.55
2026-02-19,BL-260219-5490,Swiggy,Chocolate Brownie,165.72
2026-02-19,BL-260219-5492,Zomato,Cappuccino,376.02
2026-02-19,BL-260219-5492,Zomato,Club Sandwich,331.82
2026-02-19,BL-260219-5492,Zomato,Cappuccino,188.65
2026-02-19,BL-260219-5493,Swiggy,Cappuccino,180.32
2026-02-19,BL-260219-5496,Swiggy,Iced Latte,251.31
2026-02-19,BL-260219-5498,Swiggy,Espresso,149.71
2026-02-19,BL-260219-5498,Swiggy,Club Sandwich,321.0
2026-02-19,BL-260219-5505,Zomato,Avocado Toast,567.86
2026-02-19,BL-260219-5506,Swiggy,Latte,401.95
2026-02-19,BL-260219-5506,Swiggy,Chocolate Brownie,164.19
2026-02-19,BL-260219-5507,Swiggy,Croissant,122.12
2026-02-19,BL-260219-5507,Swiggy,Avocado Toast,281.91
2026-02-19,BL-260219-5507,Swiggy,Latte,201.8
2026-02-19,BL-260219-5509,Swiggy,Masala Chai,81.95
2026-02-19,BL-260219-5509,Swiggy,Seasonal Special,720.17
2026-02-19,BL-260219-5519,Swiggy,Cappuccino,188.86
2026-02-19,BL-260219-5520,Swiggy,Avocado Toast,286.29
2026-02-19,BL-260219-5520,Swiggy,Avocado Toast,290.06
2026-02-19,BL-260219-5520,Swiggy,Avocado Toast,280.78
2026-02-19,BL-260219-5521,Swiggy,Cappuccino,181.71
2026-02-19,BL-260219-5521,Swiggy,Croissant,121.89
2026-02-19,BL-260219-5522,Swiggy,Veg Wrap,268.81
2026-02-19,BL-260219-5522,Swiggy,Cappuccino,180.57
2026-02-19,BL-260219-5526,Zomato,Seasonal Special,354.15
2026-02-19,BL-260219-5526,Zomato,Masala Chai,83.93
2026-02-19,BL-260219-5527,Zomato,Club Sandwich,323.07
2026-02-19,BL-260219-5527,Zomato,Cappuccino,183.07
2026-02-19,BL-260219-5527,Zomato,Seasonal Special,726.5
2026-02-19,BL-260219-5531,Zomato,Croissant,124.7
2026-02-19,BL-260219-5531,Zomato,Espresso,306.06
2026-02-19,BL-260219-5532,Swiggy,Croissant,122.75
2026-02-19,BL-260219-5539,Zomato,Croissant,125.21
2026-02-19,BL-260219-5540,Zomato,Masala Chai,83.75
2026-02-19,BL-260219-5540,Zomato,Blueberry Muffin,145.22
2026-02-19,BL-260219-5542,Zomato,Latte,204.55
2026-02-19,BL-260219-5543,Zomato,Cappuccino,179.64
2026-02-19,BL-260219-5545,Zomato,Latte,206.88
2026-02-19,BL-260219-5545,Zomato,Seasonal Special,358.28
2026-02-19,BL-260219-5545,Zomato,Chocolate Brownie,330.47
2026-02-19,BL-260219-5546,Zomato,Espresso,152.26
2026-02-19,BL-260219-5546,Zomato,Iced Latte,243.29
2026-02-19,BL-260219-5546,Zomato,Avocado Toast,288.77
2026-02-19,BL-260219-5548,Zomato,Latte,204.59
2026-02-19,BL-260219-5548,Zomato,Iced Latte,243.33
2026-02-19,BL-260219-5548,Zomato,Blueberry Muffin,145.89
2026-02-19,BL-260219-5550,Swiggy,Seasonal Special,366.39
2026-02-19,BL-260219-5550,Swiggy,Chocolate Brownie,161.33
2026-02-20,BL-260220-5551,Swiggy,Avocado Toast,290.42
2026-02-20,BL-260220-5551,Swiggy,Latte,200.99
2026-02-20,BL-260220-5553,Swiggy,Latte,202.7
2026-02-20,BL-260220-5553,Swiggy,Iced Latte,244.82
2026-02-20,BL-260220-5560,Zomato,Iced Latte,241.74
2026-02-20,BL-260220-5560,Zomato,Iced Latte,240.03
2026-02-20,BL-260220-5567,Swiggy,Club Sandwich,332.66
2026-02-20,BL-260220-5567,Swiggy,Avocado Toast,583.56
2026-02-20,BL-260220-5567,Swiggy,Latte,201.72
2026-02-20,BL-260220-5568,Zomato,Blueberry Muffin,140.55
2026-02-20,BL-260220-5576,Swiggy,Cappuccino,185.27
2026-02-20,BL-260220-5576,Swiggy,Avocado Toast,291.62
2026-02-20,BL-260220-5576,Swiggy,Latte,207.04
2026-02-20,BL-260220-5577,Swiggy,Avocado Toast,280.65
2026-02-20,BL-260220-5577,Swiggy,Latte,413.4
2026-02-20,BL-260220-5578,Swiggy,Iced Latte,244.27
2026-02-20,BL-260220-5578,Swiggy,Espresso,302.51
2026-02-20,BL-260220-5579,Zomato,Latte,206.08
2026-02-20,BL-260220-5579,Zomato,Club Sandwich,324.14
2026-02-20,BL-260220-5581,Swiggy,Cappuccino,185.93
2026-02-20,BL-260220-5581,Swiggy,Latte,208.77
2026-02-20,BL-260220-5584,Zomato,Iced Latte,239.84
2026-02-20,BL-260220-5584,Zomato,Latte,200.31
2026-02-20,BL-260220-5587,Swiggy,Seasonal Special,359.43
2026-02-20,BL-260220-5587,Swiggy,Masala Chai,80.62
2026-02-20,BL-260220-5587,Swiggy,Seasonal Special,358.74
2026-02-20,BL-260220-5588,Zomato,Club Sandwich,327.79
2026-02-20,BL-260220-5588,Zomato,Latte,204.47
2026-02-20,BL-260220-5590,Zomato,Veg Wrap,261.88
2026-02-20,BL-260220-5592,Zomato,Cold Brew,228.87
2026-02-20,BL-260220-5593,Zomato,Veg Wrap,260.5
2026-02-20,BL-260220-5594,Swiggy,Latte,205.69
2026-02-20,BL-260220-5594,Swiggy,Veg Wrap,271.06
2026-02-20,BL-260220-5595,Zomato,Croissant,120.72
2026-02-20,BL-260220-5595,Zomato,Espresso,299.76
2026-02-20,BL-260220-5595,Zomato,Veg Wrap,260.41
2026-02-20,BL-260220-5597,Swiggy,Croissant,125.62
2026-02-20,BL-260220-5600,Swiggy,Avocado Toast,279.3
2026-02-20,BL-260220-5606,Zomato,Latte,414.65
2026-02-20,BL-260220-5608,Zomato,Masala Chai,80.26
2026-02-20,BL-260220-5608,Zomato,Avocado Toast,288.64
2026-02-20,BL-260220-5609,Zomato,Croissant,120.36
2026-02-20,BL-260220-5610,Zomato,Espresso,310.58
2026-02-20,BL-260220-5613,Swiggy,Seasonal Special,358.65
2026-02-20,BL-260220-5613,Swiggy,Seasonal Special,361.7
2026-02-20,BL-260220-5615,Zomato,Croissant,243.42
2026-02-20,BL-260220-5615,Zomato,Avocado Toast,566.37
2026-02-20,BL-260220-5615,Zomato,Club Sandwich,323.38
2026-02-20,BL-260220-5618,Zomato,Avocado Toast,291.0
2026-02-20,BL-260220-5622,Zomato,Croissant,122.99
2026-02-20,BL-260220-5622,Zomato,Seasonal Special,349.65
2026-02-20,BL-260220-5626,Swiggy,Latte,203.35
2026-02-20,BL-260220-5626,Swiggy,Iced Latte,244.69
2026-02-20,BL-260220-5632,Swiggy,Iced Latte,251.02
2026-02-20,BL-260220-5632,Swiggy,Masala Chai,80.57
2026-02-20,BL-260220-5633,Swiggy,Iced Latte,248.27
2026-02-20,BL-260220-5635,Zomato,Veg Wrap,262.17
2026-02-20,BL-260220-5635,Zomato,Blueberry Muffin,145.08
2026-02-20,BL-260220-5635,Zomato,Blueberry Muffin,143.97
2026-02-20,BL-260220-5636,Swiggy,Masala Chai,80.88
2026-02-20,BL-260220-5639,Swiggy,Cappuccino,181.42
2026-02-20,BL-260220-5640,Swiggy,Seasonal Special,715.62
2026-02-20,BL-260220-5640,Swiggy,Croissant,122.95
2026-02-20,BL-260220-5642,Zomato,Cappuccino,187.28
2026-02-20,BL-260220-5643,Zomato,Club Sandwich,326.28
2026-02-20,BL-260220-5644,Swiggy,Iced Latte,484.31
2026-02-20,BL-260220-5647,Swiggy,Seasonal Special,353.37
2026-02-20,BL-260220-5647,Swiggy,Avocado Toast,571.18
2026-02-20,BL-260220-5650-R,Swiggy,Iced Latte,249.05
2026-02-20,BL-260220-5650-R,Swiggy,Masala Chai,82.74
2026-02-20,BL-260220-5653,Swiggy,Veg Wrap,259.45
2026-02-20,BL-260220-5653,Swiggy,Masala Chai,82.41
2026-02-20,BL-260220-5653,Swiggy,Latte,419.48
2026-02-20,BL-260220-5655,Zomato,Avocado Toast,292.72
2026-02-20,BL-260220-5655,Zomato,Seasonal Special,354.09
2026-02-20,BL-260220-5658,Zomato,Veg Wrap,271.66
2026-02-20,BL-260220-5658,Zomato,Iced Latte,482.42
2026-02-20,BL-260220-5658,Zomato,Club Sandwich,329.11
2026-02-20,BL-260220-5659,Swiggy,Blueberry Muffin,146.67
2026-02-20,BL-260220-5659,Swiggy,Masala Chai,83.75
2026-02-20,BL-260220-5662,Swiggy,Latte,202.47
2026-02-20,BL-260220-5664,Zomato,Seasonal Special,350.53
2026-02-20,BL-260220-5664,Zomato,Latte,419.73
2026-02-20,BL-260220-5664,Zomato,Blueberry Muffin,143.82
2026-02-20,BL-260220-5665,Zomato,Iced Latte,247.52
2026-02-20,BL-260220-5665,Zomato,Seasonal Special,366.74
2026-02-21,BL-260221-5669,Swiggy,Avocado Toast,287.8
2026-02-21,BL-260221-5669,Swiggy,Masala Chai,80.3
2026-02-21,BL-260221-5669,Swiggy,Seasonal Special,722.76
2026-02-21,BL-260221-5671,Swiggy,Blueberry Muffin,145.42
2026-02-21,BL-260221-5671,Swiggy,Chocolate Brownie,165.03
2026-02-21,BL-260221-5673,Zomato,Croissant,120.29
2026-02-21,BL-260221-5676,Swiggy,Avocado Toast,288.58
2026-02-21,BL-260221-5676,Swiggy,Club Sandwich,326.74
2026-02-21,BL-260221-5682,Swiggy,Latte,411.69
2026-02-21,BL-260221-5682,Swiggy,Avocado Toast,285.91
2026-02-21,BL-260221-5686,Zomato,Chocolate Brownie,164.67
2026-02-21,BL-260221-5686,Zomato,Masala Chai,160.12
2026-02-21,BL-260221-5686,Zomato,Cappuccino,183.38
2026-02-21,BL-260221-5687,Zomato,Veg Wrap,520.8
2026-02-21,BL-260221-5688,Swiggy,Croissant,121.76
2026-02-21,BL-260221-5692,Zomato,Masala Chai,83.83
2026-02-21,BL-260221-5694,Zomato,Veg Wrap,262.67
2026-02-21,BL-260221-5694,Zomato,Espresso,151.84
2026-02-21,BL-260221-5695,Swiggy,Club Sandwich,320.17
2026-02-21,BL-260221-5695,Swiggy,Masala Chai,82.11
2026-02-21,BL-260221-5697,Swiggy,Chocolate Brownie,167.7
2026-02-21,BL-260221-5698,Swiggy,Veg Wrap,539.01
2026-02-21,BL-260221-5698,Swiggy,Cold Brew,227.36
2026-02-21,BL-260221-5704,Swiggy,Seasonal Special,361.01
2026-02-21,BL-260221-5705,Zomato,Seasonal Special,361.48
2026-02-21,BL-260221-5706,Swiggy,Chocolate Brownie,160.86
2026-02-21,BL-260221-5706,Swiggy,Blueberry Muffin,143.06
2026-02-21,BL-260221-5708,Swiggy,Blueberry Muffin,285.18
2026-02-21,BL-260221-5708,Swiggy,Espresso,153.8
2026-02-21,BL-260221-5709,Swiggy,Espresso,155.7
2026-02-21,BL-260221-5713,Swiggy,Chocolate Brownie,162.53
2026-02-21,BL-260221-5713,Swiggy,Iced Latte,484.1
2026-02-21,BL-260221-5717,Zomato,Iced Latte,242.58
2026-02-21,BL-260221-5721,Zomato,Blueberry Muffin,145.08
2026-02-21,BL-260221-5721,Zomato,Croissant,249.78
2026-02-21,BL-260221-5722,Swiggy,Club Sandwich,319.28
2026-02-21,BL-260221-5722,Swiggy,Veg Wrap,265.64
2026-02-21,BL-260221-5723,Swiggy,Cappuccino,187.67
2026-02-21,BL-260221-5731,Swiggy,Avocado Toast,284.88
2026-02-21,BL-260221-5733,Zomato,Seasonal Special,709.94
2026-02-21,BL-260221-5735,Zomato,Blueberry Muffin,141.13
2026-02-21,BL-260221-5739,Zomato,Masala Chai,167.86
2026-02-21,BL-260221-5741,Swiggy,Chocolate Brownie,159.89
2026-02-21,BL-260221-5741,Swiggy,Club Sandwich,324.78
2026-02-21,BL-260221-5745,Swiggy,Chocolate Brownie,160.11
2026-02-21,BL-260221-5745,Swiggy,Veg Wrap,543.75
2026-02-21,BL-260221-5749,Zomato,Latte,200.79
2026-02-21,BL-260221-5749,Zomato,Cappuccino,185.02
2026-02-21,BL-260221-5749,Zomato,Avocado Toast,582.69
2026-02-21,BL-260221-5749,Zomato,Espresso,153.82
2026-02-21,BL-260221-5752,Swiggy,Chocolate Brownie,160.84
2026-02-21,BL-260221-5752,Swiggy,Cappuccino,187.79
2026-02-21,BL-260221-5753,Swiggy,Latte,208.86
2026-02-21,BL-260221-5753,Swiggy,Chocolate Brownie,164.53
2026-02-21,BL-260221-5754,Swiggy,Blueberry Muffin,140.13
2026-02-21,BL-260221-5755,Swiggy,Latte,209.61
2026-02-21,BL-260221-5755,Swiggy,Iced Latte,248.96
2026-02-21,BL-260221-5756,Zomato,Avocado Toast,287.31
2026-02-21,BL-260221-5756,Zomato,Seasonal Special,720.22
2026-02-21,BL-260221-5757,Zomato,Espresso,153.6
2026-02-21,BL-260221-5758,Zomato,Blueberry Muffin,289.5
2026-02-21,BL-260221-5759,Swiggy,Blueberry Muffin,141.8
2026-02-21,BL-260221-5759,Swiggy,Iced Latte,239.91
2026-02-21,BL-260221-5762,Zomato,Croissant,124.02
2026-02-21,BL-260221-5762,Zomato,Blueberry Muffin,143.19
2026-02-21,BL-260221-5762,Zomato,Latte,203.37
2026-02-21,BL-260221-5766,Swiggy,Chocolate Brownie,166.54
2026-02-21,BL-260221-5766,Swiggy,Blueberry Muffin,287.35
2026-02-21,BL-260221-5767,Swiggy,Latte,204.78
2026-02-21,BL-260221-5767,Swiggy,Iced Latte,240.96
2026-02-21,BL-260221-5768,Swiggy,Croissant,122.79
2026-02-21,BL-260221-5768,Swiggy,Cold Brew,230.12
2026-02-21,BL-260221-5773,Zomato,Iced Latte,244.75
2026-02-21,BL-260221-5773,Zomato,Avocado Toast,282.22
2026-02-21,BL-260221-5773,Zomato,Latte,201.26
2026-02-21,BL-260221-5778,Zomato,Blueberry Muffin,146.53
2026-02-21,BL-260221-5778,Zomato,Cappuccino,181.3
2026-02-21,BL-260221-5779,Zomato,Cold Brew,441.41
2026-02-21,BL-260221-5780,Zomato,Espresso,154.51
2026-02-21,BL-260221-5780,Zomato,Cappuccino,186.74
2026-02-21,BL-260221-5781,Swiggy,Seasonal Special,356.19
2026-02-21,BL-260221-5781,Swiggy,Veg Wrap,260.44
2026-02-21,BL-260221-5782,Swiggy,Masala Chai,83.57
2026-02-21,BL-260221-5782,Swiggy,Avocado Toast,559.56
2026-02-21,BL-260221-5782,Swiggy,Croissant,120.82
2026-02-21,BL-260221-5783,Swiggy,Veg Wrap,272.66
2026-02-21,BL-260221-5784,Swiggy,Seasonal Special,367.36
2026-02-21,BL-260221-5784,Swiggy,Latte,204.37
2026-02-21,BL-260221-5784,Swiggy,Cappuccino,183.88
2026-02-21,BL-260221-5787,Zomato,Blueberry Muffin,281.63
2026-02-22,BL-260222-5790,Zomato,Masala Chai,83.92
2026-02-22,BL-260222-5790,Zomato,Iced Latte,496.13
2026-02-22,BL-260222-5791,Swiggy,Club Sandwich,329.05
2026-02-22,BL-260222-5794,Zomato,Espresso,312.41
2026-02-22,BL-260222-5794,Zomato,Iced Latte,240.63
2026-02-22,BL-260222-5794,Zomato,Club Sandwich,324.97
2026-02-22,BL-260222-5796,Zomato,Club Sandwich,323.17
2026-02-22,BL-260222-5796,Zomato,Veg Wrap,264.13
2026-02-22,BL-260222-5797,Swiggy,Cappuccino,181.96
2026-02-22,BL-260222-5798,Zomato,Croissant,242.29
2026-02-22,BL-260222-5798,Zomato,Avocado Toast,280.77
2026-02-22,BL-260222-5799,Swiggy,Avocado Toast,279.53
2026-02-22,BL-260222-5799,Swiggy,Club Sandwich,335.23
2026-02-22,BL-260222-5799,Swiggy,Croissant,120.43
2026-02-22,BL-260222-5801,Swiggy,Espresso,156.08
2026-02-22,BL-260222-5804,Swiggy,Cappuccino,185.63
2026-02-22,BL-260222-5804,Swiggy,Blueberry Muffin,144.34
2026-02-22,BL-260222-5805,Zomato,Veg Wrap,259.62
2026-02-22,BL-260222-5808,Swiggy,Latte,202.48
2026-02-22,BL-260222-5808,Swiggy,Croissant,245.23
2026-02-22,BL-260222-5809,Zomato,Blueberry Muffin,279.5
2026-02-22,BL-260222-5810,Zomato,Veg Wrap,272.95
2026-02-22,BL-260222-5813,Swiggy,Seasonal Special,703.61
2026-02-22,BL-260222-5813,Swiggy,Chocolate Brownie,335.26
2026-02-22,BL-260222-5813,Swiggy,Espresso,301.59
2026-02-22,BL-260222-5814,Zomato,Cold Brew,220.77
2026-02-22,BL-260222-5815,Zomato,Latte,412.67
2026-02-22,BL-260222-5816,Swiggy,Iced Latte,246.57
2026-02-22,BL-260222-5816,Swiggy,Chocolate Brownie,165.15
2026-02-22,BL-260222-5816,Swiggy,Cold Brew,228.55
2026-02-22,BL-260222-5820,Swiggy,Croissant,121.3
2026-02-22,BL-260222-5820,Swiggy,Blueberry Muffin,283.54
2026-02-22,BL-260222-5830,Swiggy,Iced Latte,248.79
2026-02-22,BL-260222-5830,Swiggy,Espresso,151.33
2026-02-22,BL-260222-5831,Zomato,Iced Latte,247.41
2026-02-22,BL-260222-5838,Zomato,Blueberry Muffin,143.27
2026-02-22,BL-260222-5838,Zomato,Latte,200.26
2026-02-22,BL-260222-5845,Zomato,Croissant,125.04
2026-02-22,BL-260222-5845,Zomato,Veg Wrap,259.98
2026-02-22,BL-260222-5845,Zomato,Croissant,123.52
2026-02-22,BL-260222-5846,Zomato,Croissant,125.0
2026-02-22,BL-260222-5847,Zomato,Chocolate Brownie,161.66
2026-02-22,BL-260222-5847,Zomato,Chocolate Brownie,159.97
2026-02-22,BL-260222-5848,Swiggy,Croissant,120.14
2026-02-22,BL-260222-5848,Swiggy,Iced Latte,489.53
2026-02-22,BL-260222-5848,Swiggy,Cappuccino,181.53
2026-02-22,BL-260222-5850,Swiggy,Seasonal Special,351.49
2026-02-22,BL-260222-5850,Swiggy,Cappuccino,182.25
2026-02-22,BL-260222-5856,Swiggy,Blueberry Muffin,145.19
2026-02-22,BL-260222-5862,Zomato,Cappuccino,186.53
2026-02-22,BL-260222-5863,Zomato,Espresso,154.52
2026-02-22,BL-260222-5863,Zomato,Seasonal Special,356.95
2026-02-22,BL-260222-5863,Zomato,Croissant,124.67
2026-02-22,BL-260222-5865,Swiggy,Espresso,150.51
2026-02-22,BL-260222-5865,Swiggy,Masala Chai,80.76
2026-02-22,BL-260222-5876,Swiggy,Cappuccino,188.15
2026-02-22,BL-260222-5876,Swiggy,Seasonal Special,358.66
2026-02-22,BL-260222-5879,Swiggy,Chocolate Brownie,165.58
2026-02-22,BL-260222-5883,Zomato,Croissant,125.07
2026-02-22,BL-260222-5883,Zomato,Cappuccino,182.58
2026-02-22,BL-260222-5884,Swiggy,Club Sandwich,323.51
2026-02-22,BL-260222-5884,Swiggy,Cold Brew,228.89
2026-02-22,BL-260222-5885,Zomato,Iced Latte,243.64
2026-02-22,BL-260222-5885,Zomato,Veg Wrap,271.28
2026-02-22,BL-260222-5887,Zomato,Iced Latte,241.14
2026-02-22,BL-260222-5890,Zomato,Cappuccino,185.07
2026-02-22,BL-260222-5890,Zomato,Club Sandwich,333.72
2026-02-22,BL-260222-5894,Zomato,Avocado Toast,288.62
2026-02-22,BL-260222-5894,Zomato,Iced Latte,245.64
2026-02-22,BL-260222-5897,Swiggy,Espresso,157.31
2026-02-22,BL-260222-5897,Swiggy,Cappuccino,188.9
2026-02-22,BL-260222-5897,Swiggy,Cappuccino,181.41
2026-02-22,BL-260222-5899,Swiggy,Chocolate Brownie,162.44
2026-02-22,BL-260222-5899,Swiggy,Masala Chai,81.95
2026-02-22,BL-260222-5905,Swiggy,Cold Brew,222.9
2026-02-22,BL-260222-5907,Swiggy,Croissant,119.9
2026-02-22,BL-260222-5907,Swiggy,Cold Brew,220.14
2026-02-22,BL-260222-5907,Swiggy,Avocado Toast,292.25
2026-02-22,BL-260222-5907,Swiggy,Espresso,155.48
2026-02-22,BL-260222-5908,Zomato,Club Sandwich,334.75
2026-02-22,BL-260222-5908,Zomato,Espresso,149.83
2026-02-22,BL-260222-5909,Swiggy,Latte,207.78
2026-02-22,BL-260222-5909,Swiggy,Masala Chai,80.0
2026-02-22,BL-260222-5910,Zomato,Club Sandwich,333.94
2026-02-22,BL-260222-5911,Swiggy,Iced Latte,251.29
2026-02-22,BL-260222-5911,Swiggy,Cold Brew,230.92
2026-02-22,BL-260222-5912,Swiggy,Seasonal Special,721.7
2026-02-22,BL-260222-5914,Swiggy,Iced Latte,241.53
2026-02-22,BL-260222-5914,Swiggy,Avocado Toast,279.81
2026-02-22,BL-260222-5921,Zomato,Avocado Toast,291.48
2026-02-22,BL-260222-5921,Zomato,Croissant,248.63
2026-02-22,BL-260222-5921,Zomato,Latte,201.88
2026-02-22,BL-260222-5922,Swiggy,Veg Wrap,264.44
2026-02-22,BL-260222-5922,Swiggy,Latte,205.73
2026-02-22,BL-260222-5928,Zomato,Veg Wrap,269.93
2026-02-22,BL-260222-5928,Zomato,Seasonal Special,355.97
2026-02-22,BL-260222-5928,Zomato,Croissant,121.7
2026-02-22,BL-260222-5930,Swiggy,Avocado Toast,293.66
2026-02-22,BL-260222-5930,Swiggy,Club Sandwich,329.08
2026-02-22,BL-260222-5930,Swiggy,Iced Latte,248.75
2026-02-22,BL-260222-5931,Swiggy,Masala Chai,83.81
2026-02-22,BL-260222-5931,Swiggy,Seasonal Special,367.18
2026-02-22,BL-260222-5933,Zomato,Club Sandwich,328.48
2026-02-22,BL-260222-5934,Swiggy,Chocolate Brownie,164.12
2026-02-22,BL-260222-5934,Swiggy,Latte,202.96
2026-02-22,BL-260222-5934,Swiggy,Avocado Toast,283.26
2026-02-23,BL-260223-5935,Zomato,Blueberry Muffin,142.14
2026-02-23,BL-260223-5935,Zomato,Espresso,301.14
2026-02-23,BL-260223-5935,Zomato,Masala Chai,81.56
2026-02-23,BL-260223-5937,Zomato,Blueberry Muffin,144.26
2026-02-23,BL-260223-5937,Zomato,Club Sandwich,334.76
2026-02-23,BL-260223-5941,Swiggy,Masala Chai,83.05
2026-02-23,BL-260223-5941,Swiggy,Latte,205.9
2026-02-23,BL-260223-5942,Zomato,Cold Brew,223.17
2026-02-23,BL-260223-5942,Zomato,Iced Latte,246.66
2026-02-23,BL-260223-5943,Swiggy,Croissant,120.4
2026-02-23,BL-260223-5943,Swiggy,Latte,206.72
2026-02-23,BL-260223-5947,Swiggy,Espresso,152.59
2026-02-23,BL-260223-5947,Swiggy,Latte,404.51
2026-02-23,BL-260223-5948,Swiggy,Seasonal Special,360.99
2026-02-23,BL-260223-5948,Swiggy,Iced Latte,251.15
2026-02-23,BL-260223-5951,Swiggy,Cappuccino,183.39
2026-02-23,BL-260223-5951,Swiggy,Blueberry Muffin,146.88
2026-02-23,BL-260223-5952,Zomato,Masala Chai,82.5
2026-02-23,BL-260223-5953,Zomato,Espresso,150.19
2026-02-23,BL-260223-5953,Zomato,Cold Brew,225.38
2026-02-23,BL-260223-5955,Swiggy,Latte,204.04
2026-02-23,BL-260223-5960,Swiggy,Cold Brew,220.88
2026-02-23,BL-260223-5960,Swiggy,Veg Wrap,272.92
2026-02-23,BL-260223-5964,Swiggy,Avocado Toast,282.23
2026-02-23,BL-260223-5964,Swiggy,Masala Chai,83.63
2026-02-23,BL-260223-5964,Swiggy,Iced Latte,248.54
2026-02-23,BL-260223-5964,Swiggy,Seasonal Special,357.37
2026-02-23,BL-260223-5965,Swiggy,Chocolate Brownie,162.86
2026-02-23,BL-260223-5965,Swiggy,Avocado Toast,281.66
2026-02-23,BL-260223-5966,Zomato,Club Sandwich,329.52
2026-02-23,BL-260223-5966,Zomato,Avocado Toast,294.0
2026-02-23,BL-260223-5967,Zomato,Seasonal Special,365.61
2026-02-23,BL-260223-5967,Zomato,Veg Wrap,524.73
2026-02-23,BL-260223-5968,Swiggy,Cold Brew,220.66
2026-02-23,BL-260223-5970,Swiggy,Iced Latte,247.38
2026-02-23,BL-260223-5970,Swiggy,Club Sandwich,331.04
2026-02-23,BL-260223-5974,Swiggy,Latte,203.49
2026-02-23,BL-260223-5974,Swiggy,Cappuccino,184.03
2026-02-23,BL-260223-5976,Zomato,Cappuccino,185.52
2026-02-23,BL-260223-5976,Zomato,Masala Chai,83.08
2026-02-23,BL-260223-5976,Zomato,Espresso,152.13
2026-02-23,BL-260223-5980,Zomato,Club Sandwich,333.44
2026-02-23,BL-260223-5981,Zomato,Blueberry Muffin,141.58
2026-02-23,BL-260223-5981,Zomato,Blueberry Muffin,141.43
2026-02-23,BL-260223-5982,Zomato,Avocado Toast,288.6
2026-02-23,BL-260223-5987,Swiggy,Chocolate Brownie,162.81
2026-02-23,BL-260223-5987,Swiggy,Avocado Toast,291.88
2026-02-23,BL-260223-5987,Swiggy,Espresso,156.14
2026-02-23,BL-260223-5989,Zomato,Cold Brew,222.4
2026-02-23,BL-260223-5991,Zomato,Iced Latte,246.59
2026-02-23,BL-260223-5992,Swiggy,Iced Latte,243.28
2026-02-23,BL-260223-5992,Swiggy,Chocolate Brownie,332.92
2026-02-23,BL-260223-5993,Swiggy,Blueberry Muffin,142.23
2026-02-23,BL-260223-5995,Swiggy,Croissant,120.35
2026-02-23,BL-260223-5996,Zomato,Veg Wrap,263.21
2026-02-23,BL-260223-5999,Swiggy,Cold Brew,453.96
2026-02-23,BL-260223-5999,Swiggy,Masala Chai,82.67
2026-02-23,BL-260223-6000,Swiggy,Croissant,122.76
2026-02-23,BL-260223-6000,Swiggy,Iced Latte,240.06
2026-02-23,BL-260223-6005,Swiggy,Avocado Toast,286.14
2026-02-23,BL-260223-6005,Swiggy,Iced Latte,241.91
2026-02-23,BL-260223-6008,Zomato,Veg Wrap,520.76
2026-02-23,BL-260223-6008,Zomato,Chocolate Brownie,160.72
2026-02-23,BL-260223-6011,Swiggy,Avocado Toast,283.33
2026-02-23,BL-260223-6011,Swiggy,Cappuccino,184.54
2026-02-23,BL-260223-6014,Zomato,Iced Latte,488.44
2026-02-23,BL-260223-6014,Zomato,Veg Wrap,270.62
2026-02-23,BL-260223-6017,Zomato,Cappuccino,179.96
2026-02-23,BL-260223-6017,Zomato,Veg Wrap,259.4
2026-02-23,BL-260223-6017,Zomato,Croissant,125.32
2026-02-23,BL-260223-6021,Swiggy,Club Sandwich,323.22
2026-02-23,BL-260223-6022,Swiggy,Cold Brew,222.14
2026-02-23,BL-260223-6022,Swiggy,Masala Chai,80.78
2026-02-23,BL-260223-6023,Swiggy,Latte,207.86
2026-02-23,BL-260223-6026,Swiggy,Espresso,152.55
2026-02-23,BL-260223-6026,Swiggy,Seasonal Special,349.85
2026-02-23,BL-260223-6026,Swiggy,Latte,206.93
2026-02-23,BL-260223-6028,Swiggy,Croissant,121.17
2026-02-23,BL-260223-6028,Swiggy,Espresso,154.05
2026-02-23,BL-260223-6028,Swiggy,Chocolate Brownie,162.62
2026-02-23,BL-260223-6032,Swiggy,Chocolate Brownie,165.4
2026-02-23,BL-260223-6032,Swiggy,Croissant,123.51
2026-02-23,BL-260223-6035,Zomato,Croissant,125.96
2026-02-23,BL-260223-6035,Zomato,Seasonal Special,707.42
2026-02-23,BL-260223-6035,Zomato,Blueberry Muffin,144.02
2026-02-23,BL-260223-6036,Swiggy,Iced Latte,493.81
2026-02-23,BL-260223-6038,Zomato,Espresso,155.76
2026-02-23,BL-260223-6038,Zomato,Seasonal Special,721.36
2026-02-23,BL-260223-6038,Zomato,Latte,201.06
2026-02-23,BL-260223-6042,Swiggy,Iced Latte,241.38
2026-02-23,BL-260223-6042,Swiggy,Iced Latte,246.0
2026-02-23,BL-260223-6043,Zomato,Veg Wrap,269.88
2026-02-23,BL-260223-6043,Zomato,Masala Chai,82.07
2026-02-23,BL-260223-6043,Zomato,Blueberry Muffin,142.11
2026-02-23,BL-260223-6043,Zomato,Seasonal Special,357.41
2026-02-23,BL-260223-6045,Zomato,Blueberry Muffin,140.08
2026-02-23,BL-260223-6045,Zomato,Croissant,119.94
2026-02-23,BL-260223-6048,Swiggy,Iced Latte,490.69
2026-02-23,BL-260223-6048,Swiggy,Croissant,243.65
2026-02-24,BL-260224-6050,Zomato,Iced Latte,251.64
2026-02-24,BL-260224-6051,Swiggy,Chocolate Brownie,162.34
2026-02-24,BL-260224-6051,Swiggy,Iced Latte,247.24
2026-02-24,BL-260224-6057,Zomato,Seasonal Special,351.96
2026-02-24,BL-260224-6058,Swiggy,Cold Brew,230.66
2026-02-24,BL-260224-6058,Swiggy,Chocolate Brownie,319.74
2026-02-24,BL-260224-6058,Swiggy,Blueberry Muffin,143.66
2026-02-24,BL-260224-6062,Swiggy,Blueberry Muffin,141.29
2026-02-24,BL-260224-6063,Swiggy,Cold Brew,225.59
2026-02-24,BL-260224-6063,Swiggy,Masala Chai,82.19
2026-02-24,BL-260224-6066,Zomato,Croissant,120.46
2026-02-24,BL-260224-6070,Swiggy,Espresso,311.12
2026-02-24,BL-260224-6070,Swiggy,Latte,404.28
2026-02-24,BL-260224-6070,Swiggy,Seasonal Special,360.63
2026-02-24,BL-260224-6073,Swiggy,Iced Latte,244.91
2026-02-24,BL-260224-6075,Swiggy,Cold Brew,451.97
2026-02-24,BL-260224-6075,Swiggy,Latte,205.17
2026-02-24,BL-260224-6076,Swiggy,Seasonal Special,356.69
2026-02-24,BL-260224-6076,Swiggy,Latte,205.3
2026-02-24,BL-260224-6077,Zomato,Cold Brew,220.4
2026-02-24,BL-260224-6077,Zomato,Club Sandwich,333.11
2026-02-24,BL-260224-6079,Swiggy,Seasonal Special,366.27
2026-02-24,BL-260224-6079,Swiggy,Croissant,121.45
2026-02-24,BL-260224-6079,Swiggy,Veg Wrap,260.22
2026-02-24,BL-260224-6082,Zomato,Cappuccino,179.93
2026-02-24,BL-260224-6082,Zomato,Espresso,152.27
2026-02-24,BL-260224-6083,Swiggy,Croissant,120.04
2026-02-24,BL-260224-6083,Swiggy,Latte,205.97
2026-02-24,BL-260224-6083,Swiggy,Latte,201.23
2026-02-24,BL-260224-6083,Swiggy,Cold Brew,222.1
2026-02-24,BL-260224-6085,Zomato,Iced Latte,241.41
2026-02-24,BL-260224-6085,Zomato,Seasonal Special,358.35
2026-02-24,BL-260224-6088,Zomato,Veg Wrap,271.24
2026-02-24,BL-260224-6088,Zomato,Avocado Toast,289.2
2026-02-24,BL-260224-6089,Swiggy,Latte,206.01
2026-02-24,BL-260224-6089,Swiggy,Latte,202.46
2026-02-24,BL-260224-6091,Zomato,Chocolate Brownie,164.98
2026-02-24,BL-260224-6092,Swiggy,Chocolate Brownie,164.45
2026-02-24,BL-260224-6092,Swiggy,Seasonal Special,350.79
2026-02-24,BL-260224-6092,Swiggy,Espresso,154.12
2026-02-24,BL-260224-6094,Zomato,Club Sandwich,330.39
2026-02-24,BL-260224-6094,Zomato,Avocado Toast,292.36
2026-02-24,BL-260224-6097,Zomato,Seasonal Special,361.54
2026-02-24,BL-260224-6100,Zomato,Iced Latte,493.97
2026-02-24,BL-260224-6103,Swiggy,Cappuccino,369.41
2026-02-24,BL-260224-6104,Swiggy,Avocado Toast,283.9
2026-02-24,BL-260224-6105,Zomato,Club Sandwich,333.03
2026-02-24,BL-260224-6108,Zomato,Espresso,154.34
2026-02-24,BL-260224-6109,Zomato,Blueberry Muffin,140.02
2026-02-24,BL-260224-6109,Zomato,Masala Chai,81.16
2026-02-24,BL-260224-6113,Swiggy,Croissant,124.61
2026-02-24,BL-260224-6114,Zomato,Avocado Toast,562.37
2026-02-24,BL-260224-6114,Zomato,Iced Latte,241.39
2026-02-24,BL-260224-6114,Zomato,Iced Latte,243.02
2026-02-24,BL-260224-6118,Swiggy,Croissant,124.3
2026-02-24,BL-260224-6124,Swiggy,Cold Brew,461.96
2026-02-24,BL-260224-6124,Swiggy,Cappuccino,181.84
2026-02-24,BL-260224-6125,Swiggy,Chocolate Brownie,162.42
2026-02-24,BL-260224-6125,Swiggy,Masala Chai,81.96
2026-02-24,BL-260224-6126,Zomato,Cappuccino,370.41
2026-02-24,BL-260224-6126,Zomato,Masala Chai,83.88
2026-02-24,BL-260224-6127,Zomato,Iced Latte,249.84
2026-02-24,BL-260224-6127,Zomato,Chocolate Brownie,166.86
2026-02-24,BL-260224-6130,Zomato,Cold Brew,222.12
2026-02-24,BL-260224-6131,Swiggy,Cold Brew,230.1
2026-02-24,BL-260224-6131,Swiggy,Masala Chai,82.32
2026-02-24,BL-260224-6134,Swiggy,Cold Brew,223.03
2026-02-24,BL-260224-6134,Swiggy,Veg Wrap,265.97
2026-02-24,BL-260224-6137,Zomato,Iced Latte,492.35
2026-02-24,BL-260224-6137,Zomato,Club Sandwich,327.52
2026-02-24,BL-260224-6140,Swiggy,Croissant,125.52
2026-02-24,BL-260224-6140,Swiggy,Espresso,157.44
2026-02-24,BL-260224-6141,Swiggy,Latte,201.66
2026-02-24,BL-260224-6141,Swiggy,Avocado Toast,291.64
2026-02-24,BL-260224-6143,Swiggy,Iced Latte,493.96
2026-02-24,BL-260224-6143,Swiggy,Club Sandwich,322.98
2026-02-24,BL-260224-6143,Swiggy,Seasonal Special,349.21
2026-02-24,BL-260224-6144,Swiggy,Cold Brew,221.3
2026-02-25,BL-260225-6151,Zomato,Veg Wrap,520.77
2026-02-25,BL-260225-6151,Zomato,Club Sandwich,333.14
2026-02-25,BL-260225-6154,Swiggy,Club Sandwich,325.31
2026-02-25,BL-260225-6154,Swiggy,Croissant,122.98
2026-02-25,BL-260225-6155,Swiggy,Masala Chai,81.44
2026-02-25,BL-260225-6155,Swiggy,Blueberry Muffin,145.06
2026-02-25,BL-260225-6157,Zomato,Iced Latte,241.97
2026-02-25,BL-260225-6157,Zomato,Masala Chai,82.09
2026-02-25,BL-260225-6162,Zomato,Blueberry Muffin,145.63
2026-02-25,BL-260225-6162,Zomato,Cold Brew,229.46
2026-02-25,BL-260225-6162,Zomato,Masala Chai,82.79
2026-02-25,BL-260225-6164-R,Zomato,Seasonal Special,350.79
2026-02-25,BL-260225-6171,Swiggy,Blueberry Muffin,141.08
2026-02-25,BL-260225-6171,Swiggy,Chocolate Brownie,163.18
2026-02-25,BL-260225-6171,Swiggy,Espresso,155.77
2026-02-25,BL-260225-6172,Swiggy,Espresso,154.77
2026-02-25,BL-260225-6172,Swiggy,Latte,203.15
2026-02-25,BL-260225-6174,Zomato,Avocado Toast,282.61
2026-02-25,BL-260225-6174,Zomato,Cold Brew,222.53
2026-02-25,BL-260225-6176,Zomato,Iced Latte,491.16
2026-02-25,BL-260225-6176,Zomato,Iced Latte,248.69
2026-02-25,BL-260225-6180,Zomato,Veg Wrap,272.08
2026-02-25,BL-260225-6183,Zomato,Croissant,120.22
2026-02-25,BL-260225-6184,Zomato,Avocado Toast,291.67
2026-02-25,BL-260225-6184,Zomato,Avocado Toast,288.37
2026-02-25,BL-260225-6185,Swiggy,Cold Brew,219.74
2026-02-25,BL-260225-6186,Swiggy,Croissant,125.98
2026-02-25,BL-260225-6186,Swiggy,Chocolate Brownie,327.74
2026-02-25,BL-260225-6187,Swiggy,Masala Chai,82.7
2026-02-25,BL-260225-6187,Swiggy,Iced Latte,242.26
2026-02-25,BL-260225-6191,Swiggy,Cappuccino,186.07
2026-02-25,BL-260225-6191,Swiggy,Croissant,241.61
2026-02-25,BL-260225-6193,Zomato,Avocado Toast,280.65
2026-02-25,BL-260225-6193,Zomato,Cold Brew,459.78
2026-02-25,BL-260225-6193,Zomato,Masala Chai,164.22
2026-02-25,BL-260225-6196,Swiggy,Seasonal Special,350.87
2026-02-25,BL-260225-6198,Zomato,Avocado Toast,282.88
2026-02-25,BL-260225-6201,Swiggy,Avocado Toast,285.48
2026-02-25,BL-260225-6201,Swiggy,Blueberry Muffin,145.06
2026-02-25,BL-260225-6204,Swiggy,Latte,200.02
2026-02-25,BL-260225-6208,Swiggy,Blueberry Muffin,140.99
2026-02-25,BL-260225-6208,Swiggy,Cold Brew,225.88
2026-02-25,BL-260225-6208,Swiggy,Chocolate Brownie,165.67
2026-02-25,BL-260225-6210,Swiggy,Cappuccino,187.97
2026-02-25,BL-260225-6212,Swiggy,Avocado Toast,285.09
2026-02-25,BL-260225-6212,Swiggy,Seasonal Special,356.72
2026-02-25,BL-260225-6212,Swiggy,Veg Wrap,529.67
2026-02-25,BL-260225-6214,Swiggy,Latte,201.28
2026-02-25,BL-260225-6216,Zomato,Masala Chai,82.51
2026-02-25,BL-260225-6216,Zomato,Avocado Toast,282.39
2026-02-25,BL-260225-6217,Swiggy,Club Sandwich,327.17
2026-02-25,BL-260225-6220,Zomato,Iced Latte,243.5
2026-02-25,BL-260225-6220,Zomato,Seasonal Special,708.56
2026-02-25,BL-260225-6224,Swiggy,Masala Chai,81.82
2026-02-25,BL-260225-6224,Swiggy,Chocolate Brownie,164.81
2026-02-25,BL-260225-6227,Zomato,Avocado Toast,292.58
2026-02-25,BL-260225-6227,Zomato,Avocado Toast,291.56
2026-02-25,BL-260225-6232,Zomato,Cold Brew,225.79
2026-02-25,BL-260225-6234,Swiggy,Espresso,154.34
2026-02-25,BL-260225-6234,Swiggy,Club Sandwich,644.1
2026-02-25,BL-260225-6236,Swiggy,Chocolate Brownie,160.15
2026-02-25,BL-260225-6236,Swiggy,Blueberry Muffin,146.46
2026-02-25,BL-260225-6236,Swiggy,Seasonal Special,353.13
2026-02-25,BL-260225-6239,Swiggy,Chocolate Brownie,166.46
2026-02-25,BL-260225-6239,Swiggy,Cold Brew,449.59
2026-02-25,BL-260225-6241,Swiggy,Avocado Toast,578.21
2026-02-25,BL-260225-6241,Swiggy,Croissant,251.25
2026-02-25,BL-260225-6241,Swiggy,Cappuccino,359.26
2026-02-25,BL-260225-6243,Zomato,Masala Chai,83.15
2026-02-25,BL-260225-6244,Swiggy,Seasonal Special,706.25
2026-02-25,BL-260225-6244,Swiggy,Veg Wrap,268.84
2026-02-25,BL-260225-6245,Swiggy,Chocolate Brownie,164.57
2026-02-25,BL-260225-6245,Swiggy,Club Sandwich,665.98
2026-02-25,BL-260225-6245,Swiggy,Iced Latte,239.48
2026-02-25,BL-260225-6246,Zomato,Latte,205.04
2026-02-25,BL-260225-6246,Zomato,Iced Latte,243.61
2026-02-25,BL-260225-6248,Swiggy,Avocado Toast,287.54
2026-02-25,BL-260225-6248,Swiggy,Masala Chai,80.0
2026-02-25,BL-260225-6249,Zomato,Avocado Toast,288.91
2026-02-25,BL-260225-6249,Zomato,Masala Chai,83.08
2026-02-25,BL-260225-6251,Zomato,Cold Brew,230.17
2026-02-25,BL-260225-6251,Zomato,Croissant,123.01
2026-02-25,BL-260225-6251,Zomato,Chocolate Brownie,164.51
2026-02-25,BL-260225-6253,Swiggy,Chocolate Brownie,161.33
2026-02-25,BL-260225-6254,Swiggy,Blueberry Muffin,142.15
2026-02-25,BL-260225-6254,Swiggy,Masala Chai,83.49
2026-02-25,BL-260225-6257,Swiggy,Veg Wrap,262.33
2026-02-25,BL-260225-6257,Swiggy,Croissant,245.5
2026-02-26,BL-260226-6259-R,Zomato,Cappuccino,180.04
2026-02-26,BL-260226-6259-R,Zomato,Chocolate Brownie,159.95
2026-02-26,BL-260226-6261,Zomato,Espresso,153.07
2026-02-26,BL-260226-6261,Zomato,Iced Latte,498.35
2026-02-26,BL-260226-6267,Swiggy,Seasonal Special,362.06
2026-02-26,BL-260226-6267,Swiggy,Club Sandwich,658.8
2026-02-26,BL-260226-6269,Swiggy,Cappuccino,364.48
2026-02-26,BL-260226-6271,Zomato,Latte,202.32
2026-02-26,BL-260226-6273,Zomato,Masala Chai,164.05
2026-02-26,BL-260226-6273,Zomato,Seasonal Special,726.57
2026-02-26,BL-260226-6274,Swiggy,Chocolate Brownie,322.06
2026-02-26,BL-260226-6277,Zomato,Masala Chai,79.83
2026-02-26,BL-260226-6277,Zomato,Latte,203.25
2026-02-26,BL-260226-6278,Zomato,Espresso,151.69
2026-02-26,BL-260226-6278,Zomato,Seasonal Special,351.08
2026-02-26,BL-260226-6278,Zomato,Seasonal Special,362.66
2026-02-26,BL-260226-6279,Swiggy,Iced Latte,251.08
2026-02-26,BL-260226-6279,Swiggy,Iced Latte,245.85
2026-02-26,BL-260226-6280,Swiggy,Veg Wrap,268.55
2026-02-26,BL-260226-6281,Swiggy,Seasonal Special,357.44
2026-02-26,BL-260226-6284,Swiggy,Seasonal Special,350.41
2026-02-26,BL-260226-6287,Zomato,Avocado Toast,571.29
2026-02-26,BL-260226-6287,Zomato,Cappuccino,180.81
2026-02-26,BL-260226-6290,Zomato,Espresso,152.19
2026-02-26,BL-260226-6297,Swiggy,Croissant,120.86
2026-02-26,BL-260226-6298,Swiggy,Cappuccino,188.16
2026-02-26,BL-260226-6303,Zomato,Croissant,120.94
2026-02-26,BL-260226-6306,Swiggy,Blueberry Muffin,140.3
2026-02-26,BL-260226-6308,Zomato,Iced Latte,248.95
2026-02-26,BL-260226-6308,Zomato,Chocolate Brownie,326.17
2026-02-26,BL-260226-6308,Zomato,Avocado Toast,289.67
2026-02-26,BL-260226-6314,Swiggy,Masala Chai,83.06
2026-02-26,BL-260226-6314,Swiggy,Espresso,154.22
2026-02-26,BL-260226-6314,Swiggy,Avocado Toast,293.09
2026-02-26,BL-260226-6315,Zomato,Chocolate Brownie,165.2
2026-02-26,BL-260226-6315,Zomato,Avocado Toast,288.83
2026-02-26,BL-260226-6316,Swiggy,Club Sandwich,335.52
2026-02-26,BL-260226-6318,Zomato,Avocado Toast,560.97
2026-02-26,BL-260226-6318,Zomato,Seasonal Special,362.76
2026-02-26,BL-260226-6319,Zomato,Blueberry Muffin,143.91
2026-02-26,BL-260226-6319,Zomato,Espresso,150.25
2026-02-26,BL-260226-6322,Swiggy,Club Sandwich,663.37
2026-02-26,BL-260226-6322,Swiggy,Chocolate Brownie,163.43
2026-02-26,BL-260226-6329,Zomato,Avocado Toast,286.52
2026-02-26,BL-260226-6329,Zomato,Latte,203.44
2026-02-26,BL-260226-6331,Swiggy,Cold Brew,225.06
2026-02-26,BL-260226-6331,Swiggy,Blueberry Muffin,145.94
2026-02-26,BL-260226-6331,Swiggy,Cold Brew,224.59
2026-02-26,BL-260226-6331,Swiggy,Avocado Toast,292.44
2026-02-26,BL-260226-6339,Zomato,Blueberry Muffin,145.58
2026-02-26,BL-260226-6343,Zomato,Cold Brew,230.9
2026-02-26,BL-260226-6343,Zomato,Club Sandwich,323.6
2026-02-26,BL-260226-6344,Swiggy,Iced Latte,240.96
2026-02-26,BL-260226-6344,Swiggy,Cappuccino,183.38
2026-02-27,BL-260227-6346,Zomato,Cold Brew,452.86
2026-02-27,BL-260227-6346,Zomato,Iced Latte,242.59
2026-02-27,BL-260227-6346,Zomato,Cappuccino,372.74
2026-02-27,BL-260227-6348,Zomato,Iced Latte,249.38
2026-02-27,BL-260227-6351,Swiggy,Croissant,122.25
2026-02-27,BL-260227-6351,Swiggy,Cold Brew,222.14
2026-02-27,BL-260227-6352,Zomato,Masala Chai,81.88
2026-02-27,BL-260227-6353,Swiggy,Cold Brew,224.99
2026-02-27,BL-260227-6353,Swiggy,Blueberry Muffin,143.36
2026-02-27,BL-260227-6353,Swiggy,Club Sandwich,644.03
2026-02-27,BL-260227-6358,Zomato,Cold Brew,219.61
2026-02-27,BL-260227-6358,Zomato,Avocado Toast,574.72
2026-02-27,BL-260227-6359,Swiggy,Veg Wrap,263.21
2026-02-27,BL-260227-6359,Swiggy,Masala Chai,80.84
2026-02-27,BL-260227-6359,Swiggy,Seasonal Special,350.33
2026-02-27,BL-260227-6361,Zomato,Blueberry Muffin,145.47
2026-02-27,BL-260227-6361,Zomato,Latte,206.99
2026-02-27,BL-260227-6362,Swiggy,Club Sandwich,325.98
2026-02-27,BL-260227-6363,Swiggy,Croissant,121.53
2026-02-27,BL-260227-6363,Swiggy,Espresso,149.64
2026-02-27,BL-260227-6374,Swiggy,Cappuccino,188.65
2026-02-27,BL-260227-6374,Swiggy,Latte,200.93
2026-02-27,BL-260227-6376,Swiggy,Seasonal Special,366.77
2026-02-27,BL-260227-6378,Swiggy,Chocolate Brownie,165.64
2026-02-27,BL-260227-6378,Swiggy,Iced Latte,248.61
2026-02-27,BL-260227-6378,Swiggy,Chocolate Brownie,163.0
2026-02-27,BL-260227-6383,Zomato,Club Sandwich,328.07
2026-02-27,BL-260227-6383,Zomato,Club Sandwich,334.06
2026-02-27,BL-260227-6384,Zomato,Avocado Toast,293.42
2026-02-27,BL-260227-6384,Zomato,Croissant,121.4
2026-02-27,BL-260227-6385,Zomato,Masala Chai,167.87
2026-02-27,BL-260227-6385,Zomato,Iced Latte,244.6
2026-02-27,BL-260227-6390,Swiggy,Avocado Toast,282.39
2026-02-27,BL-260227-6390,Swiggy,Club Sandwich,330.64
2026-02-27,BL-260227-6390,Swiggy,Blueberry Muffin,140.79
2026-02-27,BL-260227-6397,Swiggy,Seasonal Special,363.24
2026-02-27,BL-260227-6397,Swiggy,Veg Wrap,526.2
2026-02-27,BL-260227-6397,Swiggy,Seasonal Special,349.15
2026-02-27,BL-260227-6398,Swiggy,Masala Chai,80.04
2026-02-27,BL-260227-6398,Swiggy,Espresso,153.89
2026-02-27,BL-260227-6403,Zomato,Croissant,125.5
2026-02-27,BL-260227-6403,Zomato,Chocolate Brownie,165.7
2026-02-27,BL-260227-6403,Zomato,Avocado Toast,285.44
2026-02-27,BL-260227-6405,Zomato,Cappuccino,186.34
2026-02-27,BL-260227-6406,Zomato,Cappuccino,376.4
2026-02-27,BL-260227-6406,Zomato,Latte,411.56
2026-02-27,BL-260227-6406,Zomato,Espresso,150.22
2026-02-27,BL-260227-6407,Zomato,Espresso,153.47
2026-02-27,BL-260227-6411,Zomato,Cold Brew,223.24
2026-02-27,BL-260227-6412,Zomato,Croissant,124.97
2026-02-27,BL-260227-6414,Swiggy,Avocado Toast,281.13
2026-02-27,BL-260227-6414,Swiggy,Cold Brew,228.19
2026-02-27,BL-260227-6415,Zomato,Croissant,124.61
2026-02-27,BL-260227-6418,Swiggy,Veg Wrap,269.15
2026-02-27,BL-260227-6419,Swiggy,Seasonal Special,361.03
2026-02-27,BL-260227-6419,Swiggy,Avocado Toast,291.73
2026-02-27,BL-260227-6427,Swiggy,Iced Latte,250.26
2026-02-27,BL-260227-6427,Swiggy,Espresso,149.96
2026-02-27,BL-260227-6427,Swiggy,Seasonal Special,357.55
2026-02-27,BL-260227-6429,Swiggy,Seasonal Special,349.64
2026-02-27,BL-260227-6429,Swiggy,Iced Latte,241.21
2026-02-27,BL-260227-6430,Swiggy,Iced Latte,249.9
2026-02-27,BL-260227-6430,Swiggy,Seasonal Special,352.73
2026-02-27,BL-260227-6435,Zomato,Chocolate Brownie,164.93
2026-02-27,BL-260227-6436,Zomato,Croissant,244.55
2026-02-27,BL-260227-6436,Zomato,Club Sandwich,319.54
2026-02-27,BL-260227-6436,Zomato,Club Sandwich,327.32
2026-02-27,BL-260227-6438,Swiggy,Cappuccino,183.5
2026-02-27,BL-260227-6438,Swiggy,Veg Wrap,264.88
2026-02-27,BL-260227-6438,Swiggy,Latte,200.38
2026-02-27,BL-260227-6439,Zomato,Masala Chai,82.73
2026-02-27,BL-260227-6439,Zomato,Seasonal Special,365.3
2026-02-27,BL-260227-6439,Zomato,Chocolate Brownie,163.07
2026-02-27,BL-260227-6440,Zomato,Cappuccino,364.9
2026-02-27,BL-260227-6440,Zomato,Avocado Toast,293.7
2026-02-27,BL-260227-6441,Zomato,Latte,414.04
2026-02-27,BL-260227-6441,Zomato,Latte,203.17
2026-02-27,BL-260227-6442,Zomato,Cold Brew,457.31
2026-02-27,BL-260227-6442,Zomato,Club Sandwich,331.82
2026-02-27,BL-260227-6443,Zomato,Blueberry Muffin,282.52
2026-02-27,BL-260227-6444,Zomato,Latte,206.32
2026-02-28,BL-260228-6445,Swiggy,Croissant,124.94
2026-02-28,BL-260228-6445,Swiggy,Cappuccino,179.73
2026-02-28,BL-260228-6449,Zomato,Club Sandwich,661.13
2026-02-28,BL-260228-6449,Zomato,Espresso,152.02
2026-02-28,BL-260228-6452,Swiggy,Blueberry Muffin,140.24
2026-02-28,BL-260228-6452,Swiggy,Avocado Toast,287.24
2026-02-28,BL-260228-6452,Swiggy,Blueberry Muffin,143.0
2026-02-28,BL-260228-6453,Swiggy,Cappuccino,187.18
2026-02-28,BL-260228-6454,Zomato,Cappuccino,187.58
2026-02-28,BL-260228-6454,Zomato,Chocolate Brownie,322.06
2026-02-28,BL-260228-6455,Swiggy,Latte,205.14
2026-02-28,BL-260228-6455,Swiggy,Club Sandwich,326.23
2026-02-28,BL-260228-6463,Zomato,Masala Chai,81.94
2026-02-28,BL-260228-6464,Swiggy,Blueberry Muffin,140.44
2026-02-28,BL-260228-6464,Swiggy,Chocolate Brownie,167.53
2026-02-28,BL-260228-6464,Swiggy,Veg Wrap,272.36
2026-02-28,BL-260228-6465,Swiggy,Cold Brew,227.16
2026-02-28,BL-260228-6468,Zomato,Chocolate Brownie,163.26
2026-02-28,BL-260228-6468,Zomato,Croissant,246.64
2026-02-28,BL-260228-6468,Zomato,Latte,205.77
2026-02-28,BL-260228-6473,Zomato,Cold Brew,221.19
2026-02-28,BL-260228-6482,Zomato,Cappuccino,183.92
2026-02-28,BL-260228-6482,Zomato,Seasonal Special,359.98
2026-02-28,BL-260228-6484,Zomato,Avocado Toast,289.32
2026-02-28,BL-260228-6486,Zomato,Cold Brew,223.2
2026-02-28,BL-260228-6486,Zomato,Croissant,120.4
2026-02-28,BL-260228-6490,Zomato,Cappuccino,184.11
2026-02-28,BL-260228-6490,Zomato,Cold Brew,227.39
2026-02-28,BL-260228-6490,Zomato,Avocado Toast,282.42
2026-02-28,BL-260228-6490,Zomato,Veg Wrap,530.91
2026-02-28,BL-260228-6492,Zomato,Chocolate Brownie,160.12
2026-02-28,BL-260228-6495,Swiggy,Cappuccino,187.16
2026-02-28,BL-260228-6495,Swiggy,Club Sandwich,642.72
2026-02-28,BL-260228-6495,Swiggy,Seasonal Special,705.96
2026-02-28,BL-260228-6497,Swiggy,Blueberry Muffin,139.79
2026-02-28,BL-260228-6499,Swiggy,Iced Latte,251.27
2026-02-28,BL-260228-6499,Swiggy,Latte,203.43
2026-02-28,BL-260228-6504,Zomato,Cappuccino,184.68
2026-02-28,BL-260228-6507,Swiggy,Iced Latte,239.75
2026-02-28,BL-260228-6509,Swiggy,Masala Chai,83.48
2026-02-28,BL-260228-6509,Swiggy,Cold Brew,220.28
2026-02-28,BL-260228-6511,Swiggy,Espresso,154.38
2026-02-28,BL-260228-6511,Swiggy,Latte,203.4
2026-02-28,BL-260228-6512,Swiggy,Seasonal Special,362.04
2026-02-28,BL-260228-6512,Swiggy,Espresso,150.53
2026-02-28,BL-260228-6513,Swiggy,Avocado Toast,288.81
2026-02-28,BL-260228-6513,Swiggy,Seasonal Special,358.52
2026-02-28,BL-260228-6514,Zomato,Blueberry Muffin,279.31
2026-02-28,BL-260228-6516,Swiggy,Seasonal Special,363.99
2026-02-28,BL-260228-6516,Swiggy,Espresso,303.96
2026-02-28,BL-260228-6517,Swiggy,Cappuccino,181.1
2026-02-28,BL-260228-6518,Zomato,Latte,206.46
2026-02-28,BL-260228-6519,Swiggy,Seasonal Special,366.5
2026-02-28,BL-260228-6519,Swiggy,Blueberry Muffin,142.15
2026-02-28,BL-260228-6525,Zomato,Avocado Toast,561.46
2026-02-28,BL-260228-6525,Zomato,Veg Wrap,268.05
2026-02-28,BL-260228-6529,Zomato,Blueberry Muffin,142.81
2026-02-28,BL-260228-6529,Zomato,Espresso,151.66
2026-02-28,BL-260228-6533,Swiggy,Veg Wrap,544.73
2026-02-28,BL-260228-6533,Swiggy,Avocado Toast,284.26
2026-02-28,BL-260228-6534,Swiggy,Veg Wrap,261.09
2026-02-28,BL-260228-6534,Swiggy,Club Sandwich,651.98
2026-02-28,BL-260228-6534,Swiggy,Veg Wrap,270.95
2026-02-28,BL-260228-6536,Zomato,Chocolate Brownie,326.46
2026-02-28,BL-260228-6536,Zomato,Cold Brew,447.38
2026-02-28,BL-260228-6536,Zomato,Avocado Toast,567.77
2026-02-28,BL-260228-6538,Swiggy,Latte,208.42
2026-02-28,BL-260228-6538,Swiggy,Masala Chai,82.88
2026-02-28,BL-260228-6539,Zomato,Seasonal Special,361.35
2026-02-28,BL-260228-6539,Zomato,Espresso,154.44
2026-02-28,BL-260228-6541,Swiggy,Veg Wrap,260.28
2026-02-28,BL-260228-6545-R,Swiggy,Chocolate Brownie,162.66
2026-02-28,BL-260228-6546,Zomato,Masala Chai,161.72
2026-02-28,BL-260228-6546,Zomato,Masala Chai,81.6
2026-02-28,BL-260228-6548,Zomato,Latte,202.67
2026-02-28,BL-260228-6551,Swiggy,Latte,201.59
2026-02-28,BL-260228-6552,Zomato,Croissant,120.87
2026-02-28,BL-260228-6552,Zomato,Club Sandwich,321.63
2026-02-28,BL-260228-6553,Swiggy,Masala Chai,81.61
2026-02-28,BL-260228-6553,Swiggy,Veg Wrap,264.09
2026-02-28,BL-260228-6556,Swiggy,Avocado Toast,288.98
2026-02-28,BL-260228-6557,Swiggy,Chocolate Brownie,163.45
2026-02-28,BL-260228-6559,Swiggy,Masala Chai,82.29
2026-02-28,BL-260228-6559,Swiggy,Club Sandwich,331.94
2026-02-28,BL-260228-6561,Swiggy,Avocado Toast,281.8
2026-02-28,BL-260228-6561,Swiggy,Chocolate Brownie,166.85
2026-02-28,BL-260228-6562,Swiggy,Espresso,299.98
2026-02-28,BL-260228-6562,Swiggy,Club Sandwich,644.35
2026-02-28,BL-260228-6563,Zomato,Croissant,121.61
2026-02-28,BL-260228-6563,Zomato,Chocolate Brownie,163.23
2026-02-28,BL-260228-6563,Zomato,Cold Brew,440.73
2026-02-28,BL-260228-6564,Swiggy,Chocolate Brownie,161.56
2026-02-28,BL-260228-6564,Swiggy,Latte,204.68
2026-02-28,BL-260228-6568,Zomato,Latte,206.07
2026-02-28,BL-260228-6573,Zomato,Blueberry Muffin,141.05
2026-02-28,BL-260228-6573,Zomato,Espresso,155.22
2026-03-01,BL-260301-6580,Swiggy,Avocado Toast,283.39
2026-03-01,BL-260301-6582,Zomato,Croissant,120.84
2026-03-01,BL-260301-6585,Zomato,Club Sandwich,332.87
2026-03-01,BL-260301-6588,Swiggy,Masala Chai,80.77
2026-03-01,BL-260301-6588,Swiggy,Avocado Toast,291.44
2026-03-01,BL-260301-6588,Swiggy,Latte,202.18
2026-03-01,BL-260301-6590,Zomato,Seasonal Special,387.21
2026-03-01,BL-260301-6590,Zomato,Iced Latte,490.27
2026-03-01,BL-260301-6591,Zomato,Croissant,120.79
2026-03-01,BL-260301-6591,Zomato,Cold Brew,226.79
2026-03-01,BL-260301-6592,Zomato,Veg Wrap,263.55
2026-03-01,BL-260301-6592,Zomato,Latte,207.59
2026-03-01,BL-260301-6594,Zomato,Blueberry Muffin,139.84
2026-03-01,BL-260301-6594,Zomato,Latte,204.97
2026-03-01,BL-260301-6595,Zomato,Masala Chai,81.31
2026-03-01,BL-260301-6595,Zomato,Avocado Toast,290.47
2026-03-01,BL-260301-6596,Swiggy,Iced Latte,251.47
2026-03-01,BL-260301-6597,Zomato,Seasonal Special,390.07
2026-03-01,BL-260301-6597,Zomato,Croissant,124.52
2026-03-01,BL-260301-6597,Zomato,Veg Wrap,531.69
2026-03-01,BL-260301-6599,Swiggy,Seasonal Special,391.48
2026-03-01,BL-260301-6599,Swiggy,Espresso,152.1
2026-03-01,BL-260301-6600,Zomato,Club Sandwich,644.78
2026-03-01,BL-260301-6600,Zomato,Veg Wrap,265.82
2026-03-01,BL-260301-6600,Zomato,Seasonal Special,789.05
2026-03-01,BL-260301-6601,Swiggy,Chocolate Brownie,165.86
2026-03-01,BL-260301-6601,Swiggy,Croissant,122.79
2026-03-01,BL-260301-6602,Swiggy,Cappuccino,187.86
2026-03-01,BL-260301-6602,Swiggy,Seasonal Special,392.33
2026-03-01,BL-260301-6603,Swiggy,Blueberry Muffin,283.77
2026-03-01,BL-260301-6603,Swiggy,Chocolate Brownie,159.94
2026-03-01,BL-260301-6606,Zomato,Croissant,121.06
2026-03-01,BL-260301-6611,Swiggy,Blueberry Muffin,142.54
2026-03-01,BL-260301-6612,Zomato,Cold Brew,456.66
2026-03-01,BL-260301-6612,Zomato,Masala Chai,80.18
2026-03-01,BL-260301-6614,Zomato,Cold Brew,228.36
2026-03-01,BL-260301-6614,Zomato,Veg Wrap,266.33
2026-03-01,BL-260301-6619,Zomato,Cappuccino,181.46
2026-03-01,BL-260301-6620,Zomato,Cappuccino,183.02
2026-03-01,BL-260301-6621,Swiggy,Masala Chai,167.38
2026-03-01,BL-260301-6621,Swiggy,Espresso,303.65
2026-03-01,BL-260301-6621,Swiggy,Blueberry Muffin,291.51
2026-03-01,BL-260301-6622,Swiggy,Espresso,150.5
2026-03-01,BL-260301-6622,Swiggy,Cold Brew,456.91
2026-03-01,BL-260301-6623,Swiggy,Cappuccino,188.04
2026-03-01,BL-260301-6623,Swiggy,Cold Brew,223.27
2026-03-01,BL-260301-6624,Zomato,Masala Chai,80.03
2026-03-01,BL-260301-6624,Zomato,Iced Latte,245.95
2026-03-01,BL-260301-6624,Zomato,Iced Latte,478.88
2026-03-01,BL-260301-6631,Zomato,Espresso,153.58
2026-03-01,BL-260301-6631,Zomato,Avocado Toast,293.37
2026-03-01,BL-260301-6632,Swiggy,Club Sandwich,335.2
2026-03-01,BL-260301-6632,Swiggy,Cold Brew,221.68
2026-03-01,BL-260301-6632,Swiggy,Blueberry Muffin,142.6
2026-03-01,BL-260301-6632,Swiggy,Seasonal Special,391.05
2026-03-01,BL-260301-6634,Swiggy,Avocado Toast,282.48
2026-03-01,BL-260301-6637,Swiggy,Espresso,153.98
2026-03-01,BL-260301-6640,Zomato,Seasonal Special,401.84
2026-03-01,BL-260301-6640,Zomato,Cappuccino,181.77
2026-03-01,BL-260301-6641,Zomato,Chocolate Brownie,163.87
2026-03-01,BL-260301-6642,Zomato,Club Sandwich,334.75
2026-03-01,BL-260301-6642,Zomato,Avocado Toast,280.23
2026-03-01,BL-260301-6643,Swiggy,Iced Latte,251.51
2026-03-01,BL-260301-6643,Swiggy,Chocolate Brownie,163.89
2026-03-01,BL-260301-6645,Swiggy,Cold Brew,221.43
2026-03-01,BL-260301-6645,Swiggy,Espresso,154.03
2026-03-01,BL-260301-6646,Zomato,Blueberry Muffin,140.28
2026-03-01,BL-260301-6647,Swiggy,Iced Latte,241.73
2026-03-01,BL-260301-6647,Swiggy,Seasonal Special,386.17
2026-03-01,BL-260301-6651,Swiggy,Avocado Toast,286.54
2026-03-01,BL-260301-6652,Zomato,Chocolate Brownie,159.94
2026-03-01,BL-260301-6652,Zomato,Iced Latte,249.34
2026-03-01,BL-260301-6653,Swiggy,Cold Brew,221.13
2026-03-01,BL-260301-6653,Swiggy,Cappuccino,188.37
2026-03-01,BL-260301-6656,Zomato,Avocado Toast,281.07
2026-03-01,BL-260301-6656,Zomato,Club Sandwich,325.33
2026-03-01,BL-260301-6658,Zomato,Cappuccino,187.65
2026-03-01,BL-260301-6658,Zomato,Cappuccino,185.62
2026-03-01,BL-260301-6661-R,Swiggy,Cappuccino,181.19
2026-03-01,BL-260301-6661-R,Swiggy,Seasonal Special,391.9
2026-03-01,BL-260301-6661-R,Swiggy,Cappuccino,369.2
2026-03-01,BL-260301-6663,Swiggy,Seasonal Special,400.4
2026-03-01,BL-260301-6663,Swiggy,Blueberry Muffin,144.68
2026-03-01,BL-260301-6664-R,Zomato,Chocolate Brownie,330.75
2026-03-01,BL-260301-6664-R,Zomato,Chocolate Brownie,166.75
2026-03-01,BL-260301-6668,Swiggy,Seasonal Special,400.15
2026-03-01,BL-260301-6668,Swiggy,Croissant,121.46
2026-03-01,BL-260301-6668,Swiggy,Veg Wrap,269.24
2026-03-01,BL-260301-6672,Zomato,Espresso,151.88
2026-03-01,BL-260301-6672,Zomato,Espresso,156.1
2026-03-01,BL-260301-6673,Zomato,Latte,200.94
2026-03-01,BL-260301-6675,Zomato,Seasonal Special,390.08
2026-03-01,BL-260301-6676,Swiggy,Blueberry Muffin,144.41
2026-03-01,BL-260301-6676,Swiggy,Seasonal Special,399.8
2026-03-01,BL-260301-6677,Swiggy,Croissant,123.68
2026-03-01,BL-260301-6677,Swiggy,Seasonal Special,791.28
2026-03-01,BL-260301-6680,Zomato,Avocado Toast,287.12
2026-03-01,BL-260301-6683,Zomato,Seasonal Special,393.69
2026-03-01,BL-260301-6683,Zomato,Avocado Toast,579.11
2026-03-01,BL-260301-6686,Swiggy,Masala Chai,83.09
2026-03-01,BL-260301-6686,Swiggy,Seasonal Special,396.49
2026-03-01,BL-260301-6687,Zomato,Cappuccino,185.33
2026-03-01,BL-260301-6691,Swiggy,Croissant,122.61
2026-03-01,BL-260301-6691,Swiggy,Seasonal Special,386.18
2026-03-01,BL-260301-6691,Swiggy,Avocado Toast,578.37
2026-03-01,BL-260301-6696,Swiggy,Latte,209.85
2026-03-01,BL-260301-6701,Zomato,Cold Brew,223.52
2026-03-01,BL-260301-6701,Zomato,Cappuccino,179.76
2026-03-01,BL-260301-6704,Swiggy,Avocado Toast,569.85
2026-03-01,BL-260301-6704,Swiggy,Espresso,157.18
2026-03-01,BL-260301-6707,Zomato,Cappuccino,179.68
2026-03-01,BL-260301-6707,Zomato,Avocado Toast,569.45
2026-03-01,BL-260301-6708,Swiggy,Cold Brew,447.4
2026-03-01,BL-260301-6708,Swiggy,Chocolate Brownie,164.45
2026-03-01,BL-260301-6709,Swiggy,Avocado Toast,285.31
2026-03-02,BL-260302-6712,Zomato,Latte,201.06
2026-03-02,BL-260302-6712,Zomato,Latte,204.07
2026-03-02,BL-260302-6713,Swiggy,Masala Chai,83.84
2026-03-02,BL-260302-6713,Swiggy,Iced Latte,245.63
2026-03-02,BL-260302-6715,Zomato,Chocolate Brownie,167.79
2026-03-02,BL-260302-6715,Zomato,Club Sandwich,326.3
2026-03-02,BL-260302-6716,Swiggy,Seasonal Special,392.85
2026-03-02,BL-260302-6718,Zomato,Cold Brew,224.36
2026-03-02,BL-260302-6718,Zomato,Espresso,156.54
2026-03-02,BL-260302-6718,Zomato,Chocolate Brownie,163.47
2026-03-02,BL-260302-6718,Zomato,Espresso,152.66
2026-03-02,BL-260302-6719,Swiggy,Croissant,122.84
2026-03-02,BL-260302-6719,Swiggy,Seasonal Special,396.99
2026-03-02,BL-260302-6719,Swiggy,Blueberry Muffin,144.66
2026-03-02,BL-260302-6725,Zomato,Cappuccino,186.66
2026-03-02,BL-260302-6725,Zomato,Chocolate Brownie,159.95
2026-03-02,BL-260302-6728,Zomato,Chocolate Brownie,322.6
2026-03-02,BL-260302-6728,Zomato,Cold Brew,221.78
2026-03-02,BL-260302-6729,Zomato,Cold Brew,228.0
2026-03-02,BL-260302-6729,Zomato,Blueberry Muffin,145.06
2026-03-02,BL-260302-6729,Zomato,Avocado Toast,283.93
2026-03-02,BL-260302-6730,Zomato,Club Sandwich,332.98
2026-03-02,BL-260302-6730,Zomato,Club Sandwich,323.76
2026-03-02,BL-260302-6733,Zomato,Latte,414.51
2026-03-02,BL-260302-6735,Swiggy,Masala Chai,81.41
2026-03-02,BL-260302-6735,Swiggy,Iced Latte,250.89
2026-03-02,BL-260302-6738,Zomato,Espresso,149.96
2026-03-02,BL-260302-6742,Zomato,Latte,200.17
2026-03-02,BL-260302-6742,Zomato,Veg Wrap,272.13
2026-03-02,BL-260302-6749,Swiggy,Seasonal Special,395.09
2026-03-02,BL-260302-6749,Swiggy,Latte,207.64
2026-03-02,BL-260302-6751,Swiggy,Croissant,125.29
2026-03-02,BL-260302-6751,Swiggy,Cappuccino,180.22
2026-03-02,BL-260302-6760,Swiggy,Espresso,307.61
2026-03-02,BL-260302-6762,Zomato,Seasonal Special,792.69
2026-03-02,BL-260302-6763,Swiggy,Cold Brew,229.19
2026-03-02,BL-260302-6763,Swiggy,Seasonal Special,400.53
2026-03-02,BL-260302-6765,Swiggy,Masala Chai,80.34
2026-03-02,BL-260302-6765,Swiggy,Chocolate Brownie,164.82
2026-03-02,BL-260302-6767,Swiggy,Chocolate Brownie,162.98
2026-03-02,BL-260302-6769,Zomato,Blueberry Muffin,142.02
2026-03-02,BL-260302-6769,Zomato,Iced Latte,245.43
2026-03-02,BL-260302-6774,Zomato,Masala Chai,83.35
2026-03-02,BL-260302-6780,Zomato,Blueberry Muffin,142.95
2026-03-02,BL-260302-6781,Zomato,Cold Brew,222.11
2026-03-02,BL-260302-6781,Zomato,Seasonal Special,396.91
2026-03-02,BL-260302-6781,Zomato,Espresso,150.89
2026-03-02,BL-260302-6783,Swiggy,Espresso,157.06
2026-03-02,BL-260302-6787,Swiggy,Club Sandwich,320.9
2026-03-02,BL-260302-6787,Swiggy,Seasonal Special,386.92
2026-03-02,BL-260302-6791,Zomato,Espresso,155.39
2026-03-02,BL-260302-6791,Zomato,Chocolate Brownie,162.41
2026-03-02,BL-260302-6791,Zomato,Avocado Toast,285.17
2026-03-02,BL-260302-6792,Swiggy,Masala Chai,81.67
2026-03-02,BL-260302-6794,Zomato,Seasonal Special,401.72
2026-03-02,BL-260302-6794,Zomato,Masala Chai,81.1
2026-03-02,BL-260302-6796,Swiggy,Iced Latte,251.36
2026-03-02,BL-260302-6798,Zomato,Iced Latte,251.01
2026-03-02,BL-260302-6798,Zomato,Club Sandwich,325.41
2026-03-02,BL-260302-6801,Swiggy,Blueberry Muffin,144.73
2026-03-02,BL-260302-6801,Swiggy,Veg Wrap,270.65
2026-03-02,BL-260302-6803,Zomato,Espresso,153.24
2026-03-02,BL-260302-6804,Swiggy,Iced Latte,483.63
2026-03-02,BL-260302-6804,Swiggy,Avocado Toast,282.26
2026-03-02,BL-260302-6808,Swiggy,Avocado Toast,279.95
2026-03-02,BL-260302-6815,Swiggy,Latte,204.29
2026-03-02,BL-260302-6818,Swiggy,Cappuccino,186.51
2026-03-02,BL-260302-6819,Zomato,Seasonal Special,391.17
2026-03-02,BL-260302-6820,Zomato,Seasonal Special,391.31
2026-03-02,BL-260302-6820,Zomato,Croissant,122.38
2026-03-02,BL-260302-6821,Zomato,Espresso,155.04
2026-03-02,BL-260302-6821,Zomato,Veg Wrap,530.58
2026-03-02,BL-260302-6822,Zomato,Blueberry Muffin,143.37
2026-03-03,BL-260303-6824,Swiggy,Avocado Toast,581.39
2026-03-03,BL-260303-6824,Swiggy,Cappuccino,183.35
2026-03-03,BL-260303-6824,Swiggy,Avocado Toast,291.48
2026-03-03,BL-260303-6826,Swiggy,Veg Wrap,527.16
2026-03-03,BL-260303-6826,Swiggy,Club Sandwich,652.62
2026-03-03,BL-260303-6829,Zomato,Croissant,123.31
2026-03-03,BL-260303-6829,Zomato,Espresso,152.2
2026-03-03,BL-260303-6835,Zomato,Club Sandwich,639.98
2026-03-03,BL-260303-6835,Zomato,Latte,205.37
2026-03-03,BL-260303-6837,Swiggy,Avocado Toast,280.07
2026-03-03,BL-260303-6838,Swiggy,Cold Brew,222.91
2026-03-03,BL-260303-6838,Swiggy,Espresso,156.35
2026-03-03,BL-260303-6838,Swiggy,Cold Brew,230.26
2026-03-03,BL-260303-6839,Zomato,Avocado Toast,279.32
2026-03-03,BL-260303-6839,Zomato,Avocado Toast,290.57
2026-03-03,BL-260303-6839,Zomato,Cappuccino,366.59
2026-03-03,BL-260303-6840,Zomato,Veg Wrap,263.63
2026-03-03,BL-260303-6840,Zomato,Cappuccino,181.37
2026-03-03,BL-260303-6840,Zomato,Iced Latte,247.76
2026-03-03,BL-260303-6844,Zomato,Cold Brew,230.41
2026-03-03,BL-260303-6846,Zomato,Chocolate Brownie,163.82
2026-03-03,BL-260303-6846,Zomato,Masala Chai,80.67
2026-03-03,BL-260303-6847,Swiggy,Chocolate Brownie,166.73
2026-03-03,BL-260303-6847,Swiggy,Cold Brew,459.92
2026-03-03,BL-260303-6847,Swiggy,Veg Wrap,259.77
2026-03-03,BL-260303-6851,Zomato,Espresso,152.17
2026-03-03,BL-260303-6851,Zomato,Veg Wrap,270.83
2026-03-03,BL-260303-6858,Swiggy,Seasonal Special,393.53
2026-03-03,BL-260303-6858,Swiggy,Blueberry Muffin,142.92
2026-03-03,BL-260303-6859,Zomato,Avocado Toast,288.01
2026-03-03,BL-260303-6859,Zomato,Avocado Toast,284.69
2026-03-03,BL-260303-6859,Zomato,Masala Chai,83.99
2026-03-03,BL-260303-6861,Zomato,Espresso,155.38
2026-03-03,BL-260303-6861,Zomato,Avocado Toast,289.51
2026-03-03,BL-260303-6862,Zomato,Veg Wrap,261.79
2026-03-03,BL-260303-6862,Zomato,Espresso,153.06
2026-03-03,BL-260303-6863,Swiggy,Chocolate Brownie,164.2
2026-03-03,BL-260303-6867,Swiggy,Espresso,153.83
2026-03-03,BL-260303-6869,Swiggy,Latte,200.39
2026-03-03,BL-260303-6869,Swiggy,Chocolate Brownie,159.88
2026-03-03,BL-260303-6870,Zomato,Seasonal Special,394.24
2026-03-03,BL-260303-6872,Swiggy,Latte,200.17
2026-03-03,BL-260303-6872,Swiggy,Veg Wrap,272.21
2026-03-03,BL-260303-6873,Zomato,Masala Chai,82.41
2026-03-03,BL-260303-6880,Swiggy,Latte,202.58
2026-03-03,BL-260303-6880,Swiggy,Club Sandwich,319.7
2026-03-03,BL-260303-6881,Zomato,Blueberry Muffin,144.48
2026-03-03,BL-260303-6881,Zomato,Veg Wrap,271.98
2026-03-03,BL-260303-6886,Zomato,Masala Chai,81.86
2026-03-03,BL-260303-6886,Zomato,Cold Brew,456.88
2026-03-03,BL-260303-6886,Zomato,Latte,203.51
2026-03-03,BL-260303-6887,Swiggy,Croissant,119.72
2026-03-03,BL-260303-6889,Swiggy,Club Sandwich,334.03
2026-03-03,BL-260303-6892,Zomato,Cold Brew,223.99
2026-03-03,BL-260303-6895,Zomato,Chocolate Brownie,165.08
2026-03-03,BL-260303-6895,Zomato,Seasonal Special,399.85
2026-03-03,BL-260303-6896,Swiggy,Blueberry Muffin,144.29
2026-03-03,BL-260303-6897,Swiggy,Club Sandwich,321.49
2026-03-03,BL-260303-6897,Swiggy,Espresso,151.08
2026-03-03,BL-260303-6897,Swiggy,Veg Wrap,261.75
2026-03-03,BL-260303-6897,Swiggy,Masala Chai,81.89
2026-03-03,BL-260303-6898,Swiggy,Cappuccino,183.05
2026-03-03,BL-260303-6898,Swiggy,Seasonal Special,403.74
2026-03-03,BL-260303-6900,Zomato,Avocado Toast,282.32
2026-03-03,BL-260303-6900,Zomato,Seasonal Special,396.97
2026-03-03,BL-260303-6903,Swiggy,Avocado Toast,279.43
2026-03-03,BL-260303-6904,Zomato,Blueberry Muffin,287.79
2026-03-03,BL-260303-6904,Zomato,Club Sandwich,654.66
2026-03-03,BL-260303-6905,Zomato,Latte,202.96
2026-03-03,BL-260303-6905,Zomato,Croissant,244.4
2026-03-03,BL-260303-6905,Zomato,Chocolate Brownie,167.5
2026-03-03,BL-260303-6905,Zomato,Cappuccino,180.16
2026-03-03,BL-260303-6906,Swiggy,Espresso,299.5
2026-03-03,BL-260303-6906,Swiggy,Club Sandwich,326.63
2026-03-03,BL-260303-6909,Zomato,Blueberry Muffin,146.64
2026-03-03,BL-260303-6909,Zomato,Chocolate Brownie,165.0
2026-03-03,BL-260303-6910,Zomato,Cappuccino,180.59
2026-03-03,BL-260303-6911,Swiggy,Avocado Toast,285.47
2026-03-03,BL-260303-6911,Swiggy,Masala Chai,81.43
2026-03-03,BL-260303-6917,Swiggy,Club Sandwich,329.73
2026-03-03,BL-260303-6917,Swiggy,Seasonal Special,394.77
2026-03-03,BL-260303-6918,Zomato,Cold Brew,220.03
2026-03-03,BL-260303-6922,Swiggy,Croissant,123.37
2026-03-03,BL-260303-6922,Swiggy,Club Sandwich,331.45
2026-03-03,BL-260303-6923,Swiggy,Seasonal Special,401.41
2026-03-03,BL-260303-6929,Zomato,Espresso,154.45
2026-03-04,BL-260304-6932,Zomato,Masala Chai,166.49
2026-03-04,BL-260304-6932,Zomato,Espresso,155.49
2026-03-04,BL-260304-6934,Swiggy,Avocado Toast,291.16
2026-03-04,BL-260304-6934,Swiggy,Blueberry Muffin,290.93
2026-03-04,BL-260304-6935,Zomato,Seasonal Special,403.25
2026-03-04,BL-260304-6935,Zomato,Croissant,120.78
2026-03-04,BL-260304-6936,Zomato,Cappuccino,183.21
2026-03-04,BL-260304-6936,Zomato,Avocado Toast,577.52
2026-03-04,BL-260304-6936,Zomato,Iced Latte,248.33
2026-03-04,BL-260304-6936,Zomato,Seasonal Special,807.49
2026-03-04,BL-260304-6940,Zomato,Club Sandwich,322.07
2026-03-04,BL-260304-6945,Zomato,Espresso,152.51
2026-03-04,BL-260304-6946,Zomato,Latte,199.64
2026-03-04,BL-260304-6947,Zomato,Cold Brew,219.69
2026-03-04,BL-260304-6947,Zomato,Cappuccino,186.16
2026-03-04,BL-260304-6949,Swiggy,Chocolate Brownie,160.1
2026-03-04,BL-260304-6949,Swiggy,Avocado Toast,287.47
2026-03-04,BL-260304-6949,Swiggy,Espresso,157.31
2026-03-04,BL-260304-6951,Swiggy,Club Sandwich,332.47
2026-03-04,BL-260304-6951,Swiggy,Cold Brew,222.85
2026-03-04,BL-260304-6952,Zomato,Chocolate Brownie,160.28
2026-03-04,BL-260304-6953,Swiggy,Iced Latte,243.04
2026-03-04,BL-260304-6954,Swiggy,Blueberry Muffin,145.57
2026-03-04,BL-260304-6955,Swiggy,Croissant,123.69
2026-03-04,BL-260304-6955,Swiggy,Avocado Toast,284.29
2026-03-04,BL-260304-6960,Swiggy,Masala Chai,81.04
2026-03-04,BL-260304-6960,Swiggy,Cappuccino,186.95
2026-03-04,BL-260304-6960,Swiggy,Masala Chai,80.03
2026-03-04,BL-260304-6961,Swiggy,Seasonal Special,786.19
2026-03-04,BL-260304-6961,Swiggy,Masala Chai,82.75
2026-03-04,BL-260304-6962,Zomato,Croissant,123.17
2026-03-04,BL-260304-6962,Zomato,Club Sandwich,330.85
2026-03-04,BL-260304-6962,Zomato,Veg Wrap,267.32
2026-03-04,BL-260304-6963,Zomato,Iced Latte,247.81
2026-03-04,BL-260304-6963,Zomato,Espresso,150.72
2026-03-04,BL-260304-6967,Zomato,Espresso,154.87
2026-03-04,BL-260304-6967,Zomato,Cappuccino,183.93
2026-03-04,BL-260304-6969,Swiggy,Cappuccino,188.52
2026-03-04,BL-260304-6969,Swiggy,Cold Brew,225.79
2026-03-04,BL-260304-6969,Swiggy,Cappuccino,187.73
2026-03-04,BL-260304-6972,Zomato,Iced Latte,245.43
2026-03-04,BL-260304-6973,Swiggy,Chocolate Brownie,164.22
2026-03-04,BL-260304-6974,Swiggy,Cappuccino,372.67
2026-03-04,BL-260304-6974,Swiggy,Club Sandwich,320.29
2026-03-04,BL-260304-6974,Swiggy,Cappuccino,180.95
2026-03-04,BL-260304-6976,Zomato,Croissant,125.23
2026-03-04,BL-260304-6977,Zomato,Club Sandwich,335.2
2026-03-04,BL-260304-6977,Zomato,Croissant,124.52
2026-03-04,BL-260304-6978,Zomato,Espresso,152.11
2026-03-04,BL-260304-6978,Zomato,Avocado Toast,292.18
2026-03-04,BL-260304-6978,Zomato,Avocado Toast,289.66
2026-03-04,BL-260304-6981,Swiggy,Veg Wrap,261.51
2026-03-04,BL-260304-6981,Swiggy,Cappuccino,180.48
2026-03-04,BL-260304-6981,Swiggy,Seasonal Special,398.38
2026-03-04,BL-260304-6987,Swiggy,Blueberry Muffin,289.45
2026-03-04,BL-260304-6987,Swiggy,Iced Latte,249.93
2026-03-04,BL-260304-6989,Swiggy,Chocolate Brownie,164.04
2026-03-04,BL-260304-6990,Swiggy,Chocolate Brownie,164.43
2026-03-04,BL-260304-6990,Swiggy,Cold Brew,224.69
2026-03-04,BL-260304-6996,Zomato,Masala Chai,81.63
2026-03-04,BL-260304-6998,Zomato,Iced Latte,244.26
2026-03-04,BL-260304-6998,Zomato,Blueberry Muffin,287.7
2026-03-04,BL-260304-7002,Zomato,Chocolate Brownie,167.45
2026-03-04,BL-260304-7002,Zomato,Espresso,152.03
2026-03-04,BL-260304-7007,Swiggy,Espresso,150.35
2026-03-04,BL-260304-7007,Swiggy,Masala Chai,81.36
2026-03-04,BL-260304-7007,Swiggy,Espresso,152.77
2026-03-04,BL-260304-7009,Zomato,Cappuccino,365.09
2026-03-04,BL-260304-7009,Zomato,Veg Wrap,261.73
2026-03-04,BL-260304-7009,Zomato,Club Sandwich,325.68
2026-03-04,BL-260304-7011,Swiggy,Masala Chai,82.48
2026-03-04,BL-260304-7011,Swiggy,Seasonal Special,400.81
2026-03-04,BL-260304-7011,Swiggy,Latte,200.29
2026-03-04,BL-260304-7013,Zomato,Seasonal Special,386.97
2026-03-04,BL-260304-7020,Swiggy,Masala Chai,82.14
2026-03-04,BL-260304-7020,Swiggy,Club Sandwich,322.81
2026-03-04,BL-260304-7021,Swiggy,Veg Wrap,262.55
2026-03-04,BL-260304-7023,Swiggy,Croissant,119.81
2026-03-04,BL-260304-7026,Swiggy,Cold Brew,221.34
2026-03-04,BL-260304-7026,Swiggy,Chocolate Brownie,162.59
2026-03-04,BL-260304-7030,Zomato,Cappuccino,180.82
2026-03-05,BL-260305-7035,Swiggy,Blueberry Muffin,146.83
2026-03-05,BL-260305-7035,Swiggy,Latte,203.73
2026-03-05,BL-260305-7036,Zomato,Chocolate Brownie,333.89
2026-03-05,BL-260305-7038,Swiggy,Club Sandwich,322.31
2026-03-05,BL-260305-7038,Swiggy,Avocado Toast,280.68
2026-03-05,BL-260305-7041,Swiggy,Seasonal Special,385.36
2026-03-05,BL-260305-7041,Swiggy,Cappuccino,376.6
2026-03-05,BL-260305-7044,Swiggy,Chocolate Brownie,160.28
2026-03-05,BL-260305-7044,Swiggy,Masala Chai,81.88
2026-03-05,BL-260305-7045,Zomato,Club Sandwich,328.45
2026-03-05,BL-260305-7045,Zomato,Iced Latte,244.22
2026-03-05,BL-260305-7045,Zomato,Chocolate Brownie,159.79
2026-03-05,BL-260305-7047,Swiggy,Blueberry Muffin,141.62
2026-03-05,BL-260305-7047,Swiggy,Latte,206.07
2026-03-05,BL-260305-7049,Swiggy,Club Sandwich,663.96
2026-03-05,BL-260305-7057,Zomato,Latte,204.84
2026-03-05,BL-260305-7058,Swiggy,Espresso,149.77
2026-03-05,BL-260305-7061,Zomato,Blueberry Muffin,146.64
2026-03-05,BL-260305-7061,Zomato,Masala Chai,163.22
2026-03-05,BL-260305-7062,Zomato,Blueberry Muffin,145.17
2026-03-05,BL-260305-7065,Swiggy,Latte,199.72
2026-03-05,BL-260305-7065,Swiggy,Iced Latte,243.71
2026-03-05,BL-260305-7065,Swiggy,Chocolate Brownie,324.86
2026-03-05,BL-260305-7066,Zomato,Veg Wrap,268.83
2026-03-05,BL-260305-7066,Zomato,Avocado Toast,285.77
2026-03-05,BL-260305-7068,Swiggy,Chocolate Brownie,167.32
2026-03-05,BL-260305-7068,Swiggy,Iced Latte,240.54
2026-03-05,BL-260305-7073,Swiggy,Avocado Toast,282.46
2026-03-05,BL-260305-7073,Swiggy,Iced Latte,241.6
2026-03-05,BL-260305-7074,Zomato,Cappuccino,183.88
2026-03-05,BL-260305-7074,Zomato,Veg Wrap,267.09
2026-03-05,BL-260305-7079,Swiggy,Latte,413.33
2026-03-05,BL-260305-7080,Zomato,Latte,209.62
2026-03-05,BL-260305-7080,Zomato,Cappuccino,186.88
2026-03-05,BL-260305-7081,Zomato,Seasonal Special,395.92
2026-03-05,BL-260305-7083,Swiggy,Masala Chai,160.96
2026-03-05,BL-260305-7084,Swiggy,Avocado Toast,291.38
2026-03-05,BL-260305-7087,Swiggy,Latte,207.98
2026-03-05,BL-260305-7087,Swiggy,Masala Chai,82.34
2026-03-05,BL-260305-7087,Swiggy,Club Sandwich,334.12
2026-03-05,BL-260305-7089,Swiggy,Masala Chai,80.52
2026-03-05,BL-260305-7090,Swiggy,Cold Brew,227.79
2026-03-05,BL-260305-7090,Swiggy,Espresso,156.25
2026-03-05,BL-260305-7092,Zomato,Espresso,151.98
2026-03-05,BL-260305-7092,Zomato,Iced Latte,248.69
2026-03-05,BL-260305-7092,Zomato,Avocado Toast,289.39
2026-03-05,BL-260305-7093,Zomato,Iced Latte,501.52
2026-03-05,BL-260305-7095,Swiggy,Iced Latte,242.08
2026-03-05,BL-260305-7095,Swiggy,Club Sandwich,326.92
2026-03-05,BL-260305-7097,Swiggy,Club Sandwich,335.38
2026-03-05,BL-260305-7100,Zomato,Espresso,150.69
2026-03-05,BL-260305-7104,Zomato,Croissant,125.74
2026-03-05,BL-260305-7104,Zomato,Croissant,124.13
2026-03-05,BL-260305-7105,Zomato,Latte,203.72
2026-03-05,BL-260305-7106,Zomato,Latte,403.74
2026-03-05,BL-260305-7109,Zomato,Cold Brew,225.08
2026-03-05,BL-260305-7109,Zomato,Club Sandwich,320.13
2026-03-05,BL-260305-7113,Swiggy,Masala Chai,82.05
2026-03-05,BL-260305-7113,Swiggy,Masala Chai,167.22
2026-03-05,BL-260305-7117,Zomato,Latte,208.76
2026-03-05,BL-260305-7121,Swiggy,Avocado Toast,291.22
2026-03-05,BL-260305-7125,Swiggy,Iced Latte,246.55
2026-03-05,BL-260305-7127,Zomato,Blueberry Muffin,140.63
2026-03-05,BL-260305-7127,Zomato,Club Sandwich,335.26
2026-03-05,BL-260305-7128,Swiggy,Cappuccino,182.48
2026-03-05,BL-260305-7128,Swiggy,Cappuccino,181.35
2026-03-05,BL-260305-7128,Swiggy,Chocolate Brownie,163.09
2026-03-05,BL-260305-7130,Zomato,Iced Latte,242.9
2026-03-05,BL-260305-7130,Zomato,Seasonal Special,393.6
2026-03-05,BL-260305-7130,Zomato,Blueberry Muffin,140.46
2026-03-05,BL-260305-7135,Zomato,Cappuccino,188.56
2026-03-05,BL-260305-7135,Zomato,Latte,206.32
2026-03-05,BL-260305-7136,Swiggy,Latte,204.8
2026-03-05,BL-260305-7136,Swiggy,Cold Brew,226.62
2026-03-05,BL-260305-7139,Zomato,Cold Brew,225.12
2026-03-05,BL-260305-7139,Zomato,Cappuccino,179.93
2026-03-05,BL-260305-7139,Zomato,Chocolate Brownie,165.63
2026-03-06,BL-260306-7140,Swiggy,Seasonal Special,807.09
2026-03-06,BL-260306-7140,Swiggy,Seasonal Special,792.7
2026-03-06,BL-260306-7141,Swiggy,Masala Chai,82.52
2026-03-06,BL-260306-7141,Swiggy,Masala Chai,81.76
2026-03-06,BL-260306-7141,Swiggy,Masala Chai,82.28
2026-03-06,BL-260306-7142,Zomato,Avocado Toast,292.4
2026-03-06,BL-260306-7142,Zomato,Seasonal Special,388.25
2026-03-06,BL-260306-7145,Zomato,Blueberry Muffin,140.93
2026-03-06,BL-260306-7146,Zomato,Cold Brew,230.61
2026-03-06,BL-260306-7146,Zomato,Espresso,153.93
2026-03-06,BL-260306-7150,Zomato,Iced Latte,247.21
2026-03-06,BL-260306-7150,Zomato,Croissant,124.83
2026-03-06,BL-260306-7150,Zomato,Croissant,122.75
2026-03-06,BL-260306-7153,Zomato,Veg Wrap,262.13
2026-03-06,BL-260306-7155,Swiggy,Croissant,240.65
2026-03-06,BL-260306-7155,Swiggy,Cappuccino,184.89
2026-03-06,BL-260306-7155,Swiggy,Chocolate Brownie,164.66
2026-03-06,BL-260306-7162,Zomato,Espresso,154.33
2026-03-06,BL-260306-7162,Zomato,Cold Brew,449.36
2026-03-06,BL-260306-7162,Zomato,Seasonal Special,387.28
2026-03-06,BL-260306-7165,Zomato,Cappuccino,180.83
2026-03-06,BL-260306-7166,Swiggy,Espresso,151.94
2026-03-06,BL-260306-7166,Swiggy,Cold Brew,223.6
2026-03-06,BL-260306-7172,Swiggy,Iced Latte,239.65
2026-03-06,BL-260306-7172,Swiggy,Masala Chai,81.38
2026-03-06,BL-260306-7172,Swiggy,Veg Wrap,260.63
2026-03-06,BL-260306-7176,Swiggy,Blueberry Muffin,140.85
2026-03-06,BL-260306-7176,Swiggy,Seasonal Special,771.57
2026-03-06,BL-260306-7177,Swiggy,Latte,408.01
2026-03-06,BL-260306-7177,Swiggy,Croissant,242.29
2026-03-06,BL-260306-7179,Swiggy,Cold Brew,230.2
2026-03-06,BL-260306-7179,Swiggy,Croissant,124.1
2026-03-06,BL-260306-7179,Swiggy,Masala Chai,80.91
2026-03-06,BL-260306-7181,Swiggy,Avocado Toast,292.08
2026-03-06,BL-260306-7181,Swiggy,Masala Chai,82.35
2026-03-06,BL-260306-7184,Swiggy,Latte,204.4
2026-03-06,BL-260306-7184,Swiggy,Seasonal Special,385.48
2026-03-06,BL-260306-7191,Swiggy,Blueberry Muffin,140.55
2026-03-06,BL-260306-7191,Swiggy,Blueberry Muffin,141.68
2026-03-06,BL-260306-7194,Zomato,Seasonal Special,773.33
2026-03-06,BL-260306-7194,Zomato,Avocado Toast,288.0
2026-03-06,BL-260306-7195,Zomato,Latte,208.46
2026-03-06,BL-260306-7195,Zomato,Croissant,121.14
2026-03-06,BL-260306-7199,Swiggy,Cold Brew,455.98
2026-03-06,BL-260306-7204,Swiggy,Espresso,153.3
2026-03-06,BL-260306-7204,Swiggy,Club Sandwich,332.8
2026-03-06,BL-260306-7207,Swiggy,Espresso,155.15
2026-03-06,BL-260306-7207,Swiggy,Seasonal Special,402.14
2026-03-06,BL-260306-7208,Zomato,Masala Chai,81.53
2026-03-06,BL-260306-7210,Swiggy,Veg Wrap,263.56
2026-03-06,BL-260306-7212,Zomato,Seasonal Special,401.81
2026-03-06,BL-260306-7212,Zomato,Croissant,121.15
2026-03-06,BL-260306-7213,Zomato,Cold Brew,228.75
2026-03-06,BL-260306-7213,Zomato,Chocolate Brownie,165.3
2026-03-06,BL-260306-7213,Zomato,Avocado Toast,290.13
2026-03-06,BL-260306-7214,Swiggy,Avocado Toast,285.33
2026-03-06,BL-260306-7218,Swiggy,Club Sandwich,658.37
2026-03-06,BL-260306-7218,Swiggy,Iced Latte,251.7
2026-03-06,BL-260306-7218,Swiggy,Seasonal Special,785.67
2026-03-06,BL-260306-7221,Swiggy,Croissant,248.72
2026-03-06,BL-260306-7221,Swiggy,Masala Chai,80.82
2026-03-06,BL-260306-7223,Zomato,Cold Brew,228.71
2026-03-06,BL-260306-7223,Zomato,Croissant,123.02
2026-03-06,BL-260306-7224,Zomato,Club Sandwich,330.53
2026-03-06,BL-260306-7224,Zomato,Espresso,151.7
2026-03-06,BL-260306-7224,Zomato,Chocolate Brownie,162.92
2026-03-06,BL-260306-7225,Swiggy,Veg Wrap,264.51
2026-03-06,BL-260306-7225,Swiggy,Blueberry Muffin,140.11
2026-03-06,BL-260306-7227,Swiggy,Croissant,125.29
2026-03-06,BL-260306-7227,Swiggy,Latte,205.85
2026-03-06,BL-260306-7227,Swiggy,Chocolate Brownie,329.98
2026-03-06,BL-260306-7230,Zomato,Avocado Toast,284.89
2026-03-06,BL-260306-7230,Zomato,Club Sandwich,334.15
2026-03-06,BL-260306-7230,Zomato,Cappuccino,376.28
2026-03-06,BL-260306-7231,Zomato,Chocolate Brownie,160.51
2026-03-06,BL-260306-7233,Zomato,Club Sandwich,333.71
2026-03-06,BL-260306-7233,Zomato,Veg Wrap,263.8
2026-03-06,BL-260306-7233,Zomato,Blueberry Muffin,292.64
2026-03-06,BL-260306-7234,Zomato,Veg Wrap,266.34
2026-03-06,BL-260306-7242,Zomato,Iced Latte,245.11
2026-03-06,BL-260306-7242,Zomato,Chocolate Brownie,162.8
2026-03-06,BL-260306-7243,Swiggy,Veg Wrap,271.05
2026-03-06,BL-260306-7243,Swiggy,Espresso,156.86
2026-03-06,BL-260306-7248,Swiggy,Cold Brew,223.14
2026-03-06,BL-260306-7249,Swiggy,Latte,205.08
2026-03-06,BL-260306-7249,Swiggy,Iced Latte,250.09
2026-03-06,BL-260306-7250,Swiggy,Cappuccino,368.2
2026-03-06,BL-260306-7250,Swiggy,Masala Chai,81.83
2026-03-06,BL-260306-7252,Zomato,Iced Latte,245.28
2026-03-06,BL-260306-7252,Zomato,Veg Wrap,271.9
2026-03-06,BL-260306-7253,Zomato,Cold Brew,230.14
2026-03-07,BL-260307-7255,Swiggy,Espresso,151.76
2026-03-07,BL-260307-7255,Swiggy,Blueberry Muffin,142.5
2026-03-07,BL-260307-7257,Swiggy,Avocado Toast,281.95
2026-03-07,BL-260307-7257,Swiggy,Iced Latte,242.82
2026-03-07,BL-260307-7258,Swiggy,Veg Wrap,265.27
2026-03-07,BL-260307-7258,Swiggy,Cappuccino,373.98
2026-03-07,BL-260307-7259,Swiggy,Espresso,155.64
2026-03-07,BL-260307-7259,Swiggy,Club Sandwich,331.29
2026-03-07,BL-260307-7260,Zomato,Espresso,155.33
2026-03-07,BL-260307-7260,Zomato,Cold Brew,224.64
2026-03-07,BL-260307-7264,Zomato,Avocado Toast,293.0
2026-03-07,BL-260307-7264,Zomato,Croissant,119.83
2026-03-07,BL-260307-7270,Swiggy,Cold Brew,220.34
2026-03-07,BL-260307-7270,Swiggy,Espresso,154.75
2026-03-07,BL-260307-7270,Swiggy,Blueberry Muffin,144.69
2026-03-07,BL-260307-7274,Zomato,Croissant,123.64
2026-03-07,BL-260307-7274,Zomato,Blueberry Muffin,146.12
2026-03-07,BL-260307-7275,Zomato,Chocolate Brownie,161.39
2026-03-07,BL-260307-7279,Zomato,Iced Latte,249.18
2026-03-07,BL-260307-7279,Zomato,Avocado Toast,579.71
2026-03-07,BL-260307-7286,Swiggy,Veg Wrap,271.71
2026-03-07,BL-260307-7289,Swiggy,Cold Brew,230.02
2026-03-07,BL-260307-7293,Zomato,Cappuccino,186.53
2026-03-07,BL-260307-7296,Zomato,Latte,203.08
2026-03-07,BL-260307-7297,Zomato,Club Sandwich,331.32
2026-03-07,BL-260307-7298,Swiggy,Blueberry Muffin,284.88
2026-03-07,BL-260307-7298,Swiggy,Masala Chai,82.23
2026-03-07,BL-260307-7299,Swiggy,Cappuccino,187.58
2026-03-07,BL-260307-7304,Swiggy,Cappuccino,180.59
2026-03-07,BL-260307-7304,Swiggy,Cappuccino,185.31
2026-03-07,BL-260307-7304,Swiggy,Masala Chai,83.87
2026-03-07,BL-260307-7305,Zomato,Seasonal Special,386.56
2026-03-07,BL-260307-7305,Zomato,Cappuccino,181.39
2026-03-07,BL-260307-7305,Zomato,Espresso,150.03
2026-03-07,BL-260307-7306,Zomato,Croissant,123.82
2026-03-07,BL-260307-7306,Zomato,Club Sandwich,325.29
2026-03-07,BL-260307-7307,Zomato,Club Sandwich,334.85
2026-03-07,BL-260307-7307,Zomato,Cappuccino,185.86
2026-03-07,BL-260307-7311,Zomato,Chocolate Brownie,167.31
2026-03-07,BL-260307-7312,Zomato,Seasonal Special,401.0
2026-03-07,BL-260307-7317,Swiggy,Espresso,151.0
2026-03-07,BL-260307-7317,Swiggy,Latte,207.05
2026-03-07,BL-260307-7317,Swiggy,Chocolate Brownie,335.39
2026-03-07,BL-260307-7319,Swiggy,Latte,203.39
2026-03-07,BL-260307-7320,Swiggy,Croissant,125.75
2026-03-07,BL-260307-7320,Swiggy,Avocado Toast,283.98
2026-03-07,BL-260307-7323,Swiggy,Seasonal Special,399.18
2026-03-07,BL-260307-7327,Zomato,Latte,209.52
2026-03-07,BL-260307-7331,Swiggy,Espresso,151.98
2026-03-07,BL-260307-7331,Swiggy,Latte,201.14
2026-03-07,BL-260307-7333,Zomato,Cold Brew,225.51
2026-03-07,BL-260307-7333,Zomato,Croissant,123.29
2026-03-07,BL-260307-7336,Zomato,Espresso,154.28
2026-03-07,BL-260307-7336,Zomato,Croissant,125.26
2026-03-07,BL-260307-7339,Zomato,Cold Brew,456.42
2026-03-07,BL-260307-7339,Zomato,Club Sandwich,324.23
2026-03-07,BL-260307-7341,Swiggy,Croissant,124.47
2026-03-07,BL-260307-7343,Swiggy,Masala Chai,83.49
2026-03-07,BL-260307-7343,Swiggy,Espresso,150.66
2026-03-07,BL-260307-7344,Zomato,Cappuccino,182.13
2026-03-07,BL-260307-7346,Zomato,Seasonal Special,771.7
2026-03-07,BL-260307-7346,Zomato,Seasonal Special,397.94
2026-03-07,BL-260307-7346,Zomato,Cappuccino,186.0
2026-03-07,BL-260307-7347,Zomato,Cold Brew,453.59
2026-03-07,BL-260307-7349,Zomato,Masala Chai,81.08
2026-03-07,BL-260307-7349,Zomato,Masala Chai,83.4
2026-03-07,BL-260307-7352,Swiggy,Cold Brew,228.29
2026-03-07,BL-260307-7352,Swiggy,Club Sandwich,320.52
2026-03-07,BL-260307-7353,Swiggy,Veg Wrap,519.28
2026-03-07,BL-260307-7353,Swiggy,Croissant,125.49
2026-03-07,BL-260307-7353,Swiggy,Avocado Toast,287.19
2026-03-07,BL-260307-7358,Zomato,Seasonal Special,797.17
2026-03-07,BL-260307-7358,Zomato,Seasonal Special,397.26
2026-03-07,BL-260307-7360,Zomato,Veg Wrap,272.22
2026-03-07,BL-260307-7362,Swiggy,Blueberry Muffin,139.72
2026-03-07,BL-260307-7362,Swiggy,Espresso,151.86
2026-03-07,BL-260307-7363,Zomato,Chocolate Brownie,165.46
2026-03-07,BL-260307-7363,Zomato,Seasonal Special,397.66
2026-03-07,BL-260307-7367,Zomato,Iced Latte,251.99
2026-03-07,BL-260307-7367,Zomato,Chocolate Brownie,167.5
2026-03-08,BL-260308-7378,Swiggy,Chocolate Brownie,160.6
2026-03-08,BL-260308-7378,Swiggy,Veg Wrap,261.02
2026-03-08,BL-260308-7378,Swiggy,Espresso,155.74
2026-03-08,BL-260308-7383,Zomato,Croissant,121.06
2026-03-08,BL-260308-7386,Swiggy,Masala Chai,81.86
2026-03-08,BL-260308-7386,Swiggy,Chocolate Brownie,163.68
2026-03-08,BL-260308-7387,Swiggy,Iced Latte,246.69
2026-03-08,BL-260308-7387,Swiggy,Avocado Toast,279.43
2026-03-08,BL-260308-7389,Zomato,Cold Brew,222.45
2026-03-08,BL-260308-7389,Zomato,Croissant,123.25
2026-03-08,BL-260308-7391,Swiggy,Cold Brew,223.28
2026-03-08,BL-260308-7391,Swiggy,Espresso,304.1
2026-03-08,BL-260308-7392,Swiggy,Seasonal Special,393.46
2026-03-08,BL-260308-7392,Swiggy,Cold Brew,222.6
2026-03-08,BL-260308-7401,Zomato,Seasonal Special,401.12
2026-03-08,BL-260308-7403,Zomato,Iced Latte,248.94
2026-03-08,BL-260308-7403,Zomato,Chocolate Brownie,167.41
2026-03-08,BL-260308-7403,Zomato,Masala Chai,82.22
2026-03-08,BL-260308-7410,Swiggy,Chocolate Brownie,167.73
2026-03-08,BL-260308-7413,Swiggy,Iced Latte,246.18
2026-03-08,BL-260308-7415,Zomato,Croissant,124.56
2026-03-08,BL-260308-7415,Zomato,Cappuccino,180.0
2026-03-08,BL-260308-7415,Zomato,Blueberry Muffin,141.39
2026-03-08,BL-260308-7416,Swiggy,Club Sandwich,323.59
2026-03-08,BL-260308-7416,Swiggy,Cold Brew,228.59
2026-03-08,BL-260308-7418,Zomato,Veg Wrap,266.81
2026-03-08,BL-260308-7418,Zomato,Cold Brew,460.08
2026-03-08,BL-260308-7419,Zomato,Blueberry Muffin,143.33
2026-03-08,BL-260308-7419,Zomato,Chocolate Brownie,162.22
2026-03-08,BL-260308-7425,Swiggy,Club Sandwich,334.93
2026-03-08,BL-260308-7425,Swiggy,Seasonal Special,399.88
2026-03-08,BL-260308-7427,Zomato,Latte,203.93
2026-03-08,BL-260308-7427,Zomato,Blueberry Muffin,286.6
2026-03-08,BL-260308-7429,Swiggy,Croissant,122.56
2026-03-08,BL-260308-7429,Swiggy,Croissant,121.25
2026-03-08,BL-260308-7431,Zomato,Chocolate Brownie,167.9
2026-03-08,BL-260308-7431,Zomato,Masala Chai,82.51
2026-03-08,BL-260308-7432,Zomato,Blueberry Muffin,145.38
2026-03-08,BL-260308-7432,Zomato,Cappuccino,181.93
2026-03-08,BL-260308-7433,Swiggy,Iced Latte,242.31
2026-03-08,BL-260308-7433,Swiggy,Cappuccino,182.27
2026-03-08,BL-260308-7433,Swiggy,Blueberry Muffin,139.79
2026-03-08,BL-260308-7434,Zomato,Club Sandwich,320.52
2026-03-08,BL-260308-7434,Zomato,Latte,201.12
2026-03-08,BL-260308-7439,Zomato,Seasonal Special,403.94
2026-03-08,BL-260308-7439,Zomato,Veg Wrap,270.8
2026-03-08,BL-260308-7439,Zomato,Latte,206.25
2026-03-08,BL-260308-7443,Zomato,Cappuccino,184.85
2026-03-08,BL-260308-7446,Zomato,Cappuccino,185.78
2026-03-08,BL-260308-7446,Zomato,Latte,201.95
2026-03-08,BL-260308-7446,Zomato,Croissant,240.15
2026-03-08,BL-260308-7447,Swiggy,Veg Wrap,269.35
2026-03-08,BL-260308-7447,Swiggy,Veg Wrap,264.81
2026-03-08,BL-260308-7447,Swiggy,Blueberry Muffin,142.18
2026-03-08,BL-260308-7448,Swiggy,Avocado Toast,290.62
2026-03-08,BL-260308-7448,Swiggy,Cold Brew,439.56
2026-03-08,BL-260308-7450,Zomato,Avocado Toast,290.84
2026-03-08,BL-260308-7450,Zomato,Cold Brew,221.51
2026-03-08,BL-260308-7453,Zomato,Masala Chai,81.92
2026-03-08,BL-260308-7453,Zomato,Espresso,151.99
2026-03-08,BL-260308-7453,Zomato,Chocolate Brownie,163.38
2026-03-08,BL-260308-7457,Swiggy,Masala Chai,79.96
2026-03-08,BL-260308-7457,Swiggy,Espresso,313.33
2026-03-08,BL-260308-7459,Zomato,Iced Latte,250.53
2026-03-08,BL-260308-7460,Swiggy,Croissant,124.72
2026-03-08,BL-260308-7460,Swiggy,Espresso,312.68
2026-03-08,BL-260308-7460,Swiggy,Iced Latte,249.52
2026-03-08,BL-260308-7463,Zomato,Masala Chai,82.92
2026-03-08,BL-260308-7463,Zomato,Iced Latte,250.05
2026-03-08,BL-260308-7469,Zomato,Veg Wrap,271.49
2026-03-08,BL-260308-7469,Zomato,Croissant,244.09
2026-03-08,BL-260308-7469,Zomato,Blueberry Muffin,140.08
2026-03-08,BL-260308-7471,Swiggy,Espresso,150.81
2026-03-08,BL-260308-7474,Zomato,Veg Wrap,265.22
2026-03-08,BL-260308-7479,Swiggy,Avocado Toast,289.87
2026-03-08,BL-260308-7479,Swiggy,Iced Latte,239.46
2026-03-08,BL-260308-7480,Swiggy,Cappuccino,366.98
2026-03-08,BL-260308-7480,Swiggy,Croissant,120.4
2026-03-08,BL-260308-7481,Zomato,Blueberry Muffin,293.39
2026-03-08,BL-260308-7482,Swiggy,Avocado Toast,280.72
2026-03-08,BL-260308-7484,Zomato,Club Sandwich,331.66
2026-03-08,BL-260308-7484,Zomato,Latte,199.58
2026-03-08,BL-260308-7485,Zomato,Cold Brew,225.77
2026-03-08,BL-260308-7487,Swiggy,Cold Brew,220.8
2026-03-08,BL-260308-7487,Swiggy,Seasonal Special,802.26
2026-03-08,BL-260308-7493,Swiggy,Seasonal Special,385.07
2026-03-08,BL-260308-7493,Swiggy,Masala Chai,163.8
2026-03-09,BL-260309-7494,Swiggy,Espresso,152.16
2026-03-09,BL-260309-7494,Swiggy,Veg Wrap,259.61
2026-03-09,BL-260309-7494,Swiggy,Masala Chai,80.26
2026-03-09,BL-260309-7497,Swiggy,Blueberry Muffin,145.11
2026-03-09,BL-260309-7497,Swiggy,Masala Chai,81.83
2026-03-09,BL-260309-7498,Zomato,Seasonal Special,392.79
2026-03-09,BL-260309-7498,Zomato,Espresso,153.74
2026-03-09,BL-260309-7499,Swiggy,Cold Brew,221.6
2026-03-09,BL-260309-7499,Swiggy,Seasonal Special,794.39
2026-03-09,BL-260309-7500,Swiggy,Espresso,154.58
2026-03-09,BL-260309-7501,Zomato,Club Sandwich,331.7
2026-03-09,BL-260309-7504,Zomato,Cold Brew,219.73
2026-03-09,BL-260309-7505,Swiggy,Chocolate Brownie,325.31
2026-03-09,BL-260309-7505,Swiggy,Blueberry Muffin,139.83
2026-03-09,BL-260309-7505,Swiggy,Cappuccino,185.2
2026-03-09,BL-260309-7508,Zomato,Masala Chai,82.56
2026-03-09,BL-260309-7509,Zomato,Avocado Toast,290.29
2026-03-09,BL-260309-7509,Zomato,Veg Wrap,266.46
2026-03-09,BL-260309-7509,Zomato,Latte,401.23
2026-03-09,BL-260309-7513,Zomato,Avocado Toast,286.87
2026-03-09,BL-260309-7513,Zomato,Masala Chai,82.98
2026-03-09,BL-260309-7514,Swiggy,Veg Wrap,271.76
2026-03-09,BL-260309-7514,Swiggy,Blueberry Muffin,141.77
2026-03-09,BL-260309-7518,Zomato,Iced Latte,494.32
2026-03-09,BL-260309-7518,Zomato,Blueberry Muffin,144.02
2026-03-09,BL-260309-7522,Zomato,Iced Latte,242.28
2026-03-09,BL-260309-7523,Zomato,Espresso,155.62
2026-03-09,BL-260309-7523,Zomato,Cold Brew,223.42
2026-03-09,BL-260309-7524,Zomato,Cold Brew,458.61
2026-03-09,BL-260309-7524,Zomato,Seasonal Special,394.97
2026-03-09,BL-260309-7528,Zomato,Seasonal Special,398.37
2026-03-09,BL-260309-7528,Zomato,Iced Latte,247.22
2026-03-09,BL-260309-7529,Swiggy,Masala Chai,83.78
2026-03-09,BL-260309-7534,Swiggy,Cold Brew,227.86
2026-03-09,BL-260309-7535,Swiggy,Masala Chai,80.36
2026-03-09,BL-260309-7537,Zomato,Club Sandwich,321.59
2026-03-09,BL-260309-7537,Zomato,Latte,202.33
2026-03-09,BL-260309-7538,Swiggy,Latte,201.94
2026-03-09,BL-260309-7538,Swiggy,Blueberry Muffin,142.55
2026-03-09,BL-260309-7539,Zomato,Blueberry Muffin,139.73
2026-03-09,BL-260309-7539,Zomato,Masala Chai,80.26
2026-03-09,BL-260309-7540,Zomato,Chocolate Brownie,161.48
2026-03-09,BL-260309-7540,Zomato,Croissant,125.1
2026-03-09,BL-260309-7544,Swiggy,Avocado Toast,287.85
2026-03-09,BL-260309-7544,Swiggy,Seasonal Special,386.75
2026-03-09,BL-260309-7550,Zomato,Avocado Toast,293.91
2026-03-09,BL-260309-7550,Zomato,Blueberry Muffin,140.75
2026-03-09,BL-260309-7552,Zomato,Veg Wrap,260.83
2026-03-09,BL-260309-7552,Zomato,Avocado Toast,281.42
2026-03-09,BL-260309-7552,Zomato,Espresso,155.43
2026-03-09,BL-260309-7552,Zomato,Cold Brew,225.32
2026-03-09,BL-260309-7553,Zomato,Masala Chai,83.6
2026-03-09,BL-260309-7553,Zomato,Cappuccino,180.13
2026-03-09,BL-260309-7556,Swiggy,Chocolate Brownie,167.45
2026-03-09,BL-260309-7556,Swiggy,Chocolate Brownie,161.05
2026-03-09,BL-260309-7559,Zomato,Croissant,125.29
2026-03-09,BL-260309-7559,Zomato,Chocolate Brownie,167.21
2026-03-09,BL-260309-7562,Swiggy,Cappuccino,186.69
2026-03-09,BL-260309-7564,Zomato,Chocolate Brownie,164.03
2026-03-09,BL-260309-7564,Zomato,Croissant,121.26
2026-03-09,BL-260309-7564,Zomato,Cold Brew,230.07
2026-03-09,BL-260309-7567,Swiggy,Club Sandwich,333.47
2026-03-09,BL-260309-7572,Zomato,Seasonal Special,393.29
2026-03-09,BL-260309-7573,Swiggy,Espresso,154.74
2026-03-09,BL-260309-7573,Swiggy,Croissant,123.94
2026-03-09,BL-260309-7574,Swiggy,Masala Chai,82.96
2026-03-09,BL-260309-7580,Swiggy,Cold Brew,221.69
2026-03-09,BL-260309-7580,Swiggy,Avocado Toast,288.13
2026-03-09,BL-260309-7582,Swiggy,Masala Chai,83.73
2026-03-09,BL-260309-7582,Swiggy,Cappuccino,188.41
2026-03-09,BL-260309-7582,Swiggy,Latte,200.21
2026-03-09,BL-260309-7591,Zomato,Espresso,156.41
2026-03-09,BL-260309-7592,Swiggy,Blueberry Muffin,144.15
2026-03-09,BL-260309-7592,Swiggy,Blueberry Muffin,145.09
2026-03-09,BL-260309-7594,Zomato,Veg Wrap,261.15
2026-03-09,BL-260309-7594,Zomato,Iced Latte,246.94
2026-03-09,BL-260309-7594,Zomato,Croissant,248.67
2026-03-10,BL-260310-7600,Zomato,Cappuccino,180.88
2026-03-10,BL-260310-7603,Zomato,Iced Latte,247.74
2026-03-10,BL-260310-7603,Zomato,Cappuccino,361.68
2026-03-10,BL-260310-7606,Swiggy,Cold Brew,224.46
2026-03-10,BL-260310-7611,Zomato,Seasonal Special,777.1
2026-03-10,BL-260310-7612,Zomato,Chocolate Brownie,165.06
2026-03-10,BL-260310-7615,Swiggy,Iced Latte,247.53
2026-03-10,BL-260310-7615,Swiggy,Club Sandwich,330.37
2026-03-10,BL-260310-7615,Swiggy,Veg Wrap,264.94
2026-03-10,BL-260310-7622,Swiggy,Iced Latte,479.0
2026-03-10,BL-260310-7622,Swiggy,Seasonal Special,395.6
2026-03-10,BL-260310-7622,Swiggy,Iced Latte,251.71
2026-03-10,BL-260310-7622,Swiggy,Masala Chai,82.63
2026-03-10,BL-260310-7628,Swiggy,Espresso,151.64
2026-03-10,BL-260310-7628,Swiggy,Espresso,152.62
2026-03-10,BL-260310-7630,Zomato,Cappuccino,186.82
2026-03-10,BL-260310-7631,Zomato,Latte,206.71
2026-03-10,BL-260310-7632,Zomato,Blueberry Muffin,146.3
2026-03-10,BL-260310-7632,Zomato,Masala Chai,82.05
2026-03-10,BL-260310-7636,Zomato,Latte,406.93
2026-03-10,BL-260310-7636,Zomato,Cappuccino,179.63
2026-03-10,BL-260310-7639,Swiggy,Seasonal Special,392.13
2026-03-10,BL-260310-7639,Swiggy,Espresso,151.2
2026-03-10,BL-260310-7641,Zomato,Cold Brew,223.27
2026-03-10,BL-260310-7643,Zomato,Blueberry Muffin,140.87
2026-03-10,BL-260310-7643,Zomato,Espresso,152.12
2026-03-10,BL-260310-7648,Zomato,Espresso,156.28
2026-03-10,BL-260310-7654,Swiggy,Croissant,123.48
2026-03-10,BL-260310-7654,Swiggy,Chocolate Brownie,164.67
2026-03-10,BL-260310-7655,Zomato,Espresso,299.87
2026-03-10,BL-260310-7658,Swiggy,Croissant,121.36
2026-03-10,BL-260310-7658,Swiggy,Club Sandwich,332.5
2026-03-10,BL-260310-7663,Zomato,Masala Chai,79.81
2026-03-10,BL-260310-7663,Zomato,Croissant,122.56
2026-03-10,BL-260310-7663,Zomato,Veg Wrap,263.5
2026-03-10,BL-260310-7665,Zomato,Iced Latte,251.58
2026-03-10,BL-260310-7667,Zomato,Espresso,154.58
2026-03-10,BL-260310-7667,Zomato,Iced Latte,249.14
2026-03-10,BL-260310-7670,Zomato,Cold Brew,222.2
2026-03-10,BL-260310-7670,Zomato,Club Sandwich,322.46
2026-03-10,BL-260310-7676,Zomato,Masala Chai,81.71
2026-03-10,BL-260310-7676,Zomato,Blueberry Muffin,142.46
2026-03-10,BL-260310-7676,Zomato,Masala Chai,83.75
2026-03-10,BL-260310-7678,Swiggy,Cold Brew,230.79
2026-03-10,BL-260310-7678,Swiggy,Iced Latte,250.8
2026-03-10,BL-260310-7680,Zomato,Blueberry Muffin,146.99
2026-03-10,BL-260310-7680,Zomato,Blueberry Muffin,140.61
2026-03-10,BL-260310-7681,Zomato,Cappuccino,187.07
2026-03-10,BL-260310-7681,Zomato,Blueberry Muffin,144.17
2026-03-10,BL-260310-7682,Swiggy,Espresso,156.33
2026-03-10,BL-260310-7683,Zomato,Chocolate Brownie,166.54
2026-03-10,BL-260310-7683,Zomato,Masala Chai,82.09
2026-03-10,BL-260310-7683,Zomato,Cappuccino,180.38
2026-03-10,BL-260310-7685,Swiggy,Cold Brew,459.56
2026-03-10,BL-260310-7685,Swiggy,Seasonal Special,403.48
2026-03-10,BL-260310-7691,Zomato,Cappuccino,182.51
2026-03-10,BL-260310-7691,Zomato,Iced Latte,251.72
2026-03-10,BL-260310-7693,Swiggy,Croissant,123.83
2026-03-10,BL-260310-7693,Swiggy,Seasonal Special,385.72
2026-03-10,BL-260310-7694,Zomato,Seasonal Special,385.14
2026-03-10,BL-260310-7695,Swiggy,Club Sandwich,324.51
2026-03-10,BL-260310-7699,Swiggy,Espresso,149.92
2026-03-11,BL-260311-7700,Zomato,Club Sandwich,321.58
2026-03-11,BL-260311-7701,Zomato,Iced Latte,248.29
2026-03-11,BL-260311-7709,Swiggy,Croissant,121.46
2026-03-11,BL-260311-7709,Swiggy,Cappuccino,369.14
2026-03-11,BL-260311-7709,Swiggy,Masala Chai,82.41
2026-03-11,BL-260311-7711,Swiggy,Club Sandwich,325.99
2026-03-11,BL-260311-7712,Swiggy,Iced Latte,245.67
2026-03-11,BL-260311-7712,Swiggy,Croissant,125.55
2026-03-11,BL-260311-7718,Zomato,Blueberry Muffin,140.9
2026-03-11,BL-260311-7719,Swiggy,Chocolate Brownie,322.82
2026-03-11,BL-260311-7719,Swiggy,Chocolate Brownie,166.99
2026-03-11,BL-260311-7719,Swiggy,Blueberry Muffin,146.45
2026-03-11,BL-260311-7726,Zomato,Blueberry Muffin,287.39
2026-03-11,BL-260311-7727,Swiggy,Croissant,122.68
2026-03-11,BL-260311-7727,Swiggy,Iced Latte,246.13
2026-03-11,BL-260311-7728,Swiggy,Chocolate Brownie,165.71
2026-03-11,BL-260311-7730,Swiggy,Chocolate Brownie,322.42
2026-03-11,BL-260311-7731,Swiggy,Seasonal Special,392.34
2026-03-11,BL-260311-7731,Swiggy,Croissant,122.27
2026-03-11,BL-260311-7733,Swiggy,Cold Brew,220.3
2026-03-11,BL-260311-7733,Swiggy,Avocado Toast,293.65
2026-03-11,BL-260311-7734,Swiggy,Chocolate Brownie,167.21
2026-03-11,BL-260311-7734,Swiggy,Cappuccino,187.81
2026-03-11,BL-260311-7734,Swiggy,Iced Latte,242.43
2026-03-11,BL-260311-7735,Swiggy,Veg Wrap,519.02
2026-03-11,BL-260311-7735,Swiggy,Masala Chai,81.64
2026-03-11,BL-260311-7739,Zomato,Latte,208.84
2026-03-11,BL-260311-7742,Zomato,Cappuccino,185.93
2026-03-11,BL-260311-7742,Zomato,Veg Wrap,263.66
2026-03-11,BL-260311-7744,Swiggy,Avocado Toast,584.34
2026-03-11,BL-260311-7744,Swiggy,Avocado Toast,569.12
2026-03-11,BL-260311-7745,Zomato,Veg Wrap,263.31
2026-03-11,BL-260311-7747,Zomato,Veg Wrap,271.37
2026-03-11,BL-260311-7748,Zomato,Veg Wrap,271.0
2026-03-11,BL-260311-7748,Zomato,Latte,204.18
2026-03-11,BL-260311-7750,Zomato,Blueberry Muffin,146.17
2026-03-11,BL-260311-7750,Zomato,Club Sandwich,323.16
2026-03-11,BL-260311-7751,Swiggy,Veg Wrap,272.08
2026-03-11,BL-260311-7754,Swiggy,Croissant,119.97
2026-03-11,BL-260311-7754,Swiggy,Cold Brew,226.35
2026-03-11,BL-260311-7754,Swiggy,Cappuccino,366.57
2026-03-11,BL-260311-7755,Zomato,Seasonal Special,401.58
2026-03-11,BL-260311-7755,Zomato,Chocolate Brownie,164.18
2026-03-11,BL-260311-7758,Swiggy,Iced Latte,242.98
2026-03-11,BL-260311-7760,Zomato,Croissant,119.82
2026-03-11,BL-260311-7760,Zomato,Masala Chai,82.09
2026-03-11,BL-260311-7764,Swiggy,Masala Chai,82.7
2026-03-11,BL-260311-7764,Swiggy,Blueberry Muffin,144.25
2026-03-11,BL-260311-7765,Zomato,Espresso,155.57
2026-03-11,BL-260311-7765,Zomato,Iced Latte,479.83
2026-03-11,BL-260311-7768,Zomato,Seasonal Special,394.7
2026-03-11,BL-260311-7776,Swiggy,Cold Brew,455.6
2026-03-11,BL-260311-7776,Swiggy,Club Sandwich,327.27
2026-03-11,BL-260311-7778,Zomato,Cold Brew,457.42
2026-03-11,BL-260311-7779,Swiggy,Blueberry Muffin,141.92
2026-03-11,BL-260311-7779,Swiggy,Seasonal Special,397.33
2026-03-11,BL-260311-7781,Swiggy,Masala Chai,165.57
2026-03-11,BL-260311-7782,Zomato,Espresso,149.79
2026-03-11,BL-260311-7782,Zomato,Cappuccino,181.38
2026-03-11,BL-260311-7782,Zomato,Seasonal Special,394.32
2026-03-12,BL-260312-7789,Zomato,Cold Brew,230.9
2026-03-12,BL-260312-7789,Zomato,Blueberry Muffin,142.09
2026-03-12,BL-260312-7795,Zomato,Chocolate Brownie,160.68
2026-03-12,BL-260312-7797,Zomato,Cold Brew,220.22
2026-03-12,BL-260312-7797,Zomato,Latte,209.09
2026-03-12,BL-260312-7797,Zomato,Chocolate Brownie,165.38
2026-03-12,BL-260312-7802,Zomato,Cold Brew,229.11
2026-03-12,BL-260312-7802,Zomato,Club Sandwich,325.26
2026-03-12,BL-260312-7804-R,Zomato,Cappuccino,182.6
2026-03-12,BL-260312-7804-R,Zomato,Veg Wrap,272.21
2026-03-12,BL-260312-7811,Swiggy,Cold Brew,221.13
2026-03-12,BL-260312-7811,Swiggy,Espresso,314.18
2026-03-12,BL-260312-7814,Zomato,Croissant,123.99
2026-03-12,BL-260312-7815,Swiggy,Iced Latte,239.9
2026-03-12,BL-260312-7815,Swiggy,Veg Wrap,269.72
2026-03-12,BL-260312-7817,Zomato,Croissant,124.7
2026-03-12,BL-260312-7818,Swiggy,Masala Chai,165.92
2026-03-12,BL-260312-7819,Swiggy,Cappuccino,182.1
2026-03-12,BL-260312-7819,Swiggy,Club Sandwich,334.7
2026-03-12,BL-260312-7822,Zomato,Blueberry Muffin,142.55
2026-03-12,BL-260312-7822,Zomato,Cold Brew,219.57
2026-03-12,BL-260312-7824,Swiggy,Espresso,301.05
2026-03-12,BL-260312-7824,Swiggy,Club Sandwich,320.34
2026-03-12,BL-260312-7825,Zomato,Chocolate Brownie,332.46
2026-03-12,BL-260312-7825,Zomato,Croissant,119.92
2026-03-12,BL-260312-7826,Swiggy,Chocolate Brownie,161.11
2026-03-12,BL-260312-7827,Zomato,Chocolate Brownie,161.03
2026-03-12,BL-260312-7828,Swiggy,Seasonal Special,385.85
2026-03-12,BL-260312-7828,Swiggy,Cappuccino,186.52
2026-03-12,BL-260312-7830,Swiggy,Latte,206.35
2026-03-12,BL-260312-7832,Zomato,Seasonal Special,402.56
2026-03-12,BL-260312-7833,Swiggy,Iced Latte,251.13
2026-03-12,BL-260312-7833,Swiggy,Chocolate Brownie,330.62
2026-03-12,BL-260312-7838,Zomato,Cold Brew,221.26
2026-03-12,BL-260312-7838,Zomato,Croissant,120.84
2026-03-12,BL-260312-7838,Zomato,Blueberry Muffin,141.28
2026-03-12,BL-260312-7840,Swiggy,Seasonal Special,403.85
2026-03-12,BL-260312-7842,Swiggy,Seasonal Special,791.85
2026-03-12,BL-260312-7842,Swiggy,Chocolate Brownie,161.54
2026-03-12,BL-260312-7844,Zomato,Iced Latte,245.39
2026-03-12,BL-260312-7844,Zomato,Seasonal Special,388.9
2026-03-12,BL-260312-7844,Zomato,Latte,201.47
2026-03-12,BL-260312-7845,Zomato,Chocolate Brownie,160.43
2026-03-12,BL-260312-7845,Zomato,Club Sandwich,330.69
2026-03-12,BL-260312-7845,Zomato,Cold Brew,439.43
2026-03-12,BL-260312-7845,Zomato,Cappuccino,375.41
2026-03-12,BL-260312-7846,Zomato,Latte,203.88
2026-03-12,BL-260312-7847,Zomato,Club Sandwich,323.65
2026-03-12,BL-260312-7847,Zomato,Avocado Toast,582.79
2026-03-12,BL-260312-7848,Zomato,Blueberry Muffin,145.17
2026-03-12,BL-260312-7848,Zomato,Cold Brew,223.08
2026-03-12,BL-260312-7849-R,Zomato,Cold Brew,223.23
2026-03-12,BL-260312-7852,Swiggy,Seasonal Special,395.98
2026-03-12,BL-260312-7854,Swiggy,Veg Wrap,271.26
2026-03-12,BL-260312-7854,Swiggy,Blueberry Muffin,146.75
2026-03-12,BL-260312-7855,Swiggy,Blueberry Muffin,282.03
2026-03-12,BL-260312-7855,Swiggy,Seasonal Special,386.82
2026-03-12,BL-260312-7856,Swiggy,Croissant,240.61
2026-03-12,BL-260312-7856,Swiggy,Cappuccino,181.55
2026-03-12,BL-260312-7856,Swiggy,Cold Brew,221.6
2026-03-12,BL-260312-7858,Zomato,Avocado Toast,284.15
2026-03-12,BL-260312-7858,Zomato,Veg Wrap,260.4
2026-03-12,BL-260312-7859,Zomato,Chocolate Brownie,322.49
2026-03-12,BL-260312-7863,Swiggy,Espresso,156.89
2026-03-12,BL-260312-7865,Zomato,Latte,201.73
2026-03-12,BL-260312-7866,Zomato,Espresso,149.89
2026-03-12,BL-260312-7866,Zomato,Club Sandwich,320.89
2026-03-12,BL-260312-7869,Zomato,Chocolate Brownie,161.1
2026-03-12,BL-260312-7869,Zomato,Blueberry Muffin,142.13
2026-03-12,BL-260312-7870,Swiggy,Cold Brew,221.31
2026-03-12,BL-260312-7870,Swiggy,Espresso,149.72
2026-03-12,BL-260312-7870,Swiggy,Club Sandwich,323.13
2026-03-13,BL-260313-7877,Zomato,Iced Latte,483.82
2026-03-13,BL-260313-7877,Zomato,Chocolate Brownie,163.43
2026-03-13,BL-260313-7886,Zomato,Veg Wrap,269.61
2026-03-13,BL-260313-7886,Zomato,Seasonal Special,389.34
2026-03-13,BL-260313-7888,Swiggy,Cappuccino,186.75
2026-03-13,BL-260313-7888,Swiggy,Veg Wrap,528.2
2026-03-13,BL-260313-7888,Swiggy,Blueberry Muffin,146.53
2026-03-13,BL-260313-7889,Zomato,Cold Brew,225.74
2026-03-13,BL-260313-7889,Zomato,Espresso,152.32
2026-03-13,BL-260313-7890,Zomato,Croissant,122.41
2026-03-13,BL-260313-7891,Zomato,Cold Brew,227.49
2026-03-13,BL-260313-7891,Zomato,Iced Latte,246.93
2026-03-13,BL-260313-7892,Zomato,Cold Brew,228.4
2026-03-13,BL-260313-7892,Zomato,Seasonal Special,402.28
2026-03-13,BL-260313-7893,Swiggy,Croissant,121.8
2026-03-13,BL-260313-7895,Zomato,Seasonal Special,387.22
2026-03-13,BL-260313-7895,Zomato,Croissant,123.56
2026-03-13,BL-260313-7897,Zomato,Cappuccino,185.46
2026-03-13,BL-260313-7897,Zomato,Avocado Toast,290.49
2026-03-13,BL-260313-7902,Zomato,Avocado Toast,282.66
2026-03-13,BL-260313-7902,Zomato,Iced Latte,250.1
2026-03-13,BL-260313-7905,Swiggy,Seasonal Special,802.16
2026-03-13,BL-260313-7905,Swiggy,Cold Brew,221.44
2026-03-13,BL-260313-7905,Swiggy,Latte,201.75
2026-03-13,BL-260313-7910,Zomato,Avocado Toast,279.67
2026-03-13,BL-260313-7910,Zomato,Iced Latte,251.33
2026-03-13,BL-260313-7910,Zomato,Masala Chai,80.67
2026-03-13,BL-260313-7911,Swiggy,Seasonal Special,388.36
2026-03-13,BL-260313-7912,Zomato,Avocado Toast,289.08
2026-03-13,BL-260313-7912,Zomato,Club Sandwich,324.35
2026-03-13,BL-260313-7913,Swiggy,Espresso,156.04
2026-03-13,BL-260313-7914,Zomato,Chocolate Brownie,161.96
2026-03-13,BL-260313-7914,Zomato,Seasonal Special,389.4
2026-03-13,BL-260313-7914,Zomato,Latte,415.04
2026-03-13,BL-260313-7918,Zomato,Cold Brew,229.83
2026-03-13,BL-260313-7918,Zomato,Espresso,304.52
2026-03-13,BL-260313-7926,Zomato,Iced Latte,248.82
2026-03-13,BL-260313-7926,Zomato,Espresso,156.44
2026-03-13,BL-260313-7936,Swiggy,Club Sandwich,322.31
2026-03-13,BL-260313-7936,Swiggy,Croissant,123.21
2026-03-13,BL-260313-7943,Zomato,Espresso,302.32
2026-03-13,BL-260313-7947,Zomato,Croissant,121.52
2026-03-13,BL-260313-7947,Zomato,Chocolate Brownie,325.28
2026-03-13,BL-260313-7947,Zomato,Masala Chai,80.13
2026-03-13,BL-260313-7953,Zomato,Seasonal Special,392.66
2026-03-13,BL-260313-7953,Zomato,Avocado Toast,290.56
2026-03-13,BL-260313-7953,Zomato,Iced Latte,480.73
2026-03-13,BL-260313-7955,Zomato,Iced Latte,491.88
2026-03-13,BL-260313-7958,Swiggy,Croissant,120.27
2026-03-13,BL-260313-7958,Swiggy,Iced Latte,246.28
2026-03-13,BL-260313-7960,Zomato,Veg Wrap,269.94
2026-03-13,BL-260313-7961,Swiggy,Avocado Toast,289.2
2026-03-13,BL-260313-7961,Swiggy,Avocado Toast,285.58
2026-03-13,BL-260313-7963,Zomato,Latte,201.45
2026-03-13,BL-260313-7964,Zomato,Seasonal Special,401.84
2026-03-13,BL-260313-7964,Zomato,Masala Chai,83.69
2026-03-13,BL-260313-7970,Swiggy,Latte,406.04
2026-03-13,BL-260313-7970,Swiggy,Cappuccino,183.75
2026-03-13,BL-260313-7970,Swiggy,Cappuccino,181.68
2026-03-13,BL-260313-7971,Swiggy,Cold Brew,444.73
2026-03-13,BL-260313-7971,Swiggy,Masala Chai,81.41
2026-03-13,BL-260313-7971,Swiggy,Iced Latte,250.6
2026-03-13,BL-260313-7974,Swiggy,Espresso,150.62
2026-03-13,BL-260313-7976,Zomato,Blueberry Muffin,143.75
2026-03-13,BL-260313-7976,Zomato,Chocolate Brownie,164.58
2026-03-13,BL-260313-7980,Zomato,Cold Brew,224.83
2026-03-13,BL-260313-7980,Zomato,Latte,201.0
2026-03-13,BL-260313-7981,Swiggy,Seasonal Special,399.95
2026-03-13,BL-260313-7982,Zomato,Espresso,157.25
2026-03-13,BL-260313-7982,Zomato,Seasonal Special,404.23
2026-03-13,BL-260313-7984,Zomato,Club Sandwich,324.6
2026-03-13,BL-260313-7985,Zomato,Veg Wrap,259.41
2026-03-13,BL-260313-7985,Zomato,Seasonal Special,401.97
2026-03-13,BL-260313-7985,Zomato,Espresso,150.01
2026-03-14,BL-260314-7992,Swiggy,Seasonal Special,391.83
2026-03-14,BL-260314-7992,Swiggy,Espresso,153.11
2026-03-14,BL-260314-7992,Swiggy,Latte,204.53
2026-03-14,BL-260314-7995,Swiggy,Cappuccino,184.47
2026-03-14,BL-260314-7996,Swiggy,Croissant,124.55
2026-03-14,BL-260314-7996,Swiggy,Chocolate Brownie,162.3
2026-03-14,BL-260314-7997,Swiggy,Croissant,123.47
2026-03-14,BL-260314-7997,Swiggy,Masala Chai,83.94
2026-03-14,BL-260314-7997,Swiggy,Blueberry Muffin,292.99
2026-03-14,BL-260314-8000,Zomato,Veg Wrap,271.04
2026-03-14,BL-260314-8012,Swiggy,Iced Latte,244.85
2026-03-14,BL-260314-8016,Swiggy,Masala Chai,81.2
2026-03-14,BL-260314-8016,Swiggy,Seasonal Special,396.15
2026-03-14,BL-260314-8016,Swiggy,Avocado Toast,292.45
2026-03-14,BL-260314-8018,Zomato,Masala Chai,160.52
2026-03-14,BL-260314-8018,Zomato,Espresso,150.17
2026-03-14,BL-260314-8023,Swiggy,Cold Brew,219.8
2026-03-14,BL-260314-8024,Zomato,Latte,403.33
2026-03-14,BL-260314-8025,Swiggy,Iced Latte,248.62
2026-03-14,BL-260314-8031,Zomato,Iced Latte,248.36
2026-03-14,BL-260314-8033,Zomato,Cold Brew,224.01
2026-03-14,BL-260314-8033,Zomato,Cold Brew,221.47
2026-03-14,BL-260314-8037,Zomato,Avocado Toast,289.91
2026-03-14,BL-260314-8038,Swiggy,Veg Wrap,267.18
2026-03-14,BL-260314-8038,Swiggy,Masala Chai,79.96
2026-03-14,BL-260314-8038,Swiggy,Iced Latte,251.44
2026-03-14,BL-260314-8043,Swiggy,Masala Chai,79.98
2026-03-14,BL-260314-8043,Swiggy,Espresso,155.38
2026-03-14,BL-260314-8044,Zomato,Blueberry Muffin,144.2
2026-03-14,BL-260314-8044,Zomato,Chocolate Brownie,160.02
2026-03-14,BL-260314-8044,Zomato,Cappuccino,187.03
2026-03-14,BL-260314-8045,Swiggy,Chocolate Brownie,323.46
2026-03-14,BL-260314-8045,Swiggy,Cold Brew,224.43
2026-03-14,BL-260314-8047,Zomato,Croissant,125.93
2026-03-14,BL-260314-8051,Zomato,Blueberry Muffin,143.46
2026-03-14,BL-260314-8052,Swiggy,Latte,206.34
2026-03-14,BL-260314-8052,Swiggy,Cappuccino,183.4
2026-03-14,BL-260314-8065,Zomato,Latte,414.22
2026-03-14,BL-260314-8065,Zomato,Croissant,121.1
2026-03-14,BL-260314-8065,Zomato,Croissant,121.38
2026-03-14,BL-260314-8066,Zomato,Croissant,120.72
2026-03-14,BL-260314-8066,Zomato,Iced Latte,240.34
2026-03-14,BL-260314-8067,Zomato,Iced Latte,497.6
2026-03-14,BL-260314-8067,Zomato,Avocado Toast,280.36
2026-03-14,BL-260314-8070,Swiggy,Club Sandwich,325.18
2026-03-14,BL-260314-8070,Swiggy,Seasonal Special,770.22
2026-03-14,BL-260314-8070,Swiggy,Avocado Toast,575.06
2026-03-14,BL-260314-8071,Swiggy,Masala Chai,83.65
2026-03-14,BL-260314-8072,Swiggy,Blueberry Muffin,143.08
2026-03-14,BL-260314-8073,Swiggy,Espresso,153.21
2026-03-14,BL-260314-8078,Swiggy,Chocolate Brownie,331.52
2026-03-14,BL-260314-8078,Swiggy,Seasonal Special,403.14
2026-03-14,BL-260314-8078,Swiggy,Chocolate Brownie,329.22
2026-03-14,BL-260314-8078,Swiggy,Club Sandwich,323.75
2026-03-14,BL-260314-8079,Zomato,Espresso,149.76
2026-03-14,BL-260314-8080,Zomato,Masala Chai,83.78
2026-03-14,BL-260314-8081,Swiggy,Avocado Toast,287.65
2026-03-14,BL-260314-8081,Swiggy,Masala Chai,83.88
2026-03-14,BL-260314-8086,Swiggy,Veg Wrap,545.15
2026-03-14,BL-260314-8087,Zomato,Croissant,119.76
2026-03-14,BL-260314-8088,Zomato,Croissant,121.43
2026-03-14,BL-260314-8088,Zomato,Cappuccino,183.28
2026-03-14,BL-260314-8092-R,Zomato,Espresso,151.7
2026-03-14,BL-260314-8095,Swiggy,Latte,405.63
2026-03-14,BL-260314-8099,Swiggy,Cold Brew,224.3
2026-03-14,BL-260314-8099,Swiggy,Cappuccino,179.73
2026-03-14,BL-260314-8099,Swiggy,Blueberry Muffin,140.86
2026-03-14,BL-260314-8101,Zomato,Cappuccino,183.61
2026-03-14,BL-260314-8101,Zomato,Chocolate Brownie,161.42
2026-03-14,BL-260314-8104,Swiggy,Blueberry Muffin,142.39
2026-03-15,BL-260315-8109,Zomato,Latte,208.5
2026-03-15,BL-260315-8109,Zomato,Seasonal Special,798.41
2026-03-15,BL-260315-8113,Swiggy,Blueberry Muffin,142.11
2026-03-15,BL-260315-8113,Swiggy,Avocado Toast,569.49
2026-03-15,BL-260315-8116,Zomato,Club Sandwich,324.8
2026-03-15,BL-260315-8116,Zomato,Club Sandwich,330.39
2026-03-15,BL-260315-8118,Zomato,Croissant,120.58
2026-03-15,BL-260315-8118,Zomato,Blueberry Muffin,141.63
2026-03-15,BL-260315-8120,Zomato,Avocado Toast,289.87
2026-03-15,BL-260315-8120,Zomato,Masala Chai,79.86
2026-03-15,BL-260315-8126,Zomato,Cappuccino,184.96
2026-03-15,BL-260315-8126,Zomato,Espresso,153.38
2026-03-15,BL-260315-8127,Swiggy,Blueberry Muffin,292.4
2026-03-15,BL-260315-8130,Swiggy,Club Sandwich,330.43
2026-03-15,BL-260315-8130,Swiggy,Avocado Toast,279.38
2026-03-15,BL-260315-8134,Swiggy,Seasonal Special,392.79
2026-03-15,BL-260315-8135-R,Zomato,Cold Brew,220.22
2026-03-15,BL-260315-8135-R,Zomato,Iced Latte,247.38
2026-03-15,BL-260315-8137,Zomato,Seasonal Special,391.59
2026-03-15,BL-260315-8137,Zomato,Iced Latte,249.04
2026-03-15,BL-260315-8137,Zomato,Veg Wrap,266.12
2026-03-15,BL-260315-8140,Zomato,Seasonal Special,391.1
2026-03-15,BL-260315-8140,Zomato,Blueberry Muffin,146.26
2026-03-15,BL-260315-8141,Swiggy,Cold Brew,229.12
2026-03-15,BL-260315-8141,Swiggy,Cappuccino,188.11
2026-03-15,BL-260315-8145,Swiggy,Espresso,153.61
2026-03-15,BL-260315-8145,Swiggy,Latte,205.12
2026-03-15,BL-260315-8145,Swiggy,Masala Chai,81.81
2026-03-15,BL-260315-8146,Zomato,Chocolate Brownie,322.84
2026-03-15,BL-260315-8146,Zomato,Masala Chai,83.48
2026-03-15,BL-260315-8148,Zomato,Club Sandwich,664.66
2026-03-15,BL-260315-8148,Zomato,Veg Wrap,263.81
2026-03-15,BL-260315-8150,Swiggy,Croissant,121.37
2026-03-15,BL-260315-8155,Swiggy,Iced Latte,248.71
2026-03-15,BL-260315-8155,Swiggy,Latte,202.36
2026-03-15,BL-260315-8156,Swiggy,Espresso,156.53
2026-03-15,BL-260315-8156,Swiggy,Iced Latte,247.92
2026-03-15,BL-260315-8157,Zomato,Veg Wrap,267.28
2026-03-15,BL-260315-8162,Zomato,Cold Brew,445.9
2026-03-15,BL-260315-8164,Zomato,Chocolate Brownie,161.84
2026-03-15,BL-260315-8164,Zomato,Seasonal Special,386.52
2026-03-15,BL-260315-8167,Swiggy,Latte,399.33
2026-03-15,BL-260315-8167,Swiggy,Latte,209.59
2026-03-15,BL-260315-8173-R,Zomato,Chocolate Brownie,165.74
2026-03-15,BL-260315-8173-R,Zomato,Croissant,120.61
2026-03-15,BL-260315-8174,Zomato,Latte,199.62
2026-03-15,BL-260315-8174,Zomato,Seasonal Special,402.42
2026-03-15,BL-260315-8174,Zomato,Avocado Toast,293.26
2026-03-15,BL-260315-8180,Zomato,Espresso,155.95
2026-03-15,BL-260315-8181,Swiggy,Cold Brew,222.9
2026-03-15,BL-260315-8181,Swiggy,Cold Brew,229.84
2026-03-15,BL-260315-8182,Zomato,Croissant,123.03
2026-03-15,BL-260315-8182,Zomato,Seasonal Special,388.99
2026-03-15,BL-260315-8185,Zomato,Croissant,119.87
2026-03-15,BL-260315-8185,Zomato,Avocado Toast,284.31
2026-03-15,BL-260315-8186,Zomato,Espresso,154.01
2026-03-15,BL-260315-8186,Zomato,Club Sandwich,325.62
2026-03-15,BL-260315-8191,Zomato,Masala Chai,167.76
2026-03-15,BL-260315-8193,Zomato,Cold Brew,221.88
2026-03-15,BL-260315-8201,Swiggy,Blueberry Muffin,141.4
2026-03-15,BL-260315-8201,Swiggy,Avocado Toast,291.16
2026-03-15,BL-260315-8201,Swiggy,Latte,208.81
2026-03-15,BL-260315-8201,Swiggy,Masala Chai,83.17
2026-03-15,BL-260315-8205,Swiggy,Avocado Toast,281.43
2026-03-15,BL-260315-8207,Zomato,Blueberry Muffin,141.7
2026-03-15,BL-260315-8207,Zomato,Cold Brew,459.64
2026-03-15,BL-260315-8212,Zomato,Cappuccino,185.43
2026-03-15,BL-260315-8213,Swiggy,Cold Brew,225.86
2026-03-15,BL-260315-8213,Swiggy,Chocolate Brownie,161.47
2026-03-15,BL-260315-8213,Swiggy,Cappuccino,184.34
2026-03-15,BL-260315-8216,Zomato,Cappuccino,188.56
2026-03-15,BL-260315-8221,Swiggy,Seasonal Special,783.78
2026-03-15,BL-260315-8221,Swiggy,Club Sandwich,331.31
2026-03-15,BL-260315-8222,Zomato,Avocado Toast,281.09
2026-03-15,BL-260315-8222,Zomato,Seasonal Special,389.74
2026-03-15,BL-260315-8226,Swiggy,Avocado Toast,287.61
2026-03-15,BL-260315-8228,Swiggy,Cold Brew,441.47
2026-03-15,BL-260315-8228,Swiggy,Croissant,124.24
2026-03-15,BL-260315-8234,Swiggy,Masala Chai,80.73
2026-03-15,BL-260315-8234,Swiggy,Club Sandwich,328.17
2026-03-15,BL-260315-8234,Swiggy,Chocolate Brownie,167.74
2026-03-15,BL-260315-8235,Zomato,Cappuccino,187.92
2026-03-15,BL-260315-8235,Zomato,Blueberry Muffin,139.97
2026-03-15,BL-260315-8236,Swiggy,Blueberry Muffin,146.92
2026-03-15,BL-260315-8237,Zomato,Chocolate Brownie,321.5
2026-03-15,BL-260315-8238,Swiggy,Blueberry Muffin,144.76
2026-03-15,BL-260315-8239,Swiggy,Espresso,151.47
2026-03-15,BL-260315-8239,Swiggy,Croissant,121.42
2026-03-16,BL-260316-8243,Zomato,Cold Brew,220.3
2026-03-16,BL-260316-8243,Zomato,Cappuccino,188.31
2026-03-16,BL-260316-8243,Zomato,Latte,206.58
2026-03-16,BL-260316-8248,Zomato,Avocado Toast,290.24
2026-03-16,BL-260316-8249,Zomato,Iced Latte,249.38
2026-03-16,BL-260316-8249,Zomato,Cold Brew,228.43
2026-03-16,BL-260316-8249,Zomato,Iced Latte,492.85
2026-03-16,BL-260316-8250,Zomato,Croissant,124.9
2026-03-16,BL-260316-8250,Zomato,Masala Chai,80.26
2026-03-16,BL-260316-8250,Zomato,Latte,201.44
2026-03-16,BL-260316-8253,Swiggy,Chocolate Brownie,164.74
2026-03-16,BL-260316-8255,Swiggy,Latte,208.36
2026-03-16,BL-260316-8256,Swiggy,Cappuccino,187.47
2026-03-16,BL-260316-8256,Swiggy,Iced Latte,490.01
2026-03-16,BL-260316-8256,Swiggy,Latte,209.63
2026-03-16,BL-260316-8258,Swiggy,Blueberry Muffin,144.64
2026-03-16,BL-260316-8258,Swiggy,Masala Chai,83.46
2026-03-16,BL-260316-8260,Zomato,Iced Latte,250.49
2026-03-16,BL-260316-8260,Zomato,Chocolate Brownie,167.56
2026-03-16,BL-260316-8261,Swiggy,Veg Wrap,265.55
2026-03-16,BL-260316-8261,Swiggy,Avocado Toast,290.13
2026-03-16,BL-260316-8263,Swiggy,Masala Chai,80.73
2026-03-16,BL-260316-8263,Swiggy,Veg Wrap,260.52
2026-03-16,BL-260316-8264,Zomato,Iced Latte,246.57
2026-03-16,BL-260316-8264,Zomato,Croissant,120.43
2026-03-16,BL-260316-8264,Zomato,Chocolate Brownie,167.35
2026-03-16,BL-260316-8266,Zomato,Seasonal Special,385.76
2026-03-16,BL-260316-8269,Swiggy,Avocado Toast,284.23
2026-03-16,BL-260316-8270,Zomato,Club Sandwich,327.29
2026-03-16,BL-260316-8272,Swiggy,Seasonal Special,802.74
2026-03-16,BL-260316-8275,Swiggy,Chocolate Brownie,163.81
2026-03-16,BL-260316-8275,Swiggy,Iced Latte,239.85
2026-03-16,BL-260316-8277,Zomato,Masala Chai,81.88
2026-03-16,BL-260316-8277,Zomato,Blueberry Muffin,142.75
2026-03-16,BL-260316-8279,Swiggy,Cold Brew,230.6
2026-03-16,BL-260316-8279,Swiggy,Iced Latte,239.75
2026-03-16,BL-260316-8282,Zomato,Cold Brew,229.91
2026-03-16,BL-260316-8285,Swiggy,Club Sandwich,332.62
2026-03-16,BL-260316-8292,Zomato,Cold Brew,227.47
2026-03-16,BL-260316-8293,Swiggy,Veg Wrap,261.44
2026-03-16,BL-260316-8293,Swiggy,Veg Wrap,261.81
2026-03-16,BL-260316-8293,Swiggy,Iced Latte,242.09
2026-03-16,BL-260316-8295,Swiggy,Iced Latte,246.47
2026-03-16,BL-260316-8298,Zomato,Chocolate Brownie,327.7
2026-03-16,BL-260316-8298,Zomato,Veg Wrap,521.1
2026-03-16,BL-260316-8299,Zomato,Seasonal Special,400.03
2026-03-16,BL-260316-8299,Zomato,Seasonal Special,777.5
2026-03-16,BL-260316-8300,Zomato,Masala Chai,83.37
2026-03-16,BL-260316-8300,Zomato,Veg Wrap,260.11
2026-03-16,BL-260316-8302,Swiggy,Croissant,125.79
2026-03-16,BL-260316-8302,Swiggy,Cappuccino,188.9
2026-03-16,BL-260316-8302,Swiggy,Iced Latte,249.15
2026-03-16,BL-260316-8302,Swiggy,Seasonal Special,395.91
2026-03-16,BL-260316-8304,Swiggy,Iced Latte,250.07
2026-03-16,BL-260316-8304,Swiggy,Club Sandwich,325.09
2026-03-16,BL-260316-8305,Swiggy,Chocolate Brownie,163.51
2026-03-16,BL-260316-8307,Swiggy,Chocolate Brownie,163.42
2026-03-16,BL-260316-8309,Swiggy,Iced Latte,251.37
2026-03-16,BL-260316-8311,Swiggy,Iced Latte,249.06
2026-03-16,BL-260316-8311,Swiggy,Cappuccino,181.75
2026-03-16,BL-260316-8313,Zomato,Cappuccino,188.85
2026-03-16,BL-260316-8313,Zomato,Iced Latte,249.88
2026-03-16,BL-260316-8316,Zomato,Cold Brew,222.05
2026-03-16,BL-260316-8316,Zomato,Blueberry Muffin,143.16
2026-03-16,BL-260316-8320,Zomato,Veg Wrap,262.84
2026-03-16,BL-260316-8320,Zomato,Iced Latte,239.92
2026-03-16,BL-260316-8320,Zomato,Chocolate Brownie,161.86
2026-03-16,BL-260316-8322,Swiggy,Masala Chai,163.73
2026-03-16,BL-260316-8322,Swiggy,Veg Wrap,264.95
2026-03-16,BL-260316-8324,Zomato,Chocolate Brownie,333.91
2026-03-16,BL-260316-8324,Zomato,Club Sandwich,329.45
2026-03-16,BL-260316-8325,Zomato,Chocolate Brownie,161.04
2026-03-16,BL-260316-8325,Zomato,Croissant,125.85
2026-03-16,BL-260316-8329,Swiggy,Cold Brew,220.05
2026-03-16,BL-260316-8332,Zomato,Latte,201.45
2026-03-16,BL-260316-8332,Zomato,Seasonal Special,400.78
2026-03-16,BL-260316-8333,Zomato,Cold Brew,229.71
2026-03-16,BL-260316-8334,Swiggy,Chocolate Brownie,167.4
2026-03-16,BL-260316-8334,Swiggy,Cold Brew,227.95
2026-03-16,BL-260316-8338,Zomato,Seasonal Special,399.74
2026-03-16,BL-260316-8338,Zomato,Iced Latte,249.9
2026-03-16,BL-260316-8339,Swiggy,Blueberry Muffin,144.19
2026-03-16,BL-260316-8346,Zomato,Espresso,151.63
2026-03-16,BL-260316-8346,Zomato,Cappuccino,374.23
2026-03-16,BL-260316-8351,Swiggy,Cold Brew,438.93
2026-03-17,BL-260317-8356,Zomato,Cappuccino,180.12
2026-03-17,BL-260317-8359,Swiggy,Veg Wrap,532.61
2026-03-17,BL-260317-8362,Swiggy,Croissant,120.23
2026-03-17,BL-260317-8365,Swiggy,Iced Latte,492.66
2026-03-17,BL-260317-8365,Swiggy,Blueberry Muffin,287.97
2026-03-17,BL-260317-8366,Zomato,Avocado Toast,286.41
2026-03-17,BL-260317-8366,Zomato,Seasonal Special,390.47
2026-03-17,BL-260317-8368,Zomato,Cappuccino,374.47
2026-03-17,BL-260317-8368,Zomato,Cappuccino,180.46
2026-03-17,BL-260317-8370,Zomato,Club Sandwich,327.13
2026-03-17,BL-260317-8370,Zomato,Espresso,310.19
2026-03-17,BL-260317-8370,Zomato,Espresso,153.58
2026-03-17,BL-260317-8371,Zomato,Cold Brew,223.32
2026-03-17,BL-260317-8371,Zomato,Cold Brew,227.34
2026-03-17,BL-260317-8371,Zomato,Latte,207.96
2026-03-17,BL-260317-8379,Swiggy,Cold Brew,222.03
2026-03-17,BL-260317-8379,Swiggy,Croissant,125.97
2026-03-17,BL-260317-8380,Swiggy,Seasonal Special,400.9
2026-03-17,BL-260317-8380,Swiggy,Croissant,122.42
2026-03-17,BL-260317-8380,Swiggy,Cappuccino,186.25
2026-03-17,BL-260317-8380,Swiggy,Seasonal Special,391.65
2026-03-17,BL-260317-8381,Swiggy,Avocado Toast,287.04
2026-03-17,BL-260317-8381,Swiggy,Latte,205.04
2026-03-17,BL-260317-8381,Swiggy,Masala Chai,83.03
2026-03-17,BL-260317-8382,Swiggy,Cold Brew,224.5
2026-03-17,BL-260317-8383,Zomato,Masala Chai,79.82
2026-03-17,BL-260317-8386,Swiggy,Cappuccino,184.19
2026-03-17,BL-260317-8386,Swiggy,Blueberry Muffin,284.67
2026-03-17,BL-260317-8388,Swiggy,Avocado Toast,290.42
2026-03-17,BL-260317-8391,Zomato,Iced Latte,247.92
2026-03-17,BL-260317-8392,Zomato,Veg Wrap,272.07
2026-03-17,BL-260317-8393,Swiggy,Club Sandwich,320.35
2026-03-17,BL-260317-8394,Swiggy,Iced Latte,245.89
2026-03-17,BL-260317-8394,Swiggy,Masala Chai,80.03
2026-03-17,BL-260317-8395,Zomato,Veg Wrap,259.79
2026-03-17,BL-260317-8397,Swiggy,Seasonal Special,768.77
2026-03-17,BL-260317-8405,Zomato,Latte,203.46
2026-03-17,BL-260317-8408,Zomato,Cappuccino,186.31
2026-03-17,BL-260317-8412,Zomato,Chocolate Brownie,162.56
2026-03-17,BL-260317-8413,Swiggy,Espresso,312.87
2026-03-17,BL-260317-8414,Zomato,Latte,202.88
2026-03-17,BL-260317-8414,Zomato,Chocolate Brownie,165.16
2026-03-17,BL-260317-8417,Zomato,Croissant,123.95
2026-03-17,BL-260317-8417,Zomato,Avocado Toast,286.59
2026-03-17,BL-260317-8420-R,Zomato,Club Sandwich,331.74
2026-03-17,BL-260317-8420-R,Zomato,Blueberry Muffin,145.48
2026-03-17,BL-260317-8420-R,Zomato,Cappuccino,188.41
2026-03-17,BL-260317-8421,Zomato,Espresso,152.43
2026-03-17,BL-260317-8421,Zomato,Avocado Toast,289.65
2026-03-17,BL-260317-8421,Zomato,Cappuccino,183.38
2026-03-17,BL-260317-8423,Swiggy,Masala Chai,81.24
2026-03-17,BL-260317-8424,Swiggy,Cold Brew,226.02
2026-03-17,BL-260317-8424,Swiggy,Seasonal Special,796.78
2026-03-17,BL-260317-8425,Zomato,Iced Latte,241.27
2026-03-17,BL-260317-8425,Zomato,Blueberry Muffin,139.83
2026-03-17,BL-260317-8425,Zomato,Cappuccino,359.43
2026-03-17,BL-260317-8425,Zomato,Club Sandwich,323.18
2026-03-17,BL-260317-8426,Zomato,Cappuccino,182.07
2026-03-17,BL-260317-8426,Zomato,Cold Brew,220.32
2026-03-17,BL-260317-8427,Swiggy,Iced Latte,495.85
2026-03-17,BL-260317-8428,Swiggy,Veg Wrap,264.27
2026-03-17,BL-260317-8428,Swiggy,Espresso,313.62
2026-03-17,BL-260317-8429,Swiggy,Blueberry Muffin,285.67
2026-03-17,BL-260317-8431,Swiggy,Croissant,124.3
2026-03-17,BL-260317-8431,Swiggy,Club Sandwich,335.31
2026-03-17,BL-260317-8434,Zomato,Croissant,124.48
2026-03-17,BL-260317-8434,Zomato,Blueberry Muffin,146.14
2026-03-17,BL-260317-8437,Swiggy,Iced Latte,240.19
2026-03-17,BL-260317-8437,Swiggy,Iced Latte,239.6
2026-03-17,BL-260317-8437,Swiggy,Chocolate Brownie,161.37
2026-03-17,BL-260317-8445,Zomato,Croissant,120.89
2026-03-17,BL-260317-8448,Swiggy,Masala Chai,80.16
2026-03-17,BL-260317-8448,Swiggy,Chocolate Brownie,161.53
2026-03-17,BL-260317-8448,Swiggy,Espresso,155.17
2026-03-17,BL-260317-8453,Swiggy,Chocolate Brownie,331.81
2026-03-17,BL-260317-8453,Swiggy,Cold Brew,228.88
2026-03-17,BL-260317-8453,Swiggy,Seasonal Special,798.25
2026-03-17,BL-260317-8455,Swiggy,Avocado Toast,292.5
2026-03-17,BL-260317-8457,Swiggy,Iced Latte,242.4
2026-03-17,BL-260317-8457,Swiggy,Croissant,124.17
2026-03-17,BL-260317-8457,Swiggy,Veg Wrap,261.36
2026-03-17,BL-260317-8458,Swiggy,Club Sandwich,334.89
2026-03-17,BL-260317-8459,Swiggy,Avocado Toast,290.29
2026-03-17,BL-260317-8459,Swiggy,Latte,205.84
2026-03-17,BL-260317-8462,Zomato,Espresso,156.79
2026-03-17,BL-260317-8464,Zomato,Cold Brew,439.69
2026-03-17,BL-260317-8464,Zomato,Croissant,122.32
2026-03-17,BL-260317-8465,Swiggy,Chocolate Brownie,330.95
2026-03-17,BL-260317-8465,Swiggy,Blueberry Muffin,145.4
2026-03-18,BL-260318-8467,Zomato,Latte,204.86
2026-03-18,BL-260318-8467,Zomato,Avocado Toast,282.47
2026-03-18,BL-260318-8468,Swiggy,Cold Brew,221.0
2026-03-18,BL-260318-8477,Zomato,Espresso,156.48
2026-03-18,BL-260318-8477,Zomato,Club Sandwich,667.96
2026-03-18,BL-260318-8481,Zomato,Croissant,248.94
2026-03-18,BL-260318-8481,Zomato,Cappuccino,188.39
2026-03-18,BL-260318-8488,Zomato,Veg Wrap,272.1
2026-03-18,BL-260318-8488,Zomato,Cappuccino,181.27
2026-03-18,BL-260318-8497,Zomato,Blueberry Muffin,279.81
2026-03-18,BL-260318-8509,Zomato,Seasonal Special,778.38
2026-03-18,BL-260318-8515,Zomato,Avocado Toast,282.93
2026-03-18,BL-260318-8515,Zomato,Cold Brew,460.42
2026-03-18,BL-260318-8518,Zomato,Avocado Toast,285.46
2026-03-18,BL-260318-8518,Zomato,Seasonal Special,390.53
2026-03-18,BL-260318-8519,Swiggy,Iced Latte,249.07
2026-03-18,BL-260318-8519,Swiggy,Cold Brew,227.34
2026-03-18,BL-260318-8522,Zomato,Chocolate Brownie,164.3
2026-03-18,BL-260318-8522,Zomato,Masala Chai,82.8
2026-03-18,BL-260318-8522,Zomato,Veg Wrap,267.83
2026-03-18,BL-260318-8524,Swiggy,Club Sandwich,322.76
2026-03-18,BL-260318-8524,Swiggy,Chocolate Brownie,167.79
2026-03-18,BL-260318-8524,Swiggy,Cold Brew,230.56
2026-03-18,BL-260318-8525,Swiggy,Avocado Toast,286.84
2026-03-18,BL-260318-8529,Zomato,Iced Latte,245.91
2026-03-18,BL-260318-8529,Zomato,Chocolate Brownie,163.99
2026-03-18,BL-260318-8529,Zomato,Espresso,156.51
2026-03-18,BL-260318-8530,Zomato,Club Sandwich,324.25
2026-03-18,BL-260318-8531,Zomato,Blueberry Muffin,146.31
2026-03-18,BL-260318-8531,Zomato,Club Sandwich,320.74
2026-03-18,BL-260318-8536,Swiggy,Seasonal Special,396.5
2026-03-18,BL-260318-8538,Zomato,Cold Brew,225.54
2026-03-18,BL-260318-8538,Zomato,Cappuccino,184.28
2026-03-18,BL-260318-8539,Zomato,Blueberry Muffin,145.52
2026-03-18,BL-260318-8540,Zomato,Croissant,124.19
2026-03-18,BL-260318-8540,Zomato,Masala Chai,80.92
2026-03-18,BL-260318-8540,Zomato,Chocolate Brownie,165.42
2026-03-18,BL-260318-8541,Zomato,Seasonal Special,397.45
2026-03-18,BL-260318-8541,Zomato,Avocado Toast,287.11
2026-03-18,BL-260318-8543,Zomato,Croissant,125.61
2026-03-18,BL-260318-8543,Zomato,Iced Latte,251.36
2026-03-18,BL-260318-8543,Zomato,Iced Latte,250.67
2026-03-18,BL-260318-8544,Swiggy,Cappuccino,372.39
2026-03-18,BL-260318-8544,Swiggy,Masala Chai,80.36
2026-03-18,BL-260318-8549,Zomato,Club Sandwich,321.99
2026-03-18,BL-260318-8549,Zomato,Club Sandwich,335.77
2026-03-18,BL-260318-8555,Zomato,Latte,207.39
2026-03-18,BL-260318-8556,Zomato,Blueberry Muffin,146.34
2026-03-18,BL-260318-8557,Zomato,Cappuccino,185.7
2026-03-18,BL-260318-8559,Swiggy,Chocolate Brownie,166.47
2026-03-18,BL-260318-8559,Swiggy,Avocado Toast,291.55
2026-03-18,BL-260318-8560,Swiggy,Masala Chai,80.52
2026-03-18,BL-260318-8560,Swiggy,Iced Latte,242.86
2026-03-18,BL-260318-8563,Zomato,Veg Wrap,271.71
2026-03-18,BL-260318-8563,Zomato,Blueberry Muffin,287.95
2026-03-18,BL-260318-8565,Swiggy,Espresso,153.19
2026-03-18,BL-260318-8565,Swiggy,Espresso,309.62
2026-03-18,BL-260318-8565,Swiggy,Croissant,123.95
2026-03-18,BL-260318-8567,Zomato,Chocolate Brownie,167.82
2026-03-18,BL-260318-8567,Zomato,Espresso,151.16
2026-03-18,BL-260318-8570,Zomato,Cappuccino,187.41
2026-03-18,BL-260318-8571,Swiggy,Masala Chai,83.94
2026-03-18,BL-260318-8571,Swiggy,Avocado Toast,290.35
2026-03-18,BL-260318-8572,Zomato,Seasonal Special,396.41
2026-03-19,BL-260319-8574,Zomato,Club Sandwich,334.79
2026-03-19,BL-260319-8574,Zomato,Croissant,242.09
2026-03-19,BL-260319-8585,Zomato,Cold Brew,230.92
2026-03-19,BL-260319-8585,Zomato,Iced Latte,250.63
2026-03-19,BL-260319-8587,Swiggy,Seasonal Special,387.65
2026-03-19,BL-260319-8588,Swiggy,Chocolate Brownie,165.67
2026-03-19,BL-260319-8588,Swiggy,Espresso,156.23
2026-03-19,BL-260319-8588,Swiggy,Seasonal Special,394.05
2026-03-19,BL-260319-8590,Zomato,Club Sandwich,322.88
2026-03-19,BL-260319-8590,Zomato,Club Sandwich,332.02
2026-03-19,BL-260319-8590,Zomato,Cappuccino,373.28
2026-03-19,BL-260319-8592,Zomato,Blueberry Muffin,280.54
2026-03-19,BL-260319-8592,Zomato,Latte,207.96
2026-03-19,BL-260319-8595,Zomato,Espresso,154.8
2026-03-19,BL-260319-8595,Zomato,Cappuccino,182.14
2026-03-19,BL-260319-8595,Zomato,Seasonal Special,403.44
2026-03-19,BL-260319-8597,Swiggy,Club Sandwich,328.51
2026-03-19,BL-260319-8597,Swiggy,Latte,411.95
2026-03-19,BL-260319-8598,Zomato,Seasonal Special,401.55
2026-03-19,BL-260319-8598,Zomato,Iced Latte,240.72
2026-03-19,BL-260319-8598,Zomato,Croissant,120.08
2026-03-19,BL-260319-8601,Swiggy,Veg Wrap,262.15
2026-03-19,BL-260319-8601,Swiggy,Masala Chai,82.65
2026-03-19,BL-260319-8601,Swiggy,Chocolate Brownie,166.98
2026-03-19,BL-260319-8602,Zomato,Iced Latte,244.47
2026-03-19,BL-260319-8602,Zomato,Latte,208.51
2026-03-19,BL-260319-8605,Swiggy,Iced Latte,485.77
2026-03-19,BL-260319-8605,Swiggy,Masala Chai,165.24
2026-03-19,BL-260319-8605,Swiggy,Iced Latte,244.75
2026-03-19,BL-260319-8608,Swiggy,Latte,207.36
2026-03-19,BL-260319-8608,Swiggy,Masala Chai,164.5
2026-03-19,BL-260319-8610,Swiggy,Cappuccino,186.33
2026-03-19,BL-260319-8614,Swiggy,Avocado Toast,281.65
2026-03-19,BL-260319-8615,Zomato,Iced Latte,244.49
2026-03-19,BL-260319-8615,Zomato,Iced Latte,249.91
2026-03-19,BL-260319-8616,Zomato,Blueberry Muffin,144.03
2026-03-19,BL-260319-8623,Swiggy,Iced Latte,248.52
2026-03-19,BL-260319-8624,Swiggy,Cappuccino,182.95
2026-03-19,BL-260319-8642,Zomato,Croissant,120.46
2026-03-19,BL-260319-8642,Zomato,Cappuccino,181.65
2026-03-19,BL-260319-8645,Swiggy,Chocolate Brownie,166.85
2026-03-19,BL-260319-8645,Swiggy,Chocolate Brownie,160.08
2026-03-19,BL-260319-8654,Swiggy,Espresso,155.66
2026-03-19,BL-260319-8654,Swiggy,Veg Wrap,266.61
2026-03-19,BL-260319-8655,Swiggy,Masala Chai,82.12
2026-03-19,BL-260319-8655,Swiggy,Iced Latte,502.14
2026-03-19,BL-260319-8655,Swiggy,Cappuccino,182.71
2026-03-19,BL-260319-8657,Zomato,Blueberry Muffin,141.52
2026-03-19,BL-260319-8657,Zomato,Blueberry Muffin,146.36
2026-03-19,BL-260319-8657,Zomato,Seasonal Special,388.42
2026-03-19,BL-260319-8664,Swiggy,Croissant,119.73
2026-03-19,BL-260319-8665,Zomato,Blueberry Muffin,140.15
2026-03-19,BL-260319-8665,Zomato,Cappuccino,187.03
2026-03-19,BL-260319-8666,Zomato,Seasonal Special,392.14
2026-03-19,BL-260319-8666,Zomato,Masala Chai,81.45
2026-03-19,BL-260319-8668,Swiggy,Avocado Toast,282.39
2026-03-19,BL-260319-8668,Swiggy,Iced Latte,495.51
2026-03-19,BL-260319-8668,Swiggy,Club Sandwich,325.09
2026-03-19,BL-260319-8671,Zomato,Masala Chai,81.23
2026-03-19,BL-260319-8672,Zomato,Latte,200.14
2026-03-19,BL-260319-8674,Swiggy,Latte,205.53
2026-03-20,BL-260320-8676,Swiggy,Espresso,152.46
2026-03-20,BL-260320-8676,Swiggy,Iced Latte,245.98
2026-03-20,BL-260320-8676,Swiggy,Cappuccino,188.18
2026-03-20,BL-260320-8677,Zomato,Masala Chai,81.3
2026-03-20,BL-260320-8677,Zomato,Cappuccino,188.58
2026-03-20,BL-260320-8679,Zomato,Latte,204.24
2026-03-20,BL-260320-8679,Zomato,Avocado Toast,292.17
2026-03-20,BL-260320-8680,Zomato,Club Sandwich,658.63
2026-03-20,BL-260320-8681,Zomato,Club Sandwich,326.78
2026-03-20,BL-260320-8681,Zomato,Croissant,125.23
2026-03-20,BL-260320-8682,Zomato,Cold Brew,456.37
2026-03-20,BL-260320-8682,Zomato,Chocolate Brownie,167.48
2026-03-20,BL-260320-8682,Zomato,Cappuccino,179.56
2026-03-20,BL-260320-8683,Zomato,Cappuccino,180.61
2026-03-20,BL-260320-8683,Zomato,Seasonal Special,392.04
2026-03-20,BL-260320-8687,Zomato,Iced Latte,244.09
2026-03-20,BL-260320-8687,Zomato,Seasonal Special,399.29
2026-03-20,BL-260320-8690,Zomato,Seasonal Special,400.07
2026-03-20,BL-260320-8690,Zomato,Masala Chai,83.74
2026-03-20,BL-260320-8692,Swiggy,Cappuccino,188.18
2026-03-20,BL-260320-8693,Swiggy,Chocolate Brownie,165.09
2026-03-20,BL-260320-8693,Swiggy,Seasonal Special,808.19
2026-03-20,BL-260320-8694,Swiggy,Croissant,122.24
2026-03-20,BL-260320-8694,Swiggy,Croissant,123.05
2026-03-20,BL-260320-8696,Zomato,Club Sandwich,321.14
2026-03-20,BL-260320-8696,Zomato,Latte,201.83
2026-03-20,BL-260320-8699,Zomato,Cappuccino,185.88
2026-03-20,BL-260320-8699,Zomato,Seasonal Special,387.73
2026-03-20,BL-260320-8700,Swiggy,Club Sandwich,326.73
2026-03-20,BL-260320-8701,Swiggy,Seasonal Special,391.5
2026-03-20,BL-260320-8705,Zomato,Espresso,149.8
2026-03-20,BL-260320-8705,Zomato,Club Sandwich,322.72
2026-03-20,BL-260320-8706,Zomato,Club Sandwich,329.61
2026-03-20,BL-260320-8706,Zomato,Latte,207.78
2026-03-20,BL-260320-8706,Zomato,Espresso,153.06
2026-03-20,BL-260320-8707,Swiggy,Club Sandwich,330.79
2026-03-20,BL-260320-8707,Swiggy,Latte,203.46
2026-03-20,BL-260320-8707,Swiggy,Cappuccino,180.36
2026-03-20,BL-260320-8708,Swiggy,Espresso,153.66
2026-03-20,BL-260320-8709,Swiggy,Blueberry Muffin,287.59
2026-03-20,BL-260320-8709,Swiggy,Blueberry Muffin,145.84
2026-03-20,BL-260320-8711,Swiggy,Croissant,125.54
2026-03-20,BL-260320-8711,Swiggy,Seasonal Special,400.58
2026-03-20,BL-260320-8711,Swiggy,Club Sandwich,329.68
2026-03-20,BL-260320-8713,Zomato,Iced Latte,244.31
2026-03-20,BL-260320-8713,Zomato,Cold Brew,220.65
2026-03-20,BL-260320-8719,Swiggy,Iced Latte,250.23
2026-03-20,BL-260320-8719,Swiggy,Cold Brew,222.66
2026-03-20,BL-260320-8720,Zomato,Club Sandwich,326.18
2026-03-20,BL-260320-8722,Zomato,Seasonal Special,776.35
2026-03-20,BL-260320-8722,Zomato,Veg Wrap,262.5
2026-03-20,BL-260320-8726,Zomato,Seasonal Special,396.76
2026-03-20,BL-260320-8726,Zomato,Croissant,120.81
2026-03-20,BL-260320-8727,Swiggy,Masala Chai,82.09
2026-03-20,BL-260320-8727,Swiggy,Cold Brew,443.93
2026-03-20,BL-260320-8732,Zomato,Croissant,245.01
2026-03-20,BL-260320-8732,Zomato,Veg Wrap,268.53
2026-03-20,BL-260320-8736,Swiggy,Seasonal Special,396.62
2026-03-20,BL-260320-8736,Swiggy,Cold Brew,229.81
2026-03-20,BL-260320-8736,Swiggy,Avocado Toast,290.86
2026-03-20,BL-260320-8739,Swiggy,Chocolate Brownie,163.37
2026-03-20,BL-260320-8739,Swiggy,Seasonal Special,396.23
2026-03-20,BL-260320-8741,Zomato,Chocolate Brownie,166.06
2026-03-20,BL-260320-8743,Swiggy,Masala Chai,82.7
2026-03-20,BL-260320-8743,Swiggy,Masala Chai,80.43
2026-03-20,BL-260320-8744,Zomato,Veg Wrap,265.41
2026-03-20,BL-260320-8746,Swiggy,Espresso,151.03
2026-03-20,BL-260320-8747,Swiggy,Cappuccino,185.55
2026-03-20,BL-260320-8747,Swiggy,Croissant,125.35
2026-03-20,BL-260320-8748,Swiggy,Iced Latte,482.73
2026-03-20,BL-260320-8748,Swiggy,Club Sandwich,319.36
2026-03-20,BL-260320-8749,Swiggy,Croissant,120.56
2026-03-20,BL-260320-8749,Swiggy,Chocolate Brownie,162.79
2026-03-20,BL-260320-8751,Swiggy,Cappuccino,186.88
2026-03-20,BL-260320-8751,Swiggy,Club Sandwich,323.74
2026-03-20,BL-260320-8751,Swiggy,Latte,203.2
2026-03-20,BL-260320-8751,Swiggy,Veg Wrap,271.62
2026-03-20,BL-260320-8752,Swiggy,Veg Wrap,543.48
2026-03-20,BL-260320-8752,Swiggy,Masala Chai,80.25
2026-03-20,BL-260320-8753,Zomato,Espresso,152.39
2026-03-20,BL-260320-8753,Zomato,Croissant,124.34
2026-03-20,BL-260320-8754,Swiggy,Cold Brew,219.8
2026-03-20,BL-260320-8755,Zomato,Club Sandwich,329.93
2026-03-20,BL-260320-8757,Swiggy,Cappuccino,181.02
2026-03-20,BL-260320-8757,Swiggy,Croissant,121.05
2026-03-20,BL-260320-8758,Zomato,Chocolate Brownie,164.49
2026-03-20,BL-260320-8758,Zomato,Espresso,150.43
2026-03-20,BL-260320-8758,Zomato,Cold Brew,226.87
2026-03-20,BL-260320-8760,Zomato,Iced Latte,251.58
2026-03-20,BL-260320-8760,Zomato,Blueberry Muffin,142.42
2026-03-20,BL-260320-8760,Zomato,Cappuccino,186.64
2026-03-21,BL-260321-8762,Swiggy,Seasonal Special,388.55
2026-03-21,BL-260321-8765,Zomato,Masala Chai,81.62
2026-03-21,BL-260321-8767,Zomato,Iced Latte,244.28
2026-03-21,BL-260321-8768,Zomato,Espresso,152.85
2026-03-21,BL-260321-8768,Zomato,Chocolate Brownie,161.34
2026-03-21,BL-260321-8769,Swiggy,Avocado Toast,289.08
2026-03-21,BL-260321-8770,Zomato,Cold Brew,220.7
2026-03-21,BL-260321-8770,Zomato,Avocado Toast,292.72
2026-03-21,BL-260321-8772,Swiggy,Club Sandwich,653.66
2026-03-21,BL-260321-8775,Zomato,Masala Chai,83.35
2026-03-21,BL-260321-8781,Zomato,Cold Brew,451.63
2026-03-21,BL-260321-8782,Zomato,Latte,209.21
2026-03-21,BL-260321-8782,Zomato,Latte,205.28
2026-03-21,BL-260321-8782,Zomato,Latte,407.24
2026-03-21,BL-260321-8784,Swiggy,Masala Chai,165.02
2026-03-21,BL-260321-8785,Swiggy,Club Sandwich,330.63
2026-03-21,BL-260321-8785,Swiggy,Avocado Toast,281.88
2026-03-21,BL-260321-8785,Swiggy,Seasonal Special,388.03
2026-03-21,BL-260321-8786,Swiggy,Latte,201.94
2026-03-21,BL-260321-8791,Swiggy,Blueberry Muffin,140.79
2026-03-21,BL-260321-8793,Zomato,Blueberry Muffin,145.18
2026-03-21,BL-260321-8793,Zomato,Veg Wrap,261.4
2026-03-21,BL-260321-8796,Zomato,Masala Chai,162.97
2026-03-21,BL-260321-8796,Zomato,Chocolate Brownie,326.37
2026-03-21,BL-260321-8799,Swiggy,Veg Wrap,269.74
2026-03-21,BL-260321-8801,Swiggy,Club Sandwich,331.66
2026-03-21,BL-260321-8801,Swiggy,Espresso,155.68
2026-03-21,BL-260321-8806,Swiggy,Seasonal Special,391.14
2026-03-21,BL-260321-8806,Swiggy,Masala Chai,80.26
2026-03-21,BL-260321-8807,Swiggy,Iced Latte,247.53
2026-03-21,BL-260321-8807,Swiggy,Latte,200.44
2026-03-21,BL-260321-8810,Swiggy,Latte,201.26
2026-03-21,BL-260321-8814,Swiggy,Avocado Toast,292.87
2026-03-21,BL-260321-8814,Swiggy,Latte,201.57
2026-03-21,BL-260321-8818,Swiggy,Avocado Toast,290.24
2026-03-21,BL-260321-8820,Zomato,Croissant,123.58
2026-03-21,BL-260321-8820,Zomato,Avocado Toast,285.85
2026-03-21,BL-260321-8821,Swiggy,Cold Brew,222.25
2026-03-21,BL-260321-8821,Swiggy,Espresso,149.67
2026-03-21,BL-260321-8827,Swiggy,Chocolate Brownie,161.42
2026-03-21,BL-260321-8827,Swiggy,Club Sandwich,332.32
2026-03-21,BL-260321-8829,Swiggy,Iced Latte,497.09
2026-03-21,BL-260321-8829,Swiggy,Espresso,157.09
2026-03-21,BL-260321-8829,Swiggy,Cappuccino,186.09
2026-03-21,BL-260321-8837,Zomato,Espresso,152.08
2026-03-21,BL-260321-8837,Zomato,Avocado Toast,285.07
2026-03-21,BL-260321-8838,Swiggy,Cappuccino,181.97
2026-03-21,BL-260321-8842,Zomato,Chocolate Brownie,162.77
2026-03-21,BL-260321-8842,Zomato,Avocado Toast,280.39
2026-03-21,BL-260321-8842,Zomato,Latte,203.11
2026-03-21,BL-260321-8843,Swiggy,Blueberry Muffin,145.77
2026-03-21,BL-260321-8843,Swiggy,Chocolate Brownie,165.95
2026-03-21,BL-260321-8844,Zomato,Latte,409.33
2026-03-21,BL-260321-8844,Zomato,Cold Brew,226.22
2026-03-21,BL-260321-8846,Zomato,Latte,201.21
2026-03-21,BL-260321-8846,Zomato,Chocolate Brownie,164.25
2026-03-21,BL-260321-8846,Zomato,Blueberry Muffin,144.62
2026-03-21,BL-260321-8846,Zomato,Latte,205.39
2026-03-21,BL-260321-8848,Zomato,Iced Latte,250.45
2026-03-21,BL-260321-8849,Zomato,Veg Wrap,267.47
2026-03-21,BL-260321-8854,Swiggy,Croissant,122.11
2026-03-21,BL-260321-8854,Swiggy,Club Sandwich,328.14
2026-03-21,BL-260321-8856,Swiggy,Iced Latte,246.97
2026-03-21,BL-260321-8860,Zomato,Croissant,124.39
2026-03-21,BL-260321-8860,Zomato,Latte,209.5
2026-03-21,BL-260321-8860,Zomato,Cappuccino,183.81
2026-03-21,BL-260321-8860,Zomato,Chocolate Brownie,165.59
2026-03-21,BL-260321-8863,Swiggy,Latte,207.47
2026-03-21,BL-260321-8863,Swiggy,Veg Wrap,537.95
2026-03-21,BL-260321-8864,Zomato,Iced Latte,245.98
2026-03-21,BL-260321-8868,Zomato,Latte,199.93
2026-03-21,BL-260321-8874,Zomato,Iced Latte,246.47
2026-03-21,BL-260321-8874,Zomato,Veg Wrap,543.32
2026-03-21,BL-260321-8874,Zomato,Veg Wrap,264.24
2026-03-21,BL-260321-8875,Swiggy,Masala Chai,162.4
2026-03-21,BL-260321-8875,Swiggy,Veg Wrap,263.91
2026-03-21,BL-260321-8878,Zomato,Espresso,157.47
2026-03-21,BL-260321-8878,Zomato,Seasonal Special,397.47
2026-03-21,BL-260321-8878,Zomato,Club Sandwich,334.63
2026-03-21,BL-260321-8880,Zomato,Chocolate Brownie,159.95
2026-03-21,BL-260321-8880,Zomato,Cappuccino,365.38
2026-03-21,BL-260321-8881,Swiggy,Croissant,123.34
2026-03-21,BL-260321-8881,Swiggy,Chocolate Brownie,164.1
2026-03-21,BL-260321-8881,Swiggy,Seasonal Special,384.07
2026-03-21,BL-260321-8882,Zomato,Croissant,124.48
2026-03-21,BL-260321-8882,Zomato,Chocolate Brownie,167.78
2026-03-21,BL-260321-8883,Zomato,Cold Brew,225.43
2026-03-21,BL-260321-8883,Zomato,Veg Wrap,259.69
2026-03-21,BL-260321-8884,Zomato,Cappuccino,184.54
2026-03-21,BL-260321-8884,Zomato,Croissant,125.09
2026-03-21,BL-260321-8884,Zomato,Blueberry Muffin,144.61
2026-03-22,BL-260322-8887,Zomato,Cappuccino,187.34
2026-03-22,BL-260322-8887,Zomato,Cappuccino,180.12
2026-03-22,BL-260322-8893,Swiggy,Espresso,151.32
2026-03-22,BL-260322-8899,Swiggy,Seasonal Special,396.48
2026-03-22,BL-260322-8899,Swiggy,Cold Brew,223.54
2026-03-22,BL-260322-8900,Zomato,Chocolate Brownie,164.33
2026-03-22,BL-260322-8900,Zomato,Masala Chai,167.84
2026-03-22,BL-260322-8900,Zomato,Cappuccino,361.81
2026-03-22,BL-260322-8904,Zomato,Croissant,119.89
2026-03-22,BL-260322-8904,Zomato,Iced Latte,251.97
2026-03-22,BL-260322-8905,Zomato,Cold Brew,227.59
2026-03-22,BL-260322-8905,Zomato,Avocado Toast,283.52
2026-03-22,BL-260322-8908,Swiggy,Seasonal Special,388.13
2026-03-22,BL-260322-8908,Swiggy,Cold Brew,457.33
2026-03-22,BL-260322-8908,Swiggy,Latte,208.94
2026-03-22,BL-260322-8908,Swiggy,Latte,201.06
2026-03-22,BL-260322-8909,Zomato,Avocado Toast,293.62
2026-03-22,BL-260322-8909,Zomato,Chocolate Brownie,162.08
2026-03-22,BL-260322-8912,Swiggy,Iced Latte,251.62
2026-03-22,BL-260322-8912,Swiggy,Iced Latte,239.84
2026-03-22,BL-260322-8915,Swiggy,Chocolate Brownie,165.49
2026-03-22,BL-260322-8915,Swiggy,Espresso,156.8
2026-03-22,BL-260322-8916,Swiggy,Blueberry Muffin,142.41
2026-03-22,BL-260322-8917,Swiggy,Chocolate Brownie,165.04
2026-03-22,BL-260322-8917,Swiggy,Veg Wrap,260.45
2026-03-22,BL-260322-8918,Zomato,Cold Brew,220.08
2026-03-22,BL-260322-8918,Zomato,Espresso,154.6
2026-03-22,BL-260322-8920,Swiggy,Chocolate Brownie,162.47
2026-03-22,BL-260322-8921,Zomato,Seasonal Special,403.62
2026-03-22,BL-260322-8921,Zomato,Masala Chai,82.07
2026-03-22,BL-260322-8924,Swiggy,Masala Chai,82.71
2026-03-22,BL-260322-8926,Swiggy,Masala Chai,82.16
2026-03-22,BL-260322-8927,Zomato,Cappuccino,184.15
2026-03-22,BL-260322-8928,Zomato,Avocado Toast,284.71
2026-03-22,BL-260322-8928,Zomato,Veg Wrap,261.87
2026-03-22,BL-260322-8930,Zomato,Avocado Toast,283.49
2026-03-22,BL-260322-8930,Zomato,Seasonal Special,791.92
2026-03-22,BL-260322-8930,Zomato,Masala Chai,79.89
2026-03-22,BL-260322-8931,Zomato,Masala Chai,83.28
2026-03-22,BL-260322-8931,Zomato,Avocado Toast,288.56
2026-03-22,BL-260322-8936,Swiggy,Veg Wrap,267.45
2026-03-22,BL-260322-8940,Swiggy,Cold Brew,227.18
2026-03-22,BL-260322-8940,Swiggy,Iced Latte,484.68
2026-03-22,BL-260322-8943,Swiggy,Seasonal Special,399.01
2026-03-22,BL-260322-8949,Zomato,Club Sandwich,647.4
2026-03-22,BL-260322-8949,Zomato,Veg Wrap,260.7
2026-03-22,BL-260322-8950,Swiggy,Iced Latte,486.81
2026-03-22,BL-260322-8950,Swiggy,Espresso,157.27
2026-03-22,BL-260322-8951,Swiggy,Croissant,121.43
2026-03-22,BL-260322-8953,Zomato,Avocado Toast,292.66
2026-03-22,BL-260322-8953,Zomato,Blueberry Muffin,287.91
2026-03-22,BL-260322-8955,Zomato,Cold Brew,220.81
2026-03-22,BL-260322-8963,Swiggy,Veg Wrap,264.58
2026-03-22,BL-260322-8966,Zomato,Veg Wrap,271.26
2026-03-22,BL-260322-8970,Zomato,Croissant,125.32
2026-03-22,BL-260322-8970,Zomato,Veg Wrap,533.12
2026-03-22,BL-260322-8971,Swiggy,Latte,209.09
2026-03-22,BL-260322-8971,Swiggy,Chocolate Brownie,166.38
2026-03-22,BL-260322-8971,Swiggy,Masala Chai,83.03
2026-03-22,BL-260322-8974,Zomato,Cappuccino,183.7
2026-03-22,BL-260322-8974,Zomato,Blueberry Muffin,142.23
2026-03-22,BL-260322-8977,Swiggy,Seasonal Special,402.98
2026-03-22,BL-260322-8977,Swiggy,Croissant,124.45
2026-03-22,BL-260322-8981,Zomato,Espresso,151.96
2026-03-22,BL-260322-8981,Zomato,Blueberry Muffin,145.71
2026-03-22,BL-260322-8982,Zomato,Latte,208.67
2026-03-22,BL-260322-8982,Zomato,Croissant,124.12
2026-03-22,BL-260322-8983,Swiggy,Avocado Toast,282.17
2026-03-22,BL-260322-8983,Swiggy,Espresso,312.69
2026-03-22,BL-260322-8984,Swiggy,Chocolate Brownie,164.86
2026-03-22,BL-260322-8984,Swiggy,Avocado Toast,286.03
2026-03-22,BL-260322-8984,Swiggy,Chocolate Brownie,161.14
2026-03-22,BL-260322-8985,Swiggy,Masala Chai,82.03
2026-03-22,BL-260322-8985,Swiggy,Chocolate Brownie,163.69
2026-03-22,BL-260322-8985,Swiggy,Seasonal Special,392.37
2026-03-22,BL-260322-8995,Swiggy,Masala Chai,83.92
2026-03-22,BL-260322-8998,Zomato,Club Sandwich,325.73
2026-03-22,BL-260322-8998,Zomato,Seasonal Special,402.93
2026-03-22,BL-260322-8998,Zomato,Croissant,121.74
2026-03-22,BL-260322-8999,Zomato,Avocado Toast,280.43
2026-03-22,BL-260322-8999,Zomato,Cappuccino,179.99
2026-03-22,BL-260322-9001-R,Swiggy,Espresso,153.89
2026-03-22,BL-260322-9002,Swiggy,Chocolate Brownie,161.04
2026-03-22,BL-260322-9002,Swiggy,Espresso,155.21
2026-03-22,BL-260322-9006,Swiggy,Veg Wrap,522.47
2026-03-22,BL-260322-9006,Swiggy,Croissant,122.9
2026-03-22,BL-260322-9009,Swiggy,Cold Brew,228.99
2026-03-22,BL-260322-9009,Swiggy,Veg Wrap,265.23
2026-03-22,BL-260322-9009,Swiggy,Cappuccino,186.51
2026-03-23,BL-260323-9013,Swiggy,Iced Latte,251.22
2026-03-23,BL-260323-9013,Swiggy,Masala Chai,83.98
2026-03-23,BL-260323-9014,Zomato,Cappuccino,184.76
2026-03-23,BL-260323-9022,Zomato,Espresso,149.71
2026-03-23,BL-260323-9023,Zomato,Croissant,123.19
2026-03-23,BL-260323-9026,Swiggy,Espresso,149.87
2026-03-23,BL-260323-9026,Swiggy,Chocolate Brownie,167.91
2026-03-23,BL-260323-9026,Swiggy,Croissant,125.25
2026-03-23,BL-260323-9027,Swiggy,Croissant,120.69
2026-03-23,BL-260323-9028,Swiggy,Iced Latte,250.67
2026-03-23,BL-260323-9031,Zomato,Cappuccino,188.34
2026-03-23,BL-260323-9032,Zomato,Club Sandwich,324.02
2026-03-23,BL-260323-9032,Zomato,Cappuccino,185.63
2026-03-23,BL-260323-9036,Zomato,Iced Latte,240.6
2026-03-23,BL-260323-9036,Zomato,Club Sandwich,321.94
2026-03-23,BL-260323-9039,Zomato,Chocolate Brownie,330.05
2026-03-23,BL-260323-9039,Zomato,Chocolate Brownie,167.57
2026-03-23,BL-260323-9041,Swiggy,Cold Brew,228.94
2026-03-23,BL-260323-9041,Swiggy,Cold Brew,230.08
2026-03-23,BL-260323-9045,Swiggy,Iced Latte,249.03
2026-03-23,BL-260323-9047,Swiggy,Croissant,122.61
2026-03-23,BL-260323-9048,Zomato,Cappuccino,182.11
2026-03-23,BL-260323-9051,Zomato,Cold Brew,226.07
2026-03-23,BL-260323-9055,Zomato,Avocado Toast,291.21
2026-03-23,BL-260323-9055,Zomato,Seasonal Special,397.9
2026-03-23,BL-260323-9060,Zomato,Blueberry Muffin,141.58
2026-03-23,BL-260323-9060,Zomato,Avocado Toast,282.23
2026-03-23,BL-260323-9061,Zomato,Latte,205.99
2026-03-23,BL-260323-9061,Zomato,Club Sandwich,662.28
2026-03-23,BL-260323-9062,Zomato,Club Sandwich,323.33
2026-03-23,BL-260323-9063,Zomato,Veg Wrap,266.52
2026-03-23,BL-260323-9063,Zomato,Espresso,303.55
2026-03-23,BL-260323-9063,Zomato,Iced Latte,241.37
2026-03-23,BL-260323-9065,Swiggy,Latte,204.01
2026-03-23,BL-260323-9070,Zomato,Cappuccino,182.77
2026-03-23,BL-260323-9070,Zomato,Croissant,121.27
2026-03-23,BL-260323-9072,Zomato,Seasonal Special,390.66
2026-03-23,BL-260323-9075,Swiggy,Blueberry Muffin,145.11
2026-03-23,BL-260323-9077,Zomato,Seasonal Special,387.19
2026-03-23,BL-260323-9078,Zomato,Avocado Toast,289.79
2026-03-23,BL-260323-9084,Zomato,Espresso,153.37
2026-03-23,BL-260323-9085,Zomato,Chocolate Brownie,163.97
2026-03-23,BL-260323-9085,Zomato,Club Sandwich,321.89
2026-03-23,BL-260323-9088,Zomato,Latte,200.28
2026-03-23,BL-260323-9088,Zomato,Iced Latte,243.88
2026-03-23,BL-260323-9088,Zomato,Croissant,122.48
2026-03-23,BL-260323-9089,Zomato,Masala Chai,81.35
2026-03-23,BL-260323-9090,Swiggy,Cold Brew,226.88
2026-03-23,BL-260323-9090,Swiggy,Seasonal Special,397.42
2026-03-23,BL-260323-9091,Zomato,Iced Latte,247.64
2026-03-23,BL-260323-9091,Zomato,Espresso,150.45
2026-03-23,BL-260323-9092,Swiggy,Blueberry Muffin,144.46
2026-03-23,BL-260323-9092,Swiggy,Espresso,151.27
2026-03-23,BL-260323-9092,Swiggy,Blueberry Muffin,140.65
2026-03-23,BL-260323-9093,Zomato,Avocado Toast,292.59
2026-03-23,BL-260323-9093,Zomato,Iced Latte,248.94
2026-03-23,BL-260323-9093,Zomato,Chocolate Brownie,163.06
2026-03-23,BL-260323-9094,Zomato,Seasonal Special,386.54
2026-03-23,BL-260323-9094,Zomato,Chocolate Brownie,162.43
2026-03-23,BL-260323-9095,Zomato,Croissant,121.54
2026-03-23,BL-260323-9101,Swiggy,Cappuccino,360.34
2026-03-23,BL-260323-9101,Swiggy,Cold Brew,442.54
2026-03-24,BL-260324-9104,Swiggy,Cold Brew,225.81
2026-03-24,BL-260324-9104,Swiggy,Cappuccino,181.33
2026-03-24,BL-260324-9106,Swiggy,Cold Brew,442.19
2026-03-24,BL-260324-9106,Swiggy,Masala Chai,83.72
2026-03-24,BL-260324-9107,Zomato,Club Sandwich,331.5
2026-03-24,BL-260324-9107,Zomato,Seasonal Special,384.08
2026-03-24,BL-260324-9112,Zomato,Club Sandwich,325.74
2026-03-24,BL-260324-9113,Swiggy,Espresso,152.59
2026-03-24,BL-260324-9115,Zomato,Seasonal Special,797.31
2026-03-24,BL-260324-9115,Zomato,Club Sandwich,319.86
2026-03-24,BL-260324-9116,Zomato,Blueberry Muffin,141.31
2026-03-24,BL-260324-9117,Zomato,Croissant,123.81
2026-03-24,BL-260324-9117,Zomato,Veg Wrap,259.92
2026-03-24,BL-260324-9121,Zomato,Chocolate Brownie,167.42
2026-03-24,BL-260324-9122,Zomato,Cold Brew,227.32
2026-03-24,BL-260324-9125,Zomato,Iced Latte,242.41
2026-03-24,BL-260324-9125,Zomato,Chocolate Brownie,162.88
2026-03-24,BL-260324-9133,Zomato,Croissant,122.17
2026-03-24,BL-260324-9136,Swiggy,Veg Wrap,264.04
2026-03-24,BL-260324-9136,Swiggy,Masala Chai,82.8
2026-03-24,BL-260324-9136,Swiggy,Chocolate Brownie,164.46
2026-03-24,BL-260324-9138,Swiggy,Blueberry Muffin,288.32
2026-03-24,BL-260324-9140,Swiggy,Club Sandwich,322.67
2026-03-24,BL-260324-9140,Swiggy,Iced Latte,250.42
2026-03-24,BL-260324-9140,Swiggy,Croissant,120.64
2026-03-24,BL-260324-9142,Zomato,Cappuccino,185.38
2026-03-24,BL-260324-9143,Zomato,Croissant,120.11
2026-03-24,BL-260324-9144,Zomato,Seasonal Special,400.89
2026-03-24,BL-260324-9144,Zomato,Masala Chai,81.96
2026-03-24,BL-260324-9147,Swiggy,Masala Chai,83.71
2026-03-24,BL-260324-9148,Swiggy,Espresso,155.11
2026-03-24,BL-260324-9148,Swiggy,Masala Chai,81.96
2026-03-24,BL-260324-9148,Swiggy,Latte,208.93
2026-03-24,BL-260324-9149,Swiggy,Blueberry Muffin,141.19
2026-03-24,BL-260324-9149,Swiggy,Club Sandwich,323.76
2026-03-24,BL-260324-9153,Swiggy,Avocado Toast,584.67
2026-03-24,BL-260324-9153,Swiggy,Iced Latte,243.2
2026-03-24,BL-260324-9155,Zomato,Avocado Toast,580.58
2026-03-24,BL-260324-9155,Zomato,Veg Wrap,271.93
2026-03-24,BL-260324-9156,Zomato,Chocolate Brownie,165.8
2026-03-24,BL-260324-9157,Swiggy,Masala Chai,81.57
2026-03-24,BL-260324-9157,Swiggy,Club Sandwich,333.29
2026-03-24,BL-260324-9158,Swiggy,Club Sandwich,331.22
2026-03-24,BL-260324-9163,Swiggy,Croissant,251.93
2026-03-24,BL-260324-9164,Zomato,Veg Wrap,265.25
2026-03-24,BL-260324-9164,Zomato,Masala Chai,80.06
2026-03-24,BL-260324-9167,Swiggy,Latte,202.93
2026-03-24,BL-260324-9167,Swiggy,Croissant,123.26
2026-03-24,BL-260324-9169,Zomato,Croissant,122.45
2026-03-24,BL-260324-9169,Zomato,Avocado Toast,283.76
2026-03-24,BL-260324-9169,Zomato,Cappuccino,183.6
2026-03-24,BL-260324-9170,Swiggy,Veg Wrap,529.31
2026-03-24,BL-260324-9170,Swiggy,Chocolate Brownie,163.23
2026-03-24,BL-260324-9170,Swiggy,Espresso,156.58
2026-03-24,BL-260324-9171,Zomato,Avocado Toast,291.96
2026-03-24,BL-260324-9171,Zomato,Cold Brew,225.68
2026-03-24,BL-260324-9174,Zomato,Chocolate Brownie,325.72
2026-03-24,BL-260324-9175,Zomato,Croissant,121.65
2026-03-24,BL-260324-9183,Zomato,Cappuccino,185.36
2026-03-24,BL-260324-9183,Zomato,Croissant,121.63
2026-03-24,BL-260324-9185,Zomato,Blueberry Muffin,280.81
2026-03-24,BL-260324-9185,Zomato,Masala Chai,82.43
2026-03-24,BL-260324-9185,Zomato,Cold Brew,229.31
2026-03-24,BL-260324-9190,Swiggy,Club Sandwich,319.58
2026-03-24,BL-260324-9190,Swiggy,Seasonal Special,389.21
2026-03-24,BL-260324-9192,Swiggy,Veg Wrap,265.03
2026-03-24,BL-260324-9192,Swiggy,Croissant,120.93
2026-03-24,BL-260324-9194,Zomato,Cappuccino,366.62
2026-03-24,BL-260324-9194,Zomato,Blueberry Muffin,143.21
2026-03-24,BL-260324-9198,Zomato,Veg Wrap,539.51
2026-03-24,BL-260324-9199,Zomato,Avocado Toast,281.59
2026-03-24,BL-260324-9199,Zomato,Avocado Toast,289.9
2026-03-24,BL-260324-9201,Zomato,Cappuccino,186.68
2026-03-24,BL-260324-9208,Zomato,Blueberry Muffin,141.06
2026-03-24,BL-260324-9208,Zomato,Latte,204.58
2026-03-24,BL-260324-9210,Zomato,Espresso,152.1
2026-03-25,BL-260325-9215,Zomato,Masala Chai,82.48
2026-03-25,BL-260325-9215,Zomato,Croissant,124.3
2026-03-25,BL-260325-9216,Swiggy,Cold Brew,230.13
2026-03-25,BL-260325-9216,Swiggy,Latte,206.36
2026-03-25,BL-260325-9218,Swiggy,Cold Brew,220.44
2026-03-25,BL-260325-9218,Swiggy,Cappuccino,186.6
2026-03-25,BL-260325-9219,Swiggy,Veg Wrap,271.02
2026-03-25,BL-260325-9219,Swiggy,Masala Chai,82.37
2026-03-25,BL-260325-9219,Swiggy,Blueberry Muffin,282.85
2026-03-25,BL-260325-9220,Swiggy,Espresso,156.38
2026-03-25,BL-260325-9220,Swiggy,Espresso,153.17
2026-03-25,BL-260325-9225,Swiggy,Avocado Toast,282.51
2026-03-25,BL-260325-9225,Swiggy,Avocado Toast,570.05
2026-03-25,BL-260325-9226,Swiggy,Chocolate Brownie,163.97
2026-03-25,BL-260325-9229,Swiggy,Iced Latte,246.27
2026-03-25,BL-260325-9229,Swiggy,Blueberry Muffin,145.03
2026-03-25,BL-260325-9232,Swiggy,Iced Latte,501.64
2026-03-25,BL-260325-9232,Swiggy,Espresso,154.69
2026-03-25,BL-260325-9234,Zomato,Iced Latte,250.08
2026-03-25,BL-260325-9234,Zomato,Cold Brew,229.33
2026-03-25,BL-260325-9237,Zomato,Croissant,123.97
2026-03-25,BL-260325-9237,Zomato,Espresso,152.53
2026-03-25,BL-260325-9238,Swiggy,Chocolate Brownie,164.56
2026-03-25,BL-260325-9238,Swiggy,Cappuccino,372.45
2026-03-25,BL-260325-9238,Swiggy,Veg Wrap,522.78
2026-03-25,BL-260325-9239,Zomato,Latte,203.65
2026-03-25,BL-260325-9239,Zomato,Avocado Toast,283.93
2026-03-25,BL-260325-9243,Swiggy,Chocolate Brownie,162.28
2026-03-25,BL-260325-9253,Swiggy,Chocolate Brownie,160.92
2026-03-25,BL-260325-9253,Swiggy,Cold Brew,230.25
2026-03-25,BL-260325-9255,Swiggy,Club Sandwich,335.76
2026-03-25,BL-260325-9255,Swiggy,Avocado Toast,567.86
2026-03-25,BL-260325-9257,Zomato,Blueberry Muffin,141.06
2026-03-25,BL-260325-9260,Zomato,Espresso,153.55
2026-03-25,BL-260325-9263,Swiggy,Blueberry Muffin,144.94
2026-03-25,BL-260325-9263,Swiggy,Cappuccino,369.1
2026-03-25,BL-260325-9264,Swiggy,Club Sandwich,323.04
2026-03-25,BL-260325-9278,Swiggy,Masala Chai,79.97
2026-03-25,BL-260325-9282,Zomato,Avocado Toast,289.88
2026-03-25,BL-260325-9283,Zomato,Latte,202.87
2026-03-25,BL-260325-9283,Zomato,Club Sandwich,665.57
2026-03-25,BL-260325-9287,Swiggy,Club Sandwich,330.61
2026-03-25,BL-260325-9287,Swiggy,Masala Chai,162.68
2026-03-25,BL-260325-9288,Zomato,Avocado Toast,567.65
2026-03-25,BL-260325-9288,Zomato,Veg Wrap,259.38
2026-03-25,BL-260325-9290,Swiggy,Masala Chai,82.85
2026-03-25,BL-260325-9290,Swiggy,Masala Chai,80.26
2026-03-25,BL-260325-9291,Zomato,Croissant,124.29
2026-03-25,BL-260325-9292,Zomato,Cappuccino,181.2
2026-03-25,BL-260325-9293,Zomato,Iced Latte,239.86
2026-03-26,BL-260326-9296,Swiggy,Iced Latte,503.23
2026-03-26,BL-260326-9296,Swiggy,Veg Wrap,271.62
2026-03-26,BL-260326-9296,Swiggy,Blueberry Muffin,281.77
2026-03-26,BL-260326-9297,Zomato,Masala Chai,80.97
2026-03-26,BL-260326-9297,Zomato,Veg Wrap,264.41
2026-03-26,BL-260326-9298,Zomato,Latte,205.92
2026-03-26,BL-260326-9302,Zomato,Espresso,156.79
2026-03-26,BL-260326-9303,Swiggy,Seasonal Special,393.11
2026-03-26,BL-260326-9305,Swiggy,Cold Brew,226.38
2026-03-26,BL-260326-9310,Zomato,Seasonal Special,396.18
2026-03-26,BL-260326-9310,Zomato,Iced Latte,242.06
2026-03-26,BL-260326-9310,Zomato,Seasonal Special,403.19
2026-03-26,BL-260326-9310,Zomato,Latte,404.07
2026-03-26,BL-260326-9314,Swiggy,Iced Latte,251.57
2026-03-26,BL-260326-9314,Swiggy,Cappuccino,183.46
2026-03-26,BL-260326-9318,Zomato,Croissant,123.46
2026-03-26,BL-260326-9318,Zomato,Cappuccino,364.8
2026-03-26,BL-260326-9320,Swiggy,Avocado Toast,283.3
2026-03-26,BL-260326-9322,Swiggy,Croissant,121.62
2026-03-26,BL-260326-9322,Swiggy,Blueberry Muffin,140.47
2026-03-26,BL-260326-9330,Zomato,Chocolate Brownie,160.43
2026-03-26,BL-260326-9330,Zomato,Veg Wrap,523.47
2026-03-26,BL-260326-9330,Zomato,Espresso,154.5
2026-03-26,BL-260326-9333,Swiggy,Latte,206.11
2026-03-26,BL-260326-9333,Swiggy,Chocolate Brownie,159.77
2026-03-26,BL-260326-9333,Swiggy,Veg Wrap,270.21
2026-03-26,BL-260326-9334,Zomato,Cappuccino,365.85
2026-03-26,BL-260326-9334,Zomato,Masala Chai,81.3
2026-03-26,BL-260326-9337,Swiggy,Seasonal Special,391.34
2026-03-26,BL-260326-9337,Swiggy,Veg Wrap,262.97
2026-03-26,BL-260326-9339,Swiggy,Seasonal Special,402.7
2026-03-26,BL-260326-9339,Swiggy,Croissant,247.31
2026-03-26,BL-260326-9340,Swiggy,Croissant,121.55
2026-03-26,BL-260326-9340,Swiggy,Masala Chai,82.33
2026-03-26,BL-260326-9342,Zomato,Espresso,153.56
2026-03-26,BL-260326-9342,Zomato,Veg Wrap,525.76
2026-03-26,BL-260326-9354,Zomato,Cold Brew,229.57
2026-03-26,BL-260326-9354,Zomato,Iced Latte,243.36
2026-03-26,BL-260326-9356,Swiggy,Espresso,305.36
2026-03-26,BL-260326-9356,Swiggy,Chocolate Brownie,163.87
2026-03-26,BL-260326-9357,Zomato,Latte,205.23
2026-03-26,BL-260326-9357,Zomato,Veg Wrap,267.55
2026-03-26,BL-260326-9357,Zomato,Masala Chai,162.31
2026-03-26,BL-260326-9359,Zomato,Latte,203.7
2026-03-26,BL-260326-9361,Swiggy,Cappuccino,182.19
2026-03-26,BL-260326-9362,Swiggy,Blueberry Muffin,287.68
2026-03-26,BL-260326-9365,Zomato,Iced Latte,247.72
2026-03-26,BL-260326-9365,Zomato,Iced Latte,241.83
2026-03-26,BL-260326-9365,Zomato,Espresso,301.03
2026-03-26,BL-260326-9367,Swiggy,Cappuccino,180.77
2026-03-26,BL-260326-9367,Swiggy,Blueberry Muffin,141.2
2026-03-26,BL-260326-9368,Zomato,Club Sandwich,320.56
2026-03-26,BL-260326-9371,Zomato,Cold Brew,452.47
2026-03-26,BL-260326-9371,Zomato,Latte,199.73
2026-03-26,BL-260326-9371,Zomato,Cappuccino,182.2
2026-03-26,BL-260326-9376,Zomato,Blueberry Muffin,286.34
2026-03-26,BL-260326-9379,Swiggy,Masala Chai,82.58
2026-03-26,BL-260326-9379,Swiggy,Cappuccino,182.81
2026-03-26,BL-260326-9381,Zomato,Chocolate Brownie,164.67
2026-03-26,BL-260326-9381,Zomato,Croissant,122.87
2026-03-26,BL-260326-9387,Swiggy,Cold Brew,225.0
2026-03-26,BL-260326-9387,Swiggy,Croissant,125.33
2026-03-26,BL-260326-9390,Swiggy,Cold Brew,228.83
2026-03-26,BL-260326-9390,Swiggy,Masala Chai,80.19
2026-03-26,BL-260326-9392,Zomato,Espresso,153.29
2026-03-26,BL-260326-9392,Zomato,Veg Wrap,265.24
2026-03-26,BL-260326-9393,Zomato,Masala Chai,81.23
2026-03-26,BL-260326-9393,Zomato,Cold Brew,221.45
2026-03-26,BL-260326-9395,Zomato,Club Sandwich,326.91
2026-03-26,BL-260326-9397,Swiggy,Iced Latte,496.37
2026-03-26,BL-260326-9397,Swiggy,Latte,206.34
2026-03-26,BL-260326-9399,Zomato,Iced Latte,250.13
2026-03-26,BL-260326-9399,Zomato,Blueberry Muffin,279.69
2026-03-26,BL-260326-9399,Zomato,Masala Chai,83.81
2026-03-26,BL-260326-9401,Swiggy,Espresso,308.73
2026-03-26,BL-260326-9401,Swiggy,Cold Brew,222.86
2026-03-26,BL-260326-9402,Zomato,Croissant,122.14
2026-03-26,BL-260326-9402,Zomato,Masala Chai,80.38
2026-03-26,BL-260326-9403,Zomato,Cappuccino,186.31
2026-03-26,BL-260326-9404,Swiggy,Latte,204.49
2026-03-26,BL-260326-9404,Swiggy,Veg Wrap,264.9
2026-03-26,BL-260326-9412,Zomato,Iced Latte,241.22
2026-03-26,BL-260326-9412,Zomato,Club Sandwich,328.85
2026-03-26,BL-260326-9412,Zomato,Seasonal Special,394.56
2026-03-26,BL-260326-9413,Zomato,Iced Latte,245.08
2026-03-26,BL-260326-9413,Zomato,Cappuccino,188.58
2026-03-26,BL-260326-9414,Swiggy,Latte,412.95
2026-03-26,BL-260326-9416,Swiggy,Chocolate Brownie,166.33
2026-03-26,BL-260326-9416,Swiggy,Croissant,121.89
2026-03-26,BL-260326-9418,Zomato,Club Sandwich,329.9
2026-03-26,BL-260326-9418,Zomato,Club Sandwich,331.86
2026-03-26,BL-260326-9418,Zomato,Croissant,249.7
2026-03-26,BL-260326-9421,Swiggy,Blueberry Muffin,144.69
2026-03-26,BL-260326-9421,Swiggy,Espresso,157.37
2026-03-26,BL-260326-9421,Swiggy,Chocolate Brownie,160.26
2026-03-26,BL-260326-9429,Zomato,Espresso,154.61
2026-03-26,BL-260326-9431,Zomato,Espresso,150.28
2026-03-26,BL-260326-9431,Zomato,Latte,202.77
2026-03-26,BL-260326-9431,Zomato,Latte,205.67
2026-03-26,BL-260326-9432,Zomato,Latte,209.21
2026-03-26,BL-260326-9432,Zomato,Seasonal Special,395.28
2026-03-26,BL-260326-9438,Zomato,Chocolate Brownie,165.41
2026-03-26,BL-260326-9438,Zomato,Cold Brew,229.33
2026-03-26,BL-260326-9439,Swiggy,Croissant,241.3
2026-03-26,BL-260326-9443,Swiggy,Chocolate Brownie,324.95
2026-03-26,BL-260326-9443,Swiggy,Latte,203.94
2026-03-26,BL-260326-9444,Swiggy,Seasonal Special,384.61
2026-03-26,BL-260326-9446,Zomato,Chocolate Brownie,163.24
2026-03-26,BL-260326-9446,Zomato,Seasonal Special,394.34
2026-03-26,BL-260326-9446,Zomato,Club Sandwich,330.36
2026-03-26,BL-260326-9447,Swiggy,Veg Wrap,260.42
2026-03-26,BL-260326-9449,Swiggy,Croissant,122.41
2026-03-26,BL-260326-9450,Swiggy,Chocolate Brownie,166.3
2026-03-26,BL-260326-9453,Swiggy,Masala Chai,80.2
2026-03-26,BL-260326-9453,Swiggy,Latte,406.08
2026-03-27,BL-260327-9456,Zomato,Espresso,154.7
2026-03-27,BL-260327-9456,Zomato,Espresso,303.89
2026-03-27,BL-260327-9456,Zomato,Chocolate Brownie,330.06
2026-03-27,BL-260327-9458,Swiggy,Masala Chai,80.94
2026-03-27,BL-260327-9458,Swiggy,Latte,209.78
2026-03-27,BL-260327-9458,Swiggy,Blueberry Muffin,141.1
2026-03-27,BL-260327-9460,Swiggy,Avocado Toast,284.55
2026-03-27,BL-260327-9460,Swiggy,Latte,204.09
2026-03-27,BL-260327-9465,Swiggy,Chocolate Brownie,329.1
2026-03-27,BL-260327-9465,Swiggy,Veg Wrap,538.11
2026-03-27,BL-260327-9466,Swiggy,Seasonal Special,397.56
2026-03-27,BL-260327-9469,Swiggy,Iced Latte,250.31
2026-03-27,BL-260327-9469,Swiggy,Cappuccino,181.81
2026-03-27,BL-260327-9472,Zomato,Chocolate Brownie,167.4
2026-03-27,BL-260327-9475,Swiggy,Espresso,149.73
2026-03-27,BL-260327-9475,Swiggy,Croissant,250.25
2026-03-27,BL-260327-9476,Zomato,Avocado Toast,290.72
2026-03-27,BL-260327-9476,Zomato,Latte,199.59
2026-03-27,BL-260327-9476,Zomato,Latte,204.53
2026-03-27,BL-260327-9477,Zomato,Veg Wrap,272.89
2026-03-27,BL-260327-9477,Zomato,Latte,204.66
2026-03-27,BL-260327-9481,Zomato,Veg Wrap,269.01
2026-03-27,BL-260327-9481,Zomato,Iced Latte,486.92
2026-03-27,BL-260327-9481,Zomato,Cappuccino,180.02
2026-03-27,BL-260327-9483,Swiggy,Chocolate Brownie,161.2
2026-03-27,BL-260327-9483,Swiggy,Chocolate Brownie,163.09
2026-03-27,BL-260327-9484,Zomato,Veg Wrap,260.83
2026-03-27,BL-260327-9484,Zomato,Cold Brew,227.68
2026-03-27,BL-260327-9485,Swiggy,Chocolate Brownie,167.33
2026-03-27,BL-260327-9485,Swiggy,Espresso,155.63
2026-03-27,BL-260327-9485,Swiggy,Cold Brew,228.0
2026-03-27,BL-260327-9486,Swiggy,Seasonal Special,394.28
2026-03-27,BL-260327-9491,Swiggy,Latte,207.4
2026-03-27,BL-260327-9491,Swiggy,Club Sandwich,332.56
2026-03-27,BL-260327-9493,Zomato,Cold Brew,458.9
2026-03-27,BL-260327-9493,Zomato,Cold Brew,229.48
2026-03-27,BL-260327-9494,Zomato,Avocado Toast,288.3
2026-03-27,BL-260327-9494,Zomato,Blueberry Muffin,145.37
2026-03-27,BL-260327-9495,Zomato,Cappuccino,188.29
2026-03-27,BL-260327-9496,Zomato,Masala Chai,82.69
2026-03-27,BL-260327-9497,Swiggy,Masala Chai,81.47
2026-03-27,BL-260327-9499,Swiggy,Chocolate Brownie,332.19
2026-03-27,BL-260327-9504,Zomato,Croissant,120.85
2026-03-27,BL-260327-9504,Zomato,Seasonal Special,400.05
2026-03-27,BL-260327-9504,Zomato,Iced Latte,249.15
2026-03-27,BL-260327-9509,Zomato,Veg Wrap,262.78
2026-03-27,BL-260327-9509,Zomato,Seasonal Special,397.35
2026-03-27,BL-260327-9510,Swiggy,Latte,208.12
2026-03-27,BL-260327-9513,Swiggy,Club Sandwich,321.26
2026-03-27,BL-260327-9513,Swiggy,Veg Wrap,535.35
2026-03-27,BL-260327-9516,Zomato,Iced Latte,247.83
2026-03-27,BL-260327-9516,Zomato,Avocado Toast,285.98
2026-03-27,BL-260327-9519,Zomato,Croissant,122.66
2026-03-27,BL-260327-9519,Zomato,Cold Brew,219.48
2026-03-27,BL-260327-9520-R,Swiggy,Seasonal Special,389.96
2026-03-27,BL-260327-9520-R,Swiggy,Latte,409.27
2026-03-27,BL-260327-9520-R,Swiggy,Croissant,246.78
2026-03-27,BL-260327-9522,Zomato,Cappuccino,185.74
2026-03-27,BL-260327-9523,Zomato,Club Sandwich,327.05
2026-03-27,BL-260327-9523,Zomato,Cold Brew,230.46
2026-03-27,BL-260327-9527,Swiggy,Espresso,157.22
2026-03-27,BL-260327-9530,Zomato,Chocolate Brownie,164.13
2026-03-27,BL-260327-9531,Swiggy,Cold Brew,229.28
2026-03-27,BL-260327-9538,Swiggy,Avocado Toast,580.27
2026-03-27,BL-260327-9538,Swiggy,Veg Wrap,526.53
2026-03-27,BL-260327-9538,Swiggy,Chocolate Brownie,165.68
2026-03-27,BL-260327-9539,Swiggy,Club Sandwich,335.99
2026-03-27,BL-260327-9543,Swiggy,Avocado Toast,292.05
2026-03-27,BL-260327-9543,Swiggy,Masala Chai,81.28
2026-03-27,BL-260327-9543,Swiggy,Cold Brew,230.89
2026-03-27,BL-260327-9544,Swiggy,Blueberry Muffin,143.86
2026-03-27,BL-260327-9545,Swiggy,Blueberry Muffin,144.42
2026-03-27,BL-260327-9545,Swiggy,Seasonal Special,388.48
2026-03-27,BL-260327-9547,Swiggy,Croissant,122.65
2026-03-27,BL-260327-9550,Zomato,Iced Latte,246.97
2026-03-27,BL-260327-9550,Zomato,Latte,208.0
2026-03-27,BL-260327-9553,Swiggy,Seasonal Special,388.67
2026-03-27,BL-260327-9553,Swiggy,Cold Brew,224.86
2026-03-27,BL-260327-9556,Zomato,Seasonal Special,389.29
2026-03-27,BL-260327-9556,Zomato,Blueberry Muffin,142.41
2026-03-27,BL-260327-9558,Zomato,Blueberry Muffin,140.55
2026-03-27,BL-260327-9558,Zomato,Seasonal Special,395.52
2026-03-27,BL-260327-9558,Zomato,Veg Wrap,267.46
2026-03-27,BL-260327-9558,Zomato,Espresso,305.16
2026-03-27,BL-260327-9559,Zomato,Club Sandwich,331.88
2026-03-27,BL-260327-9559,Zomato,Club Sandwich,327.92
2026-03-27,BL-260327-9561,Zomato,Veg Wrap,260.28
2026-03-27,BL-260327-9561,Zomato,Blueberry Muffin,142.24
2026-03-27,BL-260327-9563,Swiggy,Latte,204.88
2026-03-27,BL-260327-9563,Swiggy,Avocado Toast,285.15
2026-03-27,BL-260327-9563,Swiggy,Espresso,156.32
2026-03-27,BL-260327-9566,Zomato,Chocolate Brownie,159.68
2026-03-27,BL-260327-9572,Swiggy,Veg Wrap,268.72
2026-03-27,BL-260327-9573,Swiggy,Cold Brew,228.78
2026-03-27,BL-260327-9573,Swiggy,Club Sandwich,322.87
2026-03-27,BL-260327-9574,Zomato,Espresso,156.92
2026-03-27,BL-260327-9574,Zomato,Masala Chai,81.68
2026-03-27,BL-260327-9577,Swiggy,Chocolate Brownie,164.79
2026-03-27,BL-260327-9577,Swiggy,Espresso,150.52
2026-03-27,BL-260327-9577,Swiggy,Croissant,241.87
2026-03-27,BL-260327-9582,Swiggy,Blueberry Muffin,145.3
2026-03-27,BL-260327-9582,Swiggy,Masala Chai,83.62
2026-03-27,BL-260327-9591,Zomato,Iced Latte,245.22
2026-03-27,BL-260327-9592,Zomato,Chocolate Brownie,326.8
2026-03-28,BL-260328-9594,Zomato,Croissant,124.08
2026-03-28,BL-260328-9594,Zomato,Club Sandwich,333.6
2026-03-28,BL-260328-9595,Swiggy,Latte,199.96
2026-03-28,BL-260328-9596,Zomato,Cold Brew,226.25
2026-03-28,BL-260328-9596,Zomato,Club Sandwich,335.94
2026-03-28,BL-260328-9597,Zomato,Seasonal Special,396.67
2026-03-28,BL-260328-9597,Zomato,Club Sandwich,324.68
2026-03-28,BL-260328-9600,Swiggy,Veg Wrap,532.12
2026-03-28,BL-260328-9600,Swiggy,Chocolate Brownie,162.93
2026-03-28,BL-260328-9602,Zomato,Cappuccino,366.65
2026-03-28,BL-260328-9604,Swiggy,Iced Latte,240.76
2026-03-28,BL-260328-9607,Zomato,Croissant,122.73
2026-03-28,BL-260328-9607,Zomato,Masala Chai,80.59
2026-03-28,BL-260328-9608,Swiggy,Blueberry Muffin,143.55
2026-03-28,BL-260328-9608,Swiggy,Blueberry Muffin,139.99
2026-03-28,BL-260328-9609,Swiggy,Cappuccino,187.44
2026-03-28,BL-260328-9609,Swiggy,Croissant,123.79
2026-03-28,BL-260328-9610,Swiggy,Iced Latte,239.47
2026-03-28,BL-260328-9610,Swiggy,Espresso,155.52
2026-03-28,BL-260328-9612,Swiggy,Masala Chai,83.17
2026-03-28,BL-260328-9613,Zomato,Masala Chai,164.53
2026-03-28,BL-260328-9613,Zomato,Iced Latte,246.56
2026-03-28,BL-260328-9615,Swiggy,Blueberry Muffin,141.97
2026-03-28,BL-260328-9618,Zomato,Iced Latte,251.58
2026-03-28,BL-260328-9620,Zomato,Latte,203.81
2026-03-28,BL-260328-9620,Zomato,Avocado Toast,290.01
2026-03-28,BL-260328-9620,Zomato,Chocolate Brownie,162.35
2026-03-28,BL-260328-9621,Swiggy,Latte,207.55
2026-03-28,BL-260328-9621,Swiggy,Espresso,157.47
2026-03-28,BL-260328-9621,Swiggy,Cold Brew,449.48
2026-03-28,BL-260328-9622,Swiggy,Cold Brew,224.06
2026-03-28,BL-260328-9622,Swiggy,Seasonal Special,397.99
2026-03-28,BL-260328-9622,Swiggy,Veg Wrap,538.34
2026-03-28,BL-260328-9623,Zomato,Avocado Toast,290.88
2026-03-28,BL-260328-9623,Zomato,Veg Wrap,538.62
2026-03-28,BL-260328-9624,Zomato,Latte,209.57
2026-03-28,BL-260328-9624,Zomato,Club Sandwich,335.38
2026-03-28,BL-260328-9624,Zomato,Masala Chai,81.3
2026-03-28,BL-260328-9627,Swiggy,Avocado Toast,281.02
2026-03-28,BL-260328-9628,Zomato,Seasonal Special,401.45
2026-03-28,BL-260328-9628,Zomato,Cappuccino,184.19
2026-03-28,BL-260328-9629,Swiggy,Avocado Toast,280.92
2026-03-28,BL-260328-9629,Swiggy,Seasonal Special,387.41
2026-03-28,BL-260328-9631,Zomato,Croissant,122.92
2026-03-28,BL-260328-9635,Zomato,Seasonal Special,390.75
2026-03-28,BL-260328-9639,Swiggy,Masala Chai,79.99
2026-03-28,BL-260328-9639,Swiggy,Blueberry Muffin,144.51
2026-03-28,BL-260328-9639,Swiggy,Veg Wrap,263.56
2026-03-28,BL-260328-9640,Swiggy,Cappuccino,182.55
2026-03-28,BL-260328-9640,Swiggy,Veg Wrap,271.55
2026-03-28,BL-260328-9641,Swiggy,Cold Brew,227.63
2026-03-28,BL-260328-9645,Zomato,Latte,208.35
2026-03-28,BL-260328-9645,Zomato,Iced Latte,240.73
2026-03-28,BL-260328-9647,Zomato,Latte,205.18
2026-03-28,BL-260328-9647,Zomato,Avocado Toast,564.86
2026-03-28,BL-260328-9648,Zomato,Chocolate Brownie,332.82
2026-03-28,BL-260328-9648,Zomato,Club Sandwich,331.41
2026-03-28,BL-260328-9649,Zomato,Masala Chai,81.02
2026-03-28,BL-260328-9649,Zomato,Blueberry Muffin,144.74
2026-03-28,BL-260328-9650,Zomato,Espresso,156.32
2026-03-28,BL-260328-9650,Zomato,Cold Brew,220.06
2026-03-28,BL-260328-9652,Swiggy,Cappuccino,181.2
2026-03-28,BL-260328-9652,Swiggy,Chocolate Brownie,167.1
2026-03-28,BL-260328-9654,Zomato,Chocolate Brownie,326.83
2026-03-28,BL-260328-9654,Zomato,Blueberry Muffin,283.43
2026-03-28,BL-260328-9660,Swiggy,Espresso,152.9
2026-03-28,BL-260328-9660,Swiggy,Chocolate Brownie,163.67
2026-03-28,BL-260328-9660,Swiggy,Latte,205.84
2026-03-28,BL-260328-9661,Swiggy,Latte,402.78
2026-03-28,BL-260328-9661,Swiggy,Croissant,121.27
2026-03-28,BL-260328-9661,Swiggy,Club Sandwich,324.13
2026-03-28,BL-260328-9663,Zomato,Cappuccino,180.96
2026-03-28,BL-260328-9665,Zomato,Chocolate Brownie,164.15
2026-03-28,BL-260328-9665,Zomato,Club Sandwich,324.94
2026-03-28,BL-260328-9668,Zomato,Latte,208.7
2026-03-28,BL-260328-9669,Swiggy,Espresso,154.65
2026-03-28,BL-260328-9669,Swiggy,Latte,405.08
2026-03-28,BL-260328-9670,Zomato,Avocado Toast,280.44
2026-03-28,BL-260328-9670,Zomato,Croissant,123.78
2026-03-28,BL-260328-9670,Zomato,Seasonal Special,398.59
2026-03-28,BL-260328-9672,Swiggy,Veg Wrap,259.68
2026-03-28,BL-260328-9673,Swiggy,Avocado Toast,286.54
2026-03-28,BL-260328-9673,Swiggy,Avocado Toast,289.47
2026-03-28,BL-260328-9674,Swiggy,Club Sandwich,329.05
2026-03-28,BL-260328-9674,Swiggy,Blueberry Muffin,293.27
2026-03-28,BL-260328-9677,Swiggy,Masala Chai,83.24
2026-03-28,BL-260328-9678,Zomato,Avocado Toast,291.12
2026-03-28,BL-260328-9679-R,Zomato,Chocolate Brownie,329.32
2026-03-28,BL-260328-9679-R,Zomato,Blueberry Muffin,145.15
2026-03-28,BL-260328-9682,Zomato,Masala Chai,162.97
2026-03-28,BL-260328-9684,Zomato,Masala Chai,82.19
2026-03-28,BL-260328-9684,Zomato,Espresso,156.06
2026-03-28,BL-260328-9684,Zomato,Masala Chai,81.5
2026-03-28,BL-260328-9688,Swiggy,Chocolate Brownie,162.6
2026-03-28,BL-260328-9688,Swiggy,Avocado Toast,279.64
2026-03-28,BL-260328-9689,Zomato,Club Sandwich,656.65
2026-03-28,BL-260328-9689,Zomato,Iced Latte,240.14
2026-03-28,BL-260328-9689,Zomato,Cold Brew,222.0
2026-03-28,BL-260328-9690,Swiggy,Avocado Toast,288.82
2026-03-28,BL-260328-9696,Swiggy,Avocado Toast,287.98
2026-03-28,BL-260328-9696,Swiggy,Chocolate Brownie,166.58
2026-03-28,BL-260328-9698,Zomato,Espresso,300.7
2026-03-28,BL-260328-9699,Swiggy,Iced Latte,249.06
2026-03-28,BL-260328-9700,Swiggy,Chocolate Brownie,325.4
2026-03-28,BL-260328-9700,Swiggy,Croissant,122.34
2026-03-28,BL-260328-9700,Swiggy,Iced Latte,250.23
2026-03-28,BL-260328-9703,Zomato,Club Sandwich,323.11
2026-03-28,BL-260328-9703,Zomato,Espresso,155.56
2026-03-28,BL-260328-9704,Zomato,Espresso,150.0
2026-03-28,BL-260328-9704,Zomato,Avocado Toast,293.76
2026-03-28,BL-260328-9704,Zomato,Veg Wrap,267.05
2026-03-28,BL-260328-9705,Zomato,Latte,411.08
2026-03-28,BL-260328-9705,Zomato,Iced Latte,243.73
2026-03-28,BL-260328-9707,Swiggy,Latte,209.11
2026-03-28,BL-260328-9711,Zomato,Veg Wrap,261.54
2026-03-28,BL-260328-9712,Swiggy,Avocado Toast,287.93
2026-03-28,BL-260328-9712,Swiggy,Avocado Toast,285.78
2026-03-28,BL-260328-9712,Swiggy,Blueberry Muffin,145.12
2026-03-28,BL-260328-9715,Swiggy,Croissant,124.41
2026-03-28,BL-260328-9715,Swiggy,Espresso,153.61
2026-03-28,BL-260328-9719,Zomato,Veg Wrap,519.52
2026-03-28,BL-260328-9722,Zomato,Iced Latte,250.58
2026-03-28,BL-260328-9722,Zomato,Blueberry Muffin,292.16
2026-03-28,BL-260328-9726,Swiggy,Croissant,244.13
2026-03-28,BL-260328-9726,Swiggy,Veg Wrap,271.23
2026-03-28,BL-260328-9726,Swiggy,Cappuccino,185.82
2026-03-28,BL-260328-9727,Zomato,Iced Latte,249.78
2026-03-28,BL-260328-9727,Zomato,Latte,205.78
2026-03-28,BL-260328-9729,Zomato,Chocolate Brownie,167.93
2026-03-28,BL-260328-9729,Zomato,Avocado Toast,279.64
2026-03-28,BL-260328-9731,Swiggy,Chocolate Brownie,166.3
2026-03-28,BL-260328-9732,Swiggy,Cold Brew,221.97
2026-03-28,BL-260328-9735,Zomato,Chocolate Brownie,162.11
2026-03-28,BL-260328-9735,Zomato,Chocolate Brownie,164.16
2026-03-28,BL-260328-9737,Zomato,Cold Brew,220.38
2026-03-28,BL-260328-9737,Zomato,Masala Chai,81.98
2026-03-28,BL-260328-9738,Zomato,Masala Chai,82.08
2026-03-28,BL-260328-9738,Zomato,Club Sandwich,320.78
2026-03-28,BL-260328-9738,Zomato,Masala Chai,164.98
2026-03-28,BL-260328-9740,Zomato,Avocado Toast,280.23
2026-03-28,BL-260328-9740,Zomato,Croissant,124.61
2026-03-28,BL-260328-9743,Swiggy,Espresso,152.78
2026-03-28,BL-260328-9744,Zomato,Seasonal Special,386.33
2026-03-28,BL-260328-9747,Zomato,Chocolate Brownie,333.16
2026-03-28,BL-260328-9747,Zomato,Latte,200.54
2026-03-28,BL-260328-9747,Zomato,Club Sandwich,335.17
2026-03-28,BL-260328-9747,Zomato,Iced Latte,249.43
2026-03-28,BL-260328-9750,Zomato,Cold Brew,227.81
2026-03-28,BL-260328-9752,Swiggy,Avocado Toast,290.88
2026-03-28,BL-260328-9752,Swiggy,Seasonal Special,393.9
2026-03-28,BL-260328-9753,Swiggy,Seasonal Special,803.21
2026-03-28,BL-260328-9753,Swiggy,Veg Wrap,270.5
2026-03-28,BL-260328-9754,Zomato,Iced Latte,248.7
2026-03-28,BL-260328-9758,Swiggy,Blueberry Muffin,139.77
2026-03-28,BL-260328-9758,Swiggy,Club Sandwich,325.0
2026-03-28,BL-260328-9760,Swiggy,Iced Latte,244.31
2026-03-28,BL-260328-9763,Zomato,Seasonal Special,397.56
2026-03-28,BL-260328-9763,Zomato,Chocolate Brownie,162.37
2026-03-28,BL-260328-9763,Zomato,Cappuccino,181.02
2026-03-28,BL-260328-9764,Swiggy,Cold Brew,230.79
2026-03-28,BL-260328-9765,Zomato,Espresso,150.02
2026-03-28,BL-260328-9765,Zomato,Cappuccino,179.82
2026-03-28,BL-260328-9768,Swiggy,Cold Brew,228.13
2026-03-28,BL-260328-9768,Swiggy,Iced Latte,248.19
2026-03-28,BL-260328-9768,Swiggy,Seasonal Special,772.14
2026-03-28,BL-260328-9771,Zomato,Blueberry Muffin,143.35
2026-03-28,BL-260328-9771,Zomato,Seasonal Special,390.0
2026-03-28,BL-260328-9773,Swiggy,Croissant,125.0
2026-03-28,BL-260328-9775,Swiggy,Espresso,313.73
2026-03-28,BL-260328-9776,Zomato,Cappuccino,361.5
2026-03-29,BL-260329-9780,Zomato,Cappuccino,183.76
2026-03-29,BL-260329-9780,Zomato,Seasonal Special,390.01
2026-03-29,BL-260329-9780,Zomato,Croissant,243.06
2026-03-29,BL-260329-9783,Swiggy,Latte,209.16
2026-03-29,BL-260329-9784,Zomato,Espresso,153.18
2026-03-29,BL-260329-9787,Swiggy,Masala Chai,82.94
2026-03-29,BL-260329-9790,Zomato,Seasonal Special,799.66
2026-03-29,BL-260329-9790,Zomato,Espresso,151.72
2026-03-29,BL-260329-9790,Zomato,Croissant,241.72
2026-03-29,BL-260329-9793,Zomato,Chocolate Brownie,166.81
2026-03-29,BL-260329-9793,Zomato,Chocolate Brownie,166.67
2026-03-29,BL-260329-9793,Zomato,Cappuccino,187.75
2026-03-29,BL-260329-9794,Swiggy,Club Sandwich,325.36
2026-03-29,BL-260329-9796,Zomato,Blueberry Muffin,140.01
2026-03-29,BL-260329-9796,Zomato,Espresso,155.72
2026-03-29,BL-260329-9797,Swiggy,Seasonal Special,392.81
2026-03-29,BL-260329-9797,Swiggy,Latte,204.77
2026-03-29,BL-260329-9798,Swiggy,Avocado Toast,282.88
2026-03-29,BL-260329-9798,Swiggy,Espresso,151.97
2026-03-29,BL-260329-9799,Swiggy,Croissant,124.5
2026-03-29,BL-260329-9799,Swiggy,Latte,201.22
2026-03-29,BL-260329-9809,Swiggy,Avocado Toast,279.86
2026-03-29,BL-260329-9809,Swiggy,Avocado Toast,280.32
2026-03-29,BL-260329-9811,Swiggy,Croissant,119.98
2026-03-29,BL-260329-9811,Swiggy,Croissant,125.35
2026-03-29,BL-260329-9811,Swiggy,Cappuccino,181.55
2026-03-29,BL-260329-9815,Zomato,Chocolate Brownie,162.79
2026-03-29,BL-260329-9815,Zomato,Croissant,122.33
2026-03-29,BL-260329-9816,Zomato,Blueberry Muffin,143.49
2026-03-29,BL-260329-9816,Zomato,Seasonal Special,402.58
2026-03-29,BL-260329-9816,Zomato,Blueberry Muffin,145.12
2026-03-29,BL-260329-9819,Zomato,Seasonal Special,397.16
2026-03-29,BL-260329-9819,Zomato,Cappuccino,184.42
2026-03-29,BL-260329-9821,Zomato,Iced Latte,244.16
2026-03-29,BL-260329-9830,Zomato,Latte,206.57
2026-03-29,BL-260329-9833,Zomato,Iced Latte,244.29
2026-03-29,BL-260329-9833,Zomato,Espresso,151.23
2026-03-29,BL-260329-9833,Zomato,Blueberry Muffin,286.43
2026-03-29,BL-260329-9834,Swiggy,Masala Chai,82.06
2026-03-29,BL-260329-9834,Swiggy,Iced Latte,250.29
2026-03-29,BL-260329-9835,Zomato,Latte,205.98
2026-03-29,BL-260329-9835,Zomato,Veg Wrap,261.69
2026-03-29,BL-260329-9838,Zomato,Avocado Toast,285.41
2026-03-29,BL-260329-9842,Zomato,Chocolate Brownie,160.47
2026-03-29,BL-260329-9846,Zomato,Latte,200.87
2026-03-29,BL-260329-9846,Zomato,Chocolate Brownie,160.5
2026-03-29,BL-260329-9846,Zomato,Blueberry Muffin,141.56
2026-03-29,BL-260329-9847,Swiggy,Veg Wrap,538.4
2026-03-29,BL-260329-9850,Swiggy,Masala Chai,83.38
2026-03-29,BL-260329-9852,Zomato,Blueberry Muffin,286.8
2026-03-29,BL-260329-9852,Zomato,Croissant,122.49
2026-03-29,BL-260329-9859,Swiggy,Cappuccino,370.08
2026-03-29,BL-260329-9860,Zomato,Iced Latte,242.41
2026-03-29,BL-260329-9860,Zomato,Latte,202.33
2026-03-29,BL-260329-9861,Swiggy,Avocado Toast,564.63
2026-03-29,BL-260329-9861,Swiggy,Club Sandwich,321.28
2026-03-29,BL-260329-9861,Swiggy,Seasonal Special,391.02
2026-03-29,BL-260329-9863,Zomato,Latte,208.72
2026-03-29,BL-260329-9865,Swiggy,Club Sandwich,335.92
2026-03-29,BL-260329-9865,Swiggy,Blueberry Muffin,143.23
2026-03-29,BL-260329-9866,Swiggy,Avocado Toast,280.01
2026-03-29,BL-260329-9867,Swiggy,Croissant,123.33
2026-03-29,BL-260329-9867,Swiggy,Club Sandwich,331.89
2026-03-29,BL-260329-9868,Swiggy,Cold Brew,225.49
2026-03-29,BL-260329-9869,Swiggy,Blueberry Muffin,283.15
2026-03-29,BL-260329-9874,Swiggy,Chocolate Brownie,167.69
2026-03-29,BL-260329-9874,Swiggy,Croissant,240.94
2026-03-29,BL-260329-9878,Swiggy,Espresso,153.53
2026-03-29,BL-260329-9879,Zomato,Espresso,149.84
2026-03-29,BL-260329-9880,Zomato,Club Sandwich,319.94
2026-03-29,BL-260329-9880,Zomato,Avocado Toast,290.78
2026-03-29,BL-260329-9880,Zomato,Club Sandwich,319.8
2026-03-29,BL-260329-9882,Zomato,Iced Latte,487.23
2026-03-29,BL-260329-9882,Zomato,Espresso,155.91
2026-03-29,BL-260329-9883,Swiggy,Croissant,248.54
2026-03-29,BL-260329-9883,Swiggy,Seasonal Special,389.36
2026-03-29,BL-260329-9885,Zomato,Croissant,121.54
2026-03-29,BL-260329-9885,Zomato,Iced Latte,246.67
2026-03-29,BL-260329-9889,Swiggy,Veg Wrap,522.76
2026-03-29,BL-260329-9889,Swiggy,Veg Wrap,525.45
2026-03-29,BL-260329-9891,Zomato,Club Sandwich,324.72
2026-03-29,BL-260329-9891,Zomato,Veg Wrap,270.78
2026-03-29,BL-260329-9894,Swiggy,Veg Wrap,270.66
2026-03-29,BL-260329-9894,Swiggy,Cold Brew,219.45
2026-03-29,BL-260329-9895,Zomato,Chocolate Brownie,162.04
2026-03-29,BL-260329-9895,Zomato,Espresso,152.84
2026-03-29,BL-260329-9895,Zomato,Cold Brew,223.04
2026-03-29,BL-260329-9895,Zomato,Club Sandwich,322.64
2026-03-29,BL-260329-9898,Zomato,Latte,208.89
2026-03-29,BL-260329-9898,Zomato,Latte,207.12
2026-03-30,BL-260330-9900,Zomato,Chocolate Brownie,334.21
2026-03-30,BL-260330-9900,Zomato,Cold Brew,225.16
2026-03-30,BL-260330-9901,Swiggy,Club Sandwich,330.89
2026-03-30,BL-260330-9901,Swiggy,Club Sandwich,330.79
2026-03-30,BL-260330-9903,Zomato,Croissant,121.78
2026-03-30,BL-260330-9904,Swiggy,Cold Brew,228.15
2026-03-30,BL-260330-9904,Swiggy,Masala Chai,82.95
2026-03-30,BL-260330-9904,Swiggy,Latte,201.42
2026-03-30,BL-260330-9905,Swiggy,Avocado Toast,284.29
2026-03-30,BL-260330-9907,Swiggy,Croissant,122.8
2026-03-30,BL-260330-9907,Swiggy,Iced Latte,481.64
2026-03-30,BL-260330-9908,Zomato,Masala Chai,162.11
2026-03-30,BL-260330-9908,Zomato,Club Sandwich,335.4
2026-03-30,BL-260330-9909,Swiggy,Avocado Toast,288.14
2026-03-30,BL-260330-9909,Swiggy,Club Sandwich,655.9
2026-03-30,BL-260330-9910,Swiggy,Avocado Toast,288.92
2026-03-30,BL-260330-9911,Swiggy,Seasonal Special,403.06
2026-03-30,BL-260330-9911,Swiggy,Blueberry Muffin,140.1
2026-03-30,BL-260330-9911,Swiggy,Avocado Toast,284.5
2026-03-30,BL-260330-9913,Swiggy,Veg Wrap,261.0
2026-03-30,BL-260330-9918,Zomato,Avocado Toast,291.74
2026-03-30,BL-260330-9919,Swiggy,Espresso,152.16
2026-03-30,BL-260330-9919,Swiggy,Masala Chai,166.38
2026-03-30,BL-260330-9920,Zomato,Espresso,155.24
2026-03-30,BL-260330-9923,Swiggy,Iced Latte,244.75
2026-03-30,BL-260330-9923,Swiggy,Croissant,121.28
2026-03-30,BL-260330-9924,Zomato,Croissant,122.98
2026-03-30,BL-260330-9924,Zomato,Iced Latte,240.34
2026-03-30,BL-260330-9926,Zomato,Croissant,121.46
2026-03-30,BL-260330-9926,Zomato,Veg Wrap,262.38
2026-03-30,BL-260330-9927,Zomato,Croissant,123.0
2026-03-30,BL-260330-9927,Zomato,Cappuccino,370.87
2026-03-30,BL-260330-9927,Zomato,Latte,202.23
2026-03-30,BL-260330-9930,Swiggy,Croissant,122.32
2026-03-30,BL-260330-9930,Swiggy,Latte,418.59
2026-03-30,BL-260330-9932,Swiggy,Cappuccino,185.67
2026-03-30,BL-260330-9932,Swiggy,Blueberry Muffin,141.73
2026-03-30,BL-260330-9933,Swiggy,Croissant,124.14
2026-03-30,BL-260330-9933,Swiggy,Latte,205.02
2026-03-30,BL-260330-9939,Zomato,Blueberry Muffin,279.91
2026-03-30,BL-260330-9939,Zomato,Croissant,121.71
2026-03-30,BL-260330-9942,Swiggy,Masala Chai,82.37
2026-03-30,BL-260330-9942,Swiggy,Latte,201.19
2026-03-30,BL-260330-9948,Zomato,Latte,205.73
2026-03-30,BL-260330-9953,Zomato,Seasonal Special,395.91
2026-03-30,BL-260330-9953,Zomato,Espresso,153.28
2026-03-30,BL-260330-9954,Zomato,Seasonal Special,403.04
2026-03-30,BL-260330-9956,Zomato,Masala Chai,83.41
2026-03-30,BL-260330-9956,Zomato,Cappuccino,367.95
2026-03-30,BL-260330-9956,Zomato,Blueberry Muffin,140.11
2026-03-30,BL-260330-9962,Zomato,Espresso,314.91
2026-03-30,BL-260330-9965,Swiggy,Masala Chai,80.93
2026-03-30,BL-260330-9965,Swiggy,Club Sandwich,321.56
2026-03-30,BL-260330-9966,Swiggy,Chocolate Brownie,329.46
2026-03-30,BL-260330-9966,Swiggy,Seasonal Special,403.31
2026-03-30,BL-260330-9966,Swiggy,Veg Wrap,534.85
2026-03-30,BL-260330-9967,Zomato,Croissant,123.33
2026-03-30,BL-260330-9967,Zomato,Club Sandwich,335.22
2026-03-30,BL-260330-9968,Swiggy,Chocolate Brownie,162.02
2026-03-30,BL-260330-9970,Swiggy,Blueberry Muffin,146.45
2026-03-30,BL-260330-9971,Zomato,Espresso,153.46
2026-03-30,BL-260330-9971,Zomato,Cold Brew,225.04
2026-03-30,BL-260330-9971,Zomato,Club Sandwich,662.48
2026-03-30,BL-260330-9973,Zomato,Latte,402.44
2026-03-30,BL-260330-9973,Zomato,Cappuccino,365.55
2026-03-30,BL-260330-9974,Swiggy,Club Sandwich,327.25
2026-03-30,BL-260330-9976,Swiggy,Veg Wrap,262.68
2026-03-30,BL-260330-9979,Zomato,Chocolate Brownie,162.67
2026-03-30,BL-260330-9981,Swiggy,Chocolate Brownie,322.76
2026-03-30,BL-260330-9984,Swiggy,Croissant,124.05
2026-03-30,BL-260330-9985,Zomato,Cold Brew,229.6
2026-03-30,BL-260330-9987,Zomato,Cold Brew,220.07
2026-03-30,BL-260330-9987,Zomato,Seasonal Special,392.47
2026-03-31,BL-260331-10000,Zomato,Masala Chai,83.17
2026-03-31,BL-260331-10000,Zomato,Masala Chai,82.27
2026-03-31,BL-260331-10000,Zomato,Chocolate Brownie,162.99
2026-03-31,BL-260331-10002,Zomato,Espresso,150.65
2026-03-31,BL-260331-10002,Zomato,Club Sandwich,320.94
2026-03-31,BL-260331-10005,Swiggy,Chocolate Brownie,167.03
2026-03-31,BL-260331-10005,Swiggy,Latte,208.86
2026-03-31,BL-260331-10006,Swiggy,Cold Brew,457.01
2026-03-31,BL-260331-10006,Swiggy,Cold Brew,229.0
2026-03-31,BL-260331-10008,Zomato,Club Sandwich,322.12
2026-03-31,BL-260331-10010,Swiggy,Masala Chai,81.73
2026-03-31,BL-260331-10010,Swiggy,Masala Chai,83.0
2026-03-31,BL-260331-10011,Swiggy,Croissant,120.08
2026-03-31,BL-260331-10011,Swiggy,Veg Wrap,266.02
2026-03-31,BL-260331-10013,Zomato,Croissant,124.04
2026-03-31,BL-260331-10013,Zomato,Latte,202.14
2026-03-31,BL-260331-10015,Swiggy,Blueberry Muffin,144.17
2026-03-31,BL-260331-10022,Swiggy,Cold Brew,227.82
2026-03-31,BL-260331-10024,Zomato,Chocolate Brownie,162.54
2026-03-31,BL-260331-10026,Swiggy,Cold Brew,223.21
2026-03-31,BL-260331-10026,Swiggy,Masala Chai,82.42
2026-03-31,BL-260331-10027,Zomato,Cappuccino,184.37
2026-03-31,BL-260331-10027,Zomato,Cold Brew,225.21
2026-03-31,BL-260331-10027,Zomato,Masala Chai,82.78
2026-03-31,BL-260331-10029,Swiggy,Avocado Toast,286.79
2026-03-31,BL-260331-10029,Swiggy,Blueberry Muffin,293.5
2026-03-31,BL-260331-10030,Swiggy,Masala Chai,82.9
2026-03-31,BL-260331-10030,Swiggy,Veg Wrap,260.52
2026-03-31,BL-260331-10030,Swiggy,Veg Wrap,264.92
2026-03-31,BL-260331-10032,Zomato,Avocado Toast,283.57
2026-03-31,BL-260331-10032,Zomato,Avocado Toast,282.75
2026-03-31,BL-260331-10034,Zomato,Masala Chai,83.0
2026-03-31,BL-260331-10034,Zomato,Masala Chai,166.38
2026-03-31,BL-260331-10037,Zomato,Seasonal Special,385.31
2026-03-31,BL-260331-10041,Swiggy,Cold Brew,224.78
2026-03-31,BL-260331-10042,Swiggy,Cold Brew,460.58
2026-03-31,BL-260331-10044,Swiggy,Cold Brew,229.25
2026-03-31,BL-260331-10044,Swiggy,Chocolate Brownie,167.01
2026-03-31,BL-260331-10045,Swiggy,Latte,208.23
2026-03-31,BL-260331-10047,Zomato,Cold Brew,225.14
2026-03-31,BL-260331-10047,Zomato,Cold Brew,440.23
2026-03-31,BL-260331-10052,Swiggy,Avocado Toast,287.49
2026-03-31,BL-260331-10053,Swiggy,Seasonal Special,399.96
2026-03-31,BL-260331-10053,Swiggy,Espresso,307.83
2026-03-31,BL-260331-10053,Swiggy,Cold Brew,220.59
2026-03-31,BL-260331-10054,Zomato,Chocolate Brownie,167.0
2026-03-31,BL-260331-10055,Swiggy,Cold Brew,456.01
2026-03-31,BL-260331-10057,Zomato,Cold Brew,227.79
2026-03-31,BL-260331-10063,Zomato,Cold Brew,224.44
2026-03-31,BL-260331-10064,Zomato,Cappuccino,187.7
2026-03-31,BL-260331-10064,Zomato,Masala Chai,161.29
2026-03-31,BL-260331-10065,Zomato,Iced Latte,247.27
2026-03-31,BL-260331-10066,Zomato,Seasonal Special,395.91
2026-03-31,BL-260331-9989,Swiggy,Chocolate Brownie,167.02
2026-03-31,BL-260331-9989,Swiggy,Cold Brew,227.48
2026-03-31,BL-260331-9989,Swiggy,Latte,200.81
2026-03-31,BL-260331-9991,Zomato,Cappuccino,180.14
2026-03-31,BL-260331-9993,Zomato,Masala Chai,167.75
2026-03-31,BL-260331-9993,Zomato,Iced Latte,249.9
2026-03-31,BL-260331-9993,Zomato,Seasonal Special,395.87
2026-03-31,BL-260331-9998,Zomato,Croissant,248.36
2026-03-31,BL-260331-9999,Swiggy,Latte,200.5
2026-04-01,BL-260401-10071,Swiggy,Club Sandwich,326.06
2026-04-01,BL-260401-10074,Zomato,Masala Chai,80.16
2026-04-01,BL-260401-10074,Zomato,Seasonal Special,355.37
2026-04-01,BL-260401-10077,Zomato,Blueberry Muffin,141.28
2026-04-01,BL-260401-10080,Zomato,Cappuccino,181.43
2026-04-01,BL-260401-10085,Zomato,Seasonal Special,365.55
2026-04-01,BL-260401-10085,Zomato,Seasonal Special,357.54
2026-04-01,BL-260401-10087,Swiggy,Cappuccino,188.81
2026-04-01,BL-260401-10093,Zomato,Club Sandwich,325.61
2026-04-01,BL-260401-10093,Zomato,Espresso,154.1
2026-04-01,BL-260401-10099,Swiggy,Avocado Toast,289.23
2026-04-01,BL-260401-10099,Swiggy,Croissant,121.76
2026-04-01,BL-260401-10105,Zomato,Masala Chai,79.97
2026-04-01,BL-260401-10105,Zomato,Chocolate Brownie,166.81
2026-04-01,BL-260401-10106,Swiggy,Seasonal Special,359.73
2026-04-01,BL-260401-10106,Swiggy,Cappuccino,180.88
2026-04-01,BL-260401-10111,Zomato,Latte,208.93
2026-04-01,BL-260401-10115,Zomato,Blueberry Muffin,141.42
2026-04-01,BL-260401-10116,Zomato,Latte,208.97
2026-04-01,BL-260401-10116,Zomato,Chocolate Brownie,167.25
2026-04-01,BL-260401-10126,Swiggy,Chocolate Brownie,163.85
2026-04-01,BL-260401-10126,Swiggy,Blueberry Muffin,284.25
2026-04-01,BL-260401-10129,Swiggy,Chocolate Brownie,167.57
2026-04-01,BL-260401-10129,Swiggy,Chocolate Brownie,162.16
2026-04-01,BL-260401-10130,Swiggy,Avocado Toast,287.36
2026-04-01,BL-260401-10130,Swiggy,Cold Brew,227.83
2026-04-01,BL-260401-10132,Zomato,Club Sandwich,327.88
2026-04-01,BL-260401-10132,Zomato,Club Sandwich,639.68
2026-04-01,BL-260401-10136,Swiggy,Latte,209.93
2026-04-01,BL-260401-10139,Swiggy,Avocado Toast,293.59
2026-04-01,BL-260401-10139,Swiggy,Iced Latte,247.68
2026-04-01,BL-260401-10141,Zomato,Chocolate Brownie,327.09
2026-04-01,BL-260401-10142,Zomato,Espresso,151.41
2026-04-01,BL-260401-10144,Zomato,Veg Wrap,271.54
2026-04-01,BL-260401-10145,Swiggy,Chocolate Brownie,160.66
2026-04-01,BL-260401-10146,Swiggy,Veg Wrap,265.21
2026-04-01,BL-260401-10147,Zomato,Espresso,309.6
2026-04-01,BL-260401-10147,Zomato,Chocolate Brownie,160.26
2026-04-01,BL-260401-10147,Zomato,Veg Wrap,266.24
2026-04-01,BL-260401-10148,Swiggy,Club Sandwich,323.23
2026-04-01,BL-260401-10148,Swiggy,Veg Wrap,272.4
2026-04-01,BL-260401-10149,Zomato,Latte,208.46
2026-04-01,BL-260401-10149,Zomato,Espresso,156.81
2026-04-01,BL-260401-10149,Zomato,Club Sandwich,335.67
2026-04-01,BL-260401-10150,Zomato,Latte,207.57
2026-04-01,BL-260401-10150,Zomato,Blueberry Muffin,146.42
2026-04-01,BL-260401-10152,Zomato,Iced Latte,503.62
2026-04-01,BL-260401-10153,Zomato,Blueberry Muffin,145.0
2026-04-01,BL-260401-10153,Zomato,Blueberry Muffin,140.0
2026-04-02,BL-260402-10154,Zomato,Chocolate Brownie,165.24
2026-04-02,BL-260402-10166,Swiggy,Avocado Toast,281.29
2026-04-02,BL-260402-10166,Swiggy,Croissant,248.09
2026-04-02,BL-260402-10168,Swiggy,Cold Brew,221.64
2026-04-02,BL-260402-10168,Swiggy,Croissant,120.8
2026-04-02,BL-260402-10168,Swiggy,Latte,200.77
2026-04-02,BL-260402-10171,Zomato,Blueberry Muffin,142.48
2026-04-02,BL-260402-10172,Zomato,Espresso,151.99
2026-04-02,BL-260402-10172,Zomato,Club Sandwich,324.73
2026-04-02,BL-260402-10174,Swiggy,Espresso,150.0
2026-04-02,BL-260402-10174,Swiggy,Iced Latte,246.79
2026-04-02,BL-260402-10176,Swiggy,Blueberry Muffin,141.97
2026-04-02,BL-260402-10179,Zomato,Veg Wrap,527.72
2026-04-02,BL-260402-10184,Swiggy,Cold Brew,455.53
2026-04-02,BL-260402-10189,Swiggy,Seasonal Special,716.41
2026-04-02,BL-260402-10189,Swiggy,Seasonal Special,354.56
2026-04-02,BL-260402-10191,Swiggy,Avocado Toast,292.59
2026-04-02,BL-260402-10191,Swiggy,Iced Latte,249.18
2026-04-02,BL-260402-10197,Zomato,Croissant,122.66
2026-04-02,BL-260402-10197,Zomato,Cappuccino,180.94
2026-04-02,BL-260402-10197,Zomato,Masala Chai,163.62
2026-04-02,BL-260402-10197,Zomato,Club Sandwich,329.98
2026-04-02,BL-260402-10205,Zomato,Club Sandwich,332.97
2026-04-02,BL-260402-10206,Swiggy,Avocado Toast,285.57
2026-04-02,BL-260402-10206,Swiggy,Cold Brew,221.52
2026-04-02,BL-260402-10206,Swiggy,Avocado Toast,291.47
2026-04-02,BL-260402-10206,Swiggy,Veg Wrap,270.8
2026-04-02,BL-260402-10214,Swiggy,Cold Brew,457.53
2026-04-02,BL-260402-10219,Zomato,Veg Wrap,272.87
2026-04-02,BL-260402-10219,Zomato,Masala Chai,83.14
2026-04-02,BL-260402-10220,Swiggy,Latte,207.06
2026-04-02,BL-260402-10220,Swiggy,Latte,209.36
2026-04-02,BL-260402-10221,Zomato,Cappuccino,182.11
2026-04-02,BL-260402-10221,Zomato,Espresso,154.26
2026-04-02,BL-260402-10225,Zomato,Veg Wrap,267.07
2026-04-02,BL-260402-10226,Swiggy,Iced Latte,488.45
2026-04-02,BL-260402-10227,Zomato,Latte,402.44
2026-04-02,BL-260402-10231,Zomato,Veg Wrap,271.87
2026-04-02,BL-260402-10231,Zomato,Seasonal Special,361.18
2026-04-02,BL-260402-10231,Zomato,Cold Brew,461.13
2026-04-02,BL-260402-10232,Zomato,Club Sandwich,325.18
2026-04-02,BL-260402-10232,Zomato,Avocado Toast,570.11
2026-04-02,BL-260402-10238,Swiggy,Blueberry Muffin,141.53
2026-04-02,BL-260402-10239,Swiggy,Croissant,123.85
2026-04-02,BL-260402-10239,Swiggy,Latte,209.53
2026-04-02,BL-260402-10241,Zomato,Veg Wrap,268.48
2026-04-02,BL-260402-10241,Zomato,Masala Chai,164.42
2026-04-02,BL-260402-10246,Swiggy,Cappuccino,180.9
2026-04-02,BL-260402-10246,Swiggy,Cappuccino,183.25
2026-04-02,BL-260402-10250,Zomato,Cold Brew,230.46
2026-04-02,BL-260402-10251,Zomato,Iced Latte,251.2
2026-04-02,BL-260402-10251,Zomato,Chocolate Brownie,164.69
2026-04-02,BL-260402-10256,Swiggy,Croissant,125.3
2026-04-02,BL-260402-10256,Swiggy,Cappuccino,183.69
2026-04-03,BL-260403-10258,Zomato,Masala Chai,81.27
2026-04-03,BL-260403-10263,Swiggy,Blueberry Muffin,141.84
2026-04-03,BL-260403-10266,Swiggy,Masala Chai,83.89
2026-04-03,BL-260403-10268,Zomato,Masala Chai,82.81
2026-04-03,BL-260403-10271,Zomato,Latte,207.38
2026-04-03,BL-260403-10271,Zomato,Chocolate Brownie,161.94
2026-04-03,BL-260403-10273,Swiggy,Cold Brew,220.52
2026-04-03,BL-260403-10275,Zomato,Cold Brew,223.09
2026-04-03,BL-260403-10275,Zomato,Iced Latte,247.97
2026-04-03,BL-260403-10275,Zomato,Masala Chai,81.17
2026-04-03,BL-260403-10279,Swiggy,Iced Latte,241.93
2026-04-03,BL-260403-10279,Swiggy,Masala Chai,81.84
2026-04-03,BL-260403-10280,Zomato,Veg Wrap,259.76
2026-04-03,BL-260403-10280,Zomato,Espresso,152.19
2026-04-03,BL-260403-10280,Zomato,Masala Chai,81.83
2026-04-03,BL-260403-10281,Zomato,Club Sandwich,651.3
2026-04-03,BL-260403-10281,Zomato,Blueberry Muffin,143.93
2026-04-03,BL-260403-10282,Zomato,Espresso,150.06
2026-04-03,BL-260403-10283,Zomato,Blueberry Muffin,146.69
2026-04-03,BL-260403-10283,Zomato,Iced Latte,242.36
2026-04-03,BL-260403-10283,Zomato,Avocado Toast,285.46
2026-04-03,BL-260403-10284,Zomato,Iced Latte,495.63
2026-04-03,BL-260403-10285,Zomato,Cold Brew,223.77
2026-04-03,BL-260403-10285,Zomato,Croissant,121.39
2026-04-03,BL-260403-10286,Swiggy,Veg Wrap,269.99
2026-04-03,BL-260403-10286,Swiggy,Blueberry Muffin,144.23
2026-04-03,BL-260403-10286,Swiggy,Avocado Toast,580.41
2026-04-03,BL-260403-10288,Swiggy,Cold Brew,225.42
2026-04-03,BL-260403-10289,Zomato,Iced Latte,241.29
2026-04-03,BL-260403-10293,Zomato,Croissant,123.31
2026-04-03,BL-260403-10293,Zomato,Cappuccino,182.0
2026-04-03,BL-260403-10294,Swiggy,Iced Latte,491.22
2026-04-03,BL-260403-10294,Swiggy,Avocado Toast,293.96
2026-04-03,BL-260403-10295,Swiggy,Cappuccino,183.77
2026-04-03,BL-260403-10295,Swiggy,Espresso,150.76
2026-04-03,BL-260403-10295,Swiggy,Croissant,122.85
2026-04-03,BL-260403-10296,Zomato,Club Sandwich,332.1
2026-04-03,BL-260403-10296,Zomato,Chocolate Brownie,159.96
2026-04-03,BL-260403-10299,Zomato,Avocado Toast,282.87
2026-04-03,BL-260403-10299,Zomato,Croissant,242.56
2026-04-03,BL-260403-10299,Zomato,Club Sandwich,653.8
2026-04-03,BL-260403-10300,Zomato,Masala Chai,83.69
2026-04-03,BL-260403-10300,Zomato,Cold Brew,222.03
2026-04-03,BL-260403-10302,Zomato,Veg Wrap,542.88
2026-04-03,BL-260403-10304,Zomato,Cappuccino,184.0
2026-04-03,BL-260403-10305,Swiggy,Avocado Toast,561.26
2026-04-03,BL-260403-10305,Swiggy,Club Sandwich,653.64
2026-04-03,BL-260403-10308,Swiggy,Espresso,152.02
2026-04-03,BL-260403-10308,Swiggy,Club Sandwich,654.69
2026-04-03,BL-260403-10310,Swiggy,Cold Brew,449.4
2026-04-03,BL-260403-10313,Zomato,Blueberry Muffin,141.16
2026-04-03,BL-260403-10313,Zomato,Cappuccino,182.42
2026-04-03,BL-260403-10314,Swiggy,Cappuccino,183.25
2026-04-03,BL-260403-10320,Zomato,Cappuccino,185.94
2026-04-03,BL-260403-10320,Zomato,Blueberry Muffin,282.58
2026-04-03,BL-260403-10320,Zomato,Club Sandwich,321.21
2026-04-03,BL-260403-10323,Zomato,Avocado Toast,290.59
2026-04-03,BL-260403-10323,Zomato,Espresso,154.33
2026-04-03,BL-260403-10326,Swiggy,Cold Brew,220.6
2026-04-03,BL-260403-10330,Swiggy,Seasonal Special,351.96
2026-04-03,BL-260403-10330,Swiggy,Masala Chai,83.03
2026-04-03,BL-260403-10331,Swiggy,Chocolate Brownie,325.19
2026-04-03,BL-260403-10333,Swiggy,Blueberry Muffin,143.77
2026-04-03,BL-260403-10333,Swiggy,Club Sandwich,327.31
2026-04-03,BL-260403-10333,Swiggy,Seasonal Special,360.51
2026-04-03,BL-260403-10335,Swiggy,Latte,402.03
2026-04-03,BL-260403-10335,Swiggy,Avocado Toast,285.94
2026-04-03,BL-260403-10343,Zomato,Club Sandwich,335.06
2026-04-03,BL-260403-10344,Swiggy,Seasonal Special,360.85
2026-04-03,BL-260403-10344,Swiggy,Cold Brew,228.71
2026-04-04,BL-260404-10347,Zomato,Espresso,157.46
2026-04-04,BL-260404-10347,Zomato,Croissant,119.97
2026-04-04,BL-260404-10348,Zomato,Club Sandwich,329.98
2026-04-04,BL-260404-10352,Zomato,Latte,200.63
2026-04-04,BL-260404-10352,Zomato,Iced Latte,249.93
2026-04-04,BL-260404-10352,Zomato,Cappuccino,179.84
2026-04-04,BL-260404-10355,Zomato,Espresso,153.93
2026-04-04,BL-260404-10357,Swiggy,Masala Chai,80.07
2026-04-04,BL-260404-10363,Zomato,Avocado Toast,284.75
2026-04-04,BL-260404-10370,Swiggy,Chocolate Brownie,159.87
2026-04-04,BL-260404-10370,Swiggy,Veg Wrap,260.65
2026-04-04,BL-260404-10370,Swiggy,Masala Chai,82.68
2026-04-04,BL-260404-10373,Zomato,Veg Wrap,260.99
2026-04-04,BL-260404-10374,Zomato,Veg Wrap,260.41
2026-04-04,BL-260404-10386,Zomato,Espresso,151.52
2026-04-04,BL-260404-10386,Zomato,Espresso,150.59
2026-04-04,BL-260404-10388,Swiggy,Latte,209.1
2026-04-04,BL-260404-10388,Swiggy,Latte,204.42
2026-04-04,BL-260404-10388,Swiggy,Chocolate Brownie,160.21
2026-04-04,BL-260404-10391,Zomato,Masala Chai,81.16
2026-04-04,BL-260404-10393,Swiggy,Masala Chai,82.23
2026-04-04,BL-260404-10395,Swiggy,Chocolate Brownie,167.89
2026-04-04,BL-260404-10395,Swiggy,Club Sandwich,325.16
2026-04-04,BL-260404-10395,Swiggy,Club Sandwich,645.66
2026-04-04,BL-260404-10398,Zomato,Masala Chai,80.46
2026-04-04,BL-260404-10401,Swiggy,Chocolate Brownie,161.23
2026-04-04,BL-260404-10401,Swiggy,Veg Wrap,269.31
2026-04-04,BL-260404-10404,Zomato,Croissant,120.52
2026-04-04,BL-260404-10405,Swiggy,Veg Wrap,524.52
2026-04-04,BL-260404-10405,Swiggy,Chocolate Brownie,164.38
2026-04-04,BL-260404-10406,Zomato,Latte,206.26
2026-04-04,BL-260404-10406,Zomato,Cold Brew,447.97
2026-04-04,BL-260404-10408,Swiggy,Chocolate Brownie,161.29
2026-04-04,BL-260404-10408,Swiggy,Latte,200.0
2026-04-04,BL-260404-10414,Zomato,Chocolate Brownie,163.61
2026-04-04,BL-260404-10421,Zomato,Seasonal Special,366.13
2026-04-04,BL-260404-10421,Zomato,Cold Brew,226.47
2026-04-04,BL-260404-10421,Zomato,Veg Wrap,260.65
2026-04-04,BL-260404-10422,Swiggy,Veg Wrap,519.44
2026-04-04,BL-260404-10422,Swiggy,Espresso,157.1
2026-04-04,BL-260404-10423,Swiggy,Croissant,125.01
2026-04-04,BL-260404-10423,Swiggy,Croissant,241.47
2026-04-04,BL-260404-10423,Swiggy,Espresso,157.21
2026-04-04,BL-260404-10425,Swiggy,Veg Wrap,270.05
2026-04-04,BL-260404-10425,Swiggy,Club Sandwich,321.97
2026-04-04,BL-260404-10425,Swiggy,Latte,204.46
2026-04-04,BL-260404-10426,Zomato,Masala Chai,81.81
2026-04-04,BL-260404-10426,Zomato,Club Sandwich,326.96
2026-04-04,BL-260404-10427,Zomato,Blueberry Muffin,144.16
2026-04-04,BL-260404-10427,Zomato,Seasonal Special,359.29
2026-04-04,BL-260404-10428,Swiggy,Masala Chai,81.74
2026-04-04,BL-260404-10428,Swiggy,Latte,407.93
2026-04-04,BL-260404-10429,Swiggy,Masala Chai,82.51
2026-04-04,BL-260404-10438,Swiggy,Cappuccino,188.2
2026-04-04,BL-260404-10444,Swiggy,Blueberry Muffin,143.44
2026-04-04,BL-260404-10446,Swiggy,Veg Wrap,528.15
2026-04-04,BL-260404-10447,Zomato,Club Sandwich,321.53
2026-04-04,BL-260404-10447,Zomato,Latte,409.08
2026-04-04,BL-260404-10448,Zomato,Cold Brew,230.72
2026-04-04,BL-260404-10452,Zomato,Cappuccino,188.74
2026-04-04,BL-260404-10457,Swiggy,Iced Latte,246.96
2026-04-04,BL-260404-10457,Swiggy,Espresso,149.93
2026-04-04,BL-260404-10457,Swiggy,Masala Chai,83.88
2026-04-04,BL-260404-10459,Zomato,Cold Brew,222.79
2026-04-04,BL-260404-10459,Zomato,Masala Chai,80.98
2026-04-04,BL-260404-10461-R,Zomato,Iced Latte,246.0
2026-04-04,BL-260404-10461-R,Zomato,Cappuccino,364.19
2026-04-04,BL-260404-10461-R,Zomato,Chocolate Brownie,166.73
2026-04-05,BL-260405-10467,Zomato,Veg Wrap,269.92
2026-04-05,BL-260405-10469,Zomato,Seasonal Special,357.93
2026-04-05,BL-260405-10469,Zomato,Iced Latte,251.36
2026-04-05,BL-260405-10474,Swiggy,Blueberry Muffin,146.75
2026-04-05,BL-260405-10474,Swiggy,Veg Wrap,269.2
2026-04-05,BL-260405-10474,Swiggy,Chocolate Brownie,160.87
2026-04-05,BL-260405-10474,Swiggy,Cold Brew,223.09
2026-04-05,BL-260405-10481,Swiggy,Cold Brew,442.94
2026-04-05,BL-260405-10481,Swiggy,Chocolate Brownie,162.76
2026-04-05,BL-260405-10483,Zomato,Chocolate Brownie,163.72
2026-04-05,BL-260405-10483,Zomato,Club Sandwich,321.5
2026-04-05,BL-260405-10484,Swiggy,Cold Brew,220.39
2026-04-05,BL-260405-10484,Swiggy,Veg Wrap,266.74
2026-04-05,BL-260405-10486,Zomato,Iced Latte,247.66
2026-04-05,BL-260405-10486,Zomato,Veg Wrap,268.33
2026-04-05,BL-260405-10487,Zomato,Espresso,150.48
2026-04-05,BL-260405-10487,Zomato,Avocado Toast,290.98
2026-04-05,BL-260405-10489,Zomato,Iced Latte,245.27
2026-04-05,BL-260405-10489,Zomato,Blueberry Muffin,141.4
2026-04-05,BL-260405-10490,Zomato,Croissant,122.46
2026-04-05,BL-260405-10490,Zomato,Seasonal Special,355.06
2026-04-05,BL-260405-10490,Zomato,Cappuccino,373.22
2026-04-05,BL-260405-10491,Swiggy,Seasonal Special,366.09
2026-04-05,BL-260405-10501,Zomato,Veg Wrap,265.75
2026-04-05,BL-260405-10502,Swiggy,Seasonal Special,712.25
2026-04-05,BL-260405-10504,Swiggy,Club Sandwich,325.31
2026-04-05,BL-260405-10504,Swiggy,Chocolate Brownie,162.88
2026-04-05,BL-260405-10504,Swiggy,Chocolate Brownie,162.35
2026-04-05,BL-260405-10505,Zomato,Blueberry Muffin,289.14
2026-04-05,BL-260405-10505,Zomato,Masala Chai,167.06
2026-04-05,BL-260405-10505,Zomato,Latte,204.53
2026-04-05,BL-260405-10506,Zomato,Avocado Toast,285.84
2026-04-05,BL-260405-10506,Zomato,Avocado Toast,284.25
2026-04-05,BL-260405-10510,Swiggy,Croissant,121.95
2026-04-05,BL-260405-10510,Swiggy,Iced Latte,245.58
2026-04-05,BL-260405-10516,Zomato,Veg Wrap,261.43
2026-04-05,BL-260405-10516,Zomato,Seasonal Special,360.06
2026-04-05,BL-260405-10517,Zomato,Avocado Toast,292.32
2026-04-05,BL-260405-10517,Zomato,Cold Brew,223.24
2026-04-05,BL-260405-10519,Zomato,Masala Chai,83.65
2026-04-05,BL-260405-10520,Swiggy,Cappuccino,181.06
2026-04-05,BL-260405-10526,Swiggy,Blueberry Muffin,279.52
2026-04-05,BL-260405-10526,Swiggy,Avocado Toast,280.56
2026-04-05,BL-260405-10528-R,Swiggy,Espresso,153.91
2026-04-05,BL-260405-10531,Zomato,Croissant,124.05
2026-04-05,BL-260405-10531,Zomato,Cappuccino,184.18
2026-04-05,BL-260405-10532,Swiggy,Cold Brew,228.52
2026-04-05,BL-260405-10534,Zomato,Blueberry Muffin,139.68
2026-04-05,BL-260405-10535,Swiggy,Club Sandwich,321.81
2026-04-05,BL-260405-10535,Swiggy,Masala Chai,82.42
2026-04-05,BL-260405-10535,Swiggy,Chocolate Brownie,166.89
2026-04-05,BL-260405-10539,Swiggy,Cold Brew,219.9
2026-04-05,BL-260405-10539,Swiggy,Veg Wrap,269.28
2026-04-05,BL-260405-10541,Swiggy,Seasonal Special,353.91
2026-04-05,BL-260405-10541,Swiggy,Club Sandwich,654.6
2026-04-05,BL-260405-10541,Swiggy,Masala Chai,81.25
2026-04-05,BL-260405-10543,Zomato,Chocolate Brownie,159.75
2026-04-05,BL-260405-10543,Zomato,Chocolate Brownie,165.0
2026-04-05,BL-260405-10544,Zomato,Blueberry Muffin,141.68
2026-04-05,BL-260405-10546,Swiggy,Iced Latte,245.5
2026-04-05,BL-260405-10547,Zomato,Club Sandwich,331.01
2026-04-05,BL-260405-10547,Zomato,Masala Chai,83.91
2026-04-05,BL-260405-10547,Zomato,Seasonal Special,730.95
2026-04-05,BL-260405-10552,Zomato,Masala Chai,80.45
2026-04-05,BL-260405-10552,Zomato,Iced Latte,250.6
2026-04-05,BL-260405-10552,Zomato,Espresso,153.78
2026-04-05,BL-260405-10555,Zomato,Cappuccino,182.92
2026-04-05,BL-260405-10559,Swiggy,Seasonal Special,356.33
2026-04-05,BL-260405-10560,Swiggy,Cold Brew,228.76
2026-04-05,BL-260405-10560,Swiggy,Cold Brew,222.41
2026-04-05,BL-260405-10560,Swiggy,Seasonal Special,363.44
2026-04-05,BL-260405-10564,Swiggy,Avocado Toast,576.82
2026-04-05,BL-260405-10565,Swiggy,Iced Latte,245.35
2026-04-05,BL-260405-10567,Zomato,Avocado Toast,293.46
2026-04-05,BL-260405-10569,Zomato,Seasonal Special,360.75
2026-04-05,BL-260405-10569,Zomato,Croissant,123.56
2026-04-05,BL-260405-10570,Zomato,Croissant,239.81
2026-04-05,BL-260405-10570,Zomato,Chocolate Brownie,166.59
2026-04-05,BL-260405-10572,Swiggy,Cappuccino,182.33
2026-04-05,BL-260405-10572,Swiggy,Veg Wrap,527.37
2026-04-05,BL-260405-10573-R,Zomato,Masala Chai,81.24
2026-04-05,BL-260405-10573-R,Zomato,Chocolate Brownie,163.01
2026-04-05,BL-260405-10573-R,Zomato,Blueberry Muffin,141.77
2026-04-05,BL-260405-10574,Swiggy,Iced Latte,241.98
2026-04-05,BL-260405-10574,Swiggy,Cappuccino,187.43
2026-04-05,BL-260405-10574,Swiggy,Iced Latte,247.02
2026-04-05,BL-260405-10575,Zomato,Latte,204.16
2026-04-05,BL-260405-10583,Swiggy,Cappuccino,183.94
2026-04-05,BL-260405-10583,Swiggy,Espresso,155.26
2026-04-05,BL-260405-10584,Zomato,Veg Wrap,272.0
2026-04-05,BL-260405-10585,Zomato,Club Sandwich,669.41
2026-04-05,BL-260405-10585,Zomato,Veg Wrap,259.43
2026-04-05,BL-260405-10589,Zomato,Cold Brew,229.89
2026-04-05,BL-260405-10589,Zomato,Veg Wrap,524.16
2026-04-05,BL-260405-10590,Zomato,Masala Chai,81.87
2026-04-05,BL-260405-10590,Zomato,Chocolate Brownie,161.16
2026-04-05,BL-260405-10595,Zomato,Espresso,153.55
2026-04-05,BL-260405-10597,Swiggy,Espresso,151.36
2026-04-05,BL-260405-10597,Swiggy,Cold Brew,220.52
2026-04-05,BL-260405-10599,Zomato,Blueberry Muffin,291.88
2026-04-05,BL-260405-10599,Zomato,Cold Brew,444.12
2026-04-05,BL-260405-10600,Zomato,Avocado Toast,293.93
2026-04-05,BL-260405-10600,Zomato,Masala Chai,83.57
2026-04-06,BL-260406-10604,Swiggy,Cold Brew,229.26
2026-04-06,BL-260406-10604,Swiggy,Masala Chai,82.83
2026-04-06,BL-260406-10605,Zomato,Chocolate Brownie,165.71
2026-04-06,BL-260406-10607,Swiggy,Croissant,241.2
2026-04-06,BL-260406-10607,Swiggy,Chocolate Brownie,162.41
2026-04-06,BL-260406-10607,Swiggy,Club Sandwich,645.89
2026-04-06,BL-260406-10609,Zomato,Avocado Toast,288.23
2026-04-06,BL-260406-10609,Zomato,Seasonal Special,352.97
2026-04-06,BL-260406-10611,Zomato,Latte,403.45
2026-04-06,BL-260406-10611,Zomato,Masala Chai,83.99
2026-04-06,BL-260406-10613,Zomato,Blueberry Muffin,141.11
2026-04-06,BL-260406-10613,Zomato,Latte,201.97
2026-04-06,BL-260406-10614,Zomato,Cold Brew,224.43
2026-04-06,BL-260406-10614,Zomato,Avocado Toast,288.81
2026-04-06,BL-260406-10615,Zomato,Masala Chai,83.63
2026-04-06,BL-260406-10616,Zomato,Cappuccino,184.38
2026-04-06,BL-260406-10617-R,Zomato,Club Sandwich,329.85
2026-04-06,BL-260406-10623,Swiggy,Veg Wrap,524.62
2026-04-06,BL-260406-10623,Swiggy,Masala Chai,166.82
2026-04-06,BL-260406-10628,Swiggy,Masala Chai,83.61
2026-04-06,BL-260406-10628,Swiggy,Latte,208.85
2026-04-06,BL-260406-10629,Zomato,Cold Brew,230.52
2026-04-06,BL-260406-10631,Swiggy,Latte,200.0
2026-04-06,BL-260406-10633,Swiggy,Blueberry Muffin,284.14
2026-04-06,BL-260406-10635,Zomato,Cold Brew,221.68
2026-04-06,BL-260406-10636,Zomato,Blueberry Muffin,141.04
2026-04-06,BL-260406-10636,Zomato,Chocolate Brownie,160.51
2026-04-06,BL-260406-10637,Zomato,Seasonal Special,349.54
2026-04-06,BL-260406-10637,Zomato,Espresso,156.44
2026-04-06,BL-260406-10640,Swiggy,Croissant,122.5
2026-04-06,BL-260406-10640,Swiggy,Club Sandwich,335.14
2026-04-06,BL-260406-10640,Swiggy,Espresso,153.85
2026-04-06,BL-260406-10640,Swiggy,Latte,207.6
2026-04-06,BL-260406-10642,Swiggy,Iced Latte,239.92
2026-04-06,BL-260406-10644,Swiggy,Cappuccino,187.23
2026-04-06,BL-260406-10644,Swiggy,Veg Wrap,264.6
2026-04-06,BL-260406-10645,Zomato,Club Sandwich,324.65
2026-04-06,BL-260406-10645,Zomato,Latte,206.82
2026-04-06,BL-260406-10651,Swiggy,Espresso,153.24
2026-04-06,BL-260406-10651,Swiggy,Croissant,120.5
2026-04-06,BL-260406-10654,Zomato,Croissant,123.93
2026-04-06,BL-260406-10654,Zomato,Seasonal Special,353.55
2026-04-06,BL-260406-10657,Swiggy,Espresso,151.77
2026-04-06,BL-260406-10657,Swiggy,Avocado Toast,292.44
2026-04-06,BL-260406-10659,Zomato,Latte,208.09
2026-04-06,BL-260406-10659,Zomato,Espresso,150.61
2026-04-06,BL-260406-10664-R,Swiggy,Croissant,120.89
2026-04-06,BL-260406-10664-R,Swiggy,Seasonal Special,728.42
2026-04-06,BL-260406-10664-R,Swiggy,Latte,204.83
2026-04-06,BL-260406-10667,Swiggy,Seasonal Special,366.92
2026-04-06,BL-260406-10667,Swiggy,Cappuccino,179.67
2026-04-06,BL-260406-10667,Swiggy,Avocado Toast,284.86
2026-04-06,BL-260406-10668,Swiggy,Iced Latte,243.45
2026-04-06,BL-260406-10669,Swiggy,Latte,207.05
2026-04-06,BL-260406-10671,Zomato,Latte,416.13
2026-04-06,BL-260406-10671,Zomato,Latte,201.35
2026-04-06,BL-260406-10672,Swiggy,Cappuccino,185.99
2026-04-06,BL-260406-10672,Swiggy,Chocolate Brownie,164.61
2026-04-06,BL-260406-10680,Zomato,Club Sandwich,323.41
2026-04-06,BL-260406-10680,Zomato,Masala Chai,161.83
2026-04-06,BL-260406-10680,Zomato,Latte,201.56
2026-04-07,BL-260407-10685,Zomato,Veg Wrap,266.79
2026-04-07,BL-260407-10685,Zomato,Iced Latte,246.63
2026-04-07,BL-260407-10692,Swiggy,Avocado Toast,285.67
2026-04-07,BL-260407-10692,Swiggy,Croissant,122.93
2026-04-07,BL-260407-10699,Swiggy,Chocolate Brownie,163.73
2026-04-07,BL-260407-10699,Swiggy,Cappuccino,187.7
2026-04-07,BL-260407-10700,Swiggy,Iced Latte,248.66
2026-04-07,BL-260407-10702,Swiggy,Chocolate Brownie,160.72
2026-04-07,BL-260407-10703,Swiggy,Iced Latte,247.22
2026-04-07,BL-260407-10703,Swiggy,Veg Wrap,271.47
2026-04-07,BL-260407-10710,Zomato,Blueberry Muffin,144.95
2026-04-07,BL-260407-10710,Zomato,Cold Brew,220.62
2026-04-07,BL-260407-10712,Zomato,Cappuccino,181.15
2026-04-07,BL-260407-10712,Zomato,Espresso,151.61
2026-04-07,BL-260407-10713,Swiggy,Avocado Toast,282.81
2026-04-07,BL-260407-10715,Swiggy,Chocolate Brownie,160.76
2026-04-07,BL-260407-10715,Swiggy,Espresso,150.77
2026-04-07,BL-260407-10715,Swiggy,Cold Brew,224.79
2026-04-07,BL-260407-10717,Swiggy,Iced Latte,247.26
2026-04-07,BL-260407-10717,Swiggy,Club Sandwich,648.12
2026-04-07,BL-260407-10719,Zomato,Club Sandwich,325.76
2026-04-07,BL-260407-10719,Zomato,Cold Brew,224.19
2026-04-07,BL-260407-10721,Swiggy,Seasonal Special,359.21
2026-04-07,BL-260407-10721,Swiggy,Espresso,154.2
2026-04-07,BL-260407-10722,Swiggy,Latte,208.24
2026-04-07,BL-260407-10722,Swiggy,Blueberry Muffin,143.14
2026-04-07,BL-260407-10725,Zomato,Latte,201.49
2026-04-07,BL-260407-10726,Swiggy,Croissant,246.09
2026-04-07,BL-260407-10726,Swiggy,Iced Latte,250.82
2026-04-07,BL-260407-10732,Zomato,Chocolate Brownie,165.37
2026-04-07,BL-260407-10732,Zomato,Masala Chai,83.41
2026-04-07,BL-260407-10732,Zomato,Blueberry Muffin,280.93
2026-04-07,BL-260407-10733,Zomato,Espresso,156.45
2026-04-07,BL-260407-10733,Zomato,Chocolate Brownie,161.38
2026-04-07,BL-260407-10734,Swiggy,Blueberry Muffin,145.66
2026-04-07,BL-260407-10734,Swiggy,Croissant,122.21
2026-04-07,BL-260407-10734,Swiggy,Seasonal Special,707.29
2026-04-07,BL-260407-10735,Swiggy,Chocolate Brownie,160.91
2026-04-07,BL-260407-10735,Swiggy,Veg Wrap,266.73
2026-04-07,BL-260407-10739,Zomato,Latte,208.99
2026-04-07,BL-260407-10740,Zomato,Club Sandwich,320.8
2026-04-07,BL-260407-10740,Zomato,Blueberry Muffin,145.31
2026-04-07,BL-260407-10741,Swiggy,Cappuccino,184.25
2026-04-07,BL-260407-10741,Swiggy,Club Sandwich,332.31
2026-04-07,BL-260407-10741,Swiggy,Latte,202.63
2026-04-07,BL-260407-10743,Swiggy,Espresso,151.9
2026-04-07,BL-260407-10746,Zomato,Chocolate Brownie,160.58
2026-04-07,BL-260407-10747,Zomato,Club Sandwich,656.93
2026-04-07,BL-260407-10747,Zomato,Veg Wrap,265.31
2026-04-07,BL-260407-10749,Zomato,Croissant,122.06
2026-04-07,BL-260407-10753,Zomato,Espresso,151.42
2026-04-07,BL-260407-10753,Zomato,Latte,201.1
2026-04-07,BL-260407-10759,Swiggy,Cappuccino,183.61
2026-04-07,BL-260407-10761,Zomato,Espresso,154.79
2026-04-07,BL-260407-10761,Zomato,Cold Brew,224.57
2026-04-07,BL-260407-10762,Swiggy,Chocolate Brownie,166.45
2026-04-07,BL-260407-10762,Swiggy,Latte,204.08
2026-04-08,BL-260408-10767,Swiggy,Seasonal Special,354.55
2026-04-08,BL-260408-10767,Swiggy,Cappuccino,180.93
2026-04-08,BL-260408-10776,Zomato,Cold Brew,227.96
2026-04-08,BL-260408-10777,Zomato,Masala Chai,82.81
2026-04-08,BL-260408-10777,Zomato,Avocado Toast,286.86
2026-04-08,BL-260408-10779,Zomato,Masala Chai,80.81
2026-04-08,BL-260408-10779,Zomato,Seasonal Special,724.16
2026-04-08,BL-260408-10784,Swiggy,Club Sandwich,329.78
2026-04-08,BL-260408-10784,Swiggy,Club Sandwich,643.01
2026-04-08,BL-260408-10785,Swiggy,Latte,208.81
2026-04-08,BL-260408-10788,Swiggy,Veg Wrap,261.61
2026-04-08,BL-260408-10788,Swiggy,Cold Brew,225.62
2026-04-08,BL-260408-10792,Zomato,Iced Latte,245.52
2026-04-08,BL-260408-10794,Swiggy,Seasonal Special,353.92
2026-04-08,BL-260408-10794,Swiggy,Veg Wrap,265.96
2026-04-08,BL-260408-10795,Zomato,Cold Brew,221.79
2026-04-08,BL-260408-10795,Zomato,Blueberry Muffin,292.45
2026-04-08,BL-260408-10799,Swiggy,Club Sandwich,324.04
2026-04-08,BL-260408-10800,Swiggy,Croissant,122.92
2026-04-08,BL-260408-10805-R,Zomato,Club Sandwich,651.11
2026-04-08,BL-260408-10805-R,Zomato,Cold Brew,451.49
2026-04-08,BL-260408-10805-R,Zomato,Avocado Toast,580.43
2026-04-08,BL-260408-10808,Zomato,Croissant,121.19
2026-04-08,BL-260408-10808,Zomato,Iced Latte,247.53
2026-04-08,BL-260408-10809,Swiggy,Seasonal Special,360.34
2026-04-08,BL-260408-10809,Swiggy,Club Sandwich,325.72
2026-04-08,BL-260408-10810,Swiggy,Cold Brew,224.82
2026-04-08,BL-260408-10810,Swiggy,Croissant,122.37
2026-04-08,BL-260408-10810,Swiggy,Seasonal Special,367.26
2026-04-08,BL-260408-10813,Swiggy,Cappuccino,187.26
2026-04-08,BL-260408-10814,Swiggy,Seasonal Special,362.69
2026-04-08,BL-260408-10816,Swiggy,Croissant,124.69
2026-04-08,BL-260408-10816,Swiggy,Seasonal Special,361.98
2026-04-08,BL-260408-10816,Swiggy,Masala Chai,83.96
2026-04-08,BL-260408-10817,Zomato,Cappuccino,185.4
2026-04-08,BL-260408-10817,Zomato,Espresso,156.28
2026-04-08,BL-260408-10818,Swiggy,Cappuccino,374.79
2026-04-08,BL-260408-10818,Swiggy,Cold Brew,230.02
2026-04-08,BL-260408-10818,Swiggy,Croissant,124.94
2026-04-08,BL-260408-10821,Zomato,Avocado Toast,575.7
2026-04-08,BL-260408-10821,Zomato,Masala Chai,80.92
2026-04-08,BL-260408-10821,Zomato,Latte,208.78
2026-04-08,BL-260408-10825,Swiggy,Latte,404.73
2026-04-08,BL-260408-10825,Swiggy,Iced Latte,244.74
2026-04-08,BL-260408-10825,Swiggy,Chocolate Brownie,161.56
2026-04-08,BL-260408-10831,Zomato,Cold Brew,222.56
2026-04-08,BL-260408-10831,Zomato,Croissant,124.39
2026-04-08,BL-260408-10833,Swiggy,Cold Brew,225.19
2026-04-08,BL-260408-10833,Swiggy,Avocado Toast,280.87
2026-04-08,BL-260408-10834,Zomato,Espresso,152.49
2026-04-08,BL-260408-10834,Zomato,Club Sandwich,658.63
2026-04-08,BL-260408-10834,Zomato,Avocado Toast,289.4
2026-04-08,BL-260408-10835,Swiggy,Espresso,155.51
2026-04-08,BL-260408-10835,Swiggy,Chocolate Brownie,166.61
2026-04-08,BL-260408-10835,Swiggy,Veg Wrap,266.32
2026-04-08,BL-260408-10838,Zomato,Cappuccino,371.53
2026-04-08,BL-260408-10842,Zomato,Avocado Toast,291.72
2026-04-08,BL-260408-10842,Zomato,Cold Brew,221.32
2026-04-08,BL-260408-10844,Swiggy,Croissant,120.06
2026-04-08,BL-260408-10844,Swiggy,Cappuccino,179.58
2026-04-08,BL-260408-10846,Zomato,Seasonal Special,358.72
2026-04-08,BL-260408-10846,Zomato,Latte,207.32
2026-04-08,BL-260408-10847,Swiggy,Latte,411.41
2026-04-08,BL-260408-10848,Swiggy,Avocado Toast,568.8
2026-04-08,BL-260408-10849,Zomato,Iced Latte,250.27
2026-04-08,BL-260408-10849,Zomato,Espresso,156.69
2026-04-08,BL-260408-10849,Zomato,Cold Brew,220.45
2026-04-08,BL-260408-10851,Swiggy,Croissant,122.45
2026-04-08,BL-260408-10851,Swiggy,Seasonal Special,363.55
2026-04-08,BL-260408-10854,Swiggy,Avocado Toast,288.54
2026-04-08,BL-260408-10854,Swiggy,Avocado Toast,287.09
2026-04-08,BL-260408-10854,Swiggy,Cold Brew,225.96
2026-04-08,BL-260408-10857,Swiggy,Cappuccino,362.3
2026-04-08,BL-260408-10857,Swiggy,Espresso,151.9
2026-04-08,BL-260408-10859,Swiggy,Avocado Toast,279.32
2026-04-08,BL-260408-10859,Swiggy,Latte,413.83
2026-04-08,BL-260408-10865,Swiggy,Avocado Toast,292.56
2026-04-08,BL-260408-10865,Swiggy,Espresso,152.33
2026-04-08,BL-260408-10865,Swiggy,Club Sandwich,333.26
2026-04-09,BL-260409-10866,Zomato,Seasonal Special,361.22
2026-04-09,BL-260409-10866,Zomato,Iced Latte,241.48
2026-04-09,BL-260409-10866,Zomato,Iced Latte,248.79
2026-04-09,BL-260409-10867,Swiggy,Latte,402.83
2026-04-09,BL-260409-10867,Swiggy,Cold Brew,227.82
2026-04-09,BL-260409-10867,Swiggy,Latte,201.98
2026-04-09,BL-260409-10869,Swiggy,Iced Latte,248.12
2026-04-09,BL-260409-10869,Swiggy,Cappuccino,180.7
2026-04-09,BL-260409-10870,Swiggy,Cappuccino,185.76
2026-04-09,BL-260409-10870,Swiggy,Club Sandwich,330.95
2026-04-09,BL-260409-10872,Zomato,Espresso,152.99
2026-04-09,BL-260409-10872,Zomato,Blueberry Muffin,288.04
2026-04-09,BL-260409-10872,Zomato,Cold Brew,222.87
2026-04-09,BL-260409-10874,Zomato,Latte,204.7
2026-04-09,BL-260409-10874,Zomato,Club Sandwich,333.62
2026-04-09,BL-260409-10874,Zomato,Avocado Toast,290.25
2026-04-09,BL-260409-10875,Swiggy,Seasonal Special,356.06
2026-04-09,BL-260409-10877,Zomato,Iced Latte,249.38
2026-04-09,BL-260409-10877,Zomato,Latte,413.1
2026-04-09,BL-260409-10877,Zomato,Espresso,149.74
2026-04-09,BL-260409-10884,Zomato,Chocolate Brownie,165.34
2026-04-09,BL-260409-10884,Zomato,Masala Chai,82.11
2026-04-09,BL-260409-10885,Swiggy,Espresso,150.66
2026-04-09,BL-260409-10886,Zomato,Latte,202.46
2026-04-09,BL-260409-10886,Zomato,Veg Wrap,268.1
2026-04-09,BL-260409-10887,Zomato,Croissant,121.31
2026-04-09,BL-260409-10887,Zomato,Masala Chai,80.61
2026-04-09,BL-260409-10888,Zomato,Avocado Toast,286.15
2026-04-09,BL-260409-10888,Zomato,Chocolate Brownie,335.38
2026-04-09,BL-260409-10891,Swiggy,Croissant,122.91
2026-04-09,BL-260409-10892,Swiggy,Cold Brew,461.96
2026-04-09,BL-260409-10892,Swiggy,Croissant,122.22
2026-04-09,BL-260409-10895,Swiggy,Cappuccino,184.94
2026-04-09,BL-260409-10895,Swiggy,Latte,209.95
2026-04-09,BL-260409-10895,Swiggy,Chocolate Brownie,162.41
2026-04-09,BL-260409-10896,Zomato,Masala Chai,82.09
2026-04-09,BL-260409-10896,Zomato,Espresso,150.18
2026-04-09,BL-260409-10899,Zomato,Veg Wrap,262.47
2026-04-09,BL-260409-10899,Zomato,Club Sandwich,323.36
2026-04-09,BL-260409-10902,Swiggy,Latte,400.24
2026-04-09,BL-260409-10902,Swiggy,Latte,412.55
2026-04-09,BL-260409-10903,Swiggy,Croissant,120.93
2026-04-09,BL-260409-10903,Swiggy,Iced Latte,240.19
2026-04-09,BL-260409-10906,Zomato,Iced Latte,249.65
2026-04-09,BL-260409-10907,Swiggy,Blueberry Muffin,140.74
2026-04-09,BL-260409-10910,Zomato,Cappuccino,186.37
2026-04-09,BL-260409-10922,Zomato,Seasonal Special,349.43
2026-04-09,BL-260409-10922,Zomato,Chocolate Brownie,165.42
2026-04-09,BL-260409-10924,Zomato,Blueberry Muffin,141.01
2026-04-09,BL-260409-10924,Zomato,Veg Wrap,268.45
2026-04-09,BL-260409-10926,Swiggy,Masala Chai,83.62
2026-04-09,BL-260409-10930,Zomato,Seasonal Special,358.17
2026-04-09,BL-260409-10930,Zomato,Croissant,249.73
2026-04-09,BL-260409-10931,Swiggy,Latte,405.9
2026-04-09,BL-260409-10931,Swiggy,Chocolate Brownie,167.27
2026-04-09,BL-260409-10932,Zomato,Club Sandwich,319.99
2026-04-09,BL-260409-10933,Zomato,Cold Brew,227.77
2026-04-09,BL-260409-10933,Zomato,Seasonal Special,349.32
2026-04-09,BL-260409-10936,Zomato,Masala Chai,80.72
2026-04-09,BL-260409-10938,Swiggy,Cappuccino,182.06
2026-04-09,BL-260409-10938,Swiggy,Seasonal Special,352.29
2026-04-09,BL-260409-10943,Swiggy,Veg Wrap,264.41
2026-04-09,BL-260409-10943,Swiggy,Croissant,240.58
2026-04-09,BL-260409-10947,Swiggy,Chocolate Brownie,166.25
2026-04-09,BL-260409-10951,Zomato,Latte,205.28
2026-04-09,BL-260409-10951,Zomato,Seasonal Special,351.21
2026-04-09,BL-260409-10951,Zomato,Cold Brew,221.62
2026-04-09,BL-260409-10954,Zomato,Avocado Toast,281.38
2026-04-09,BL-260409-10958,Swiggy,Seasonal Special,724.0
2026-04-09,BL-260409-10958,Swiggy,Blueberry Muffin,141.05
2026-04-09,BL-260409-10960,Swiggy,Masala Chai,159.91
2026-04-09,BL-260409-10960,Swiggy,Masala Chai,80.84
2026-04-09,BL-260409-10960,Swiggy,Club Sandwich,643.41
2026-04-09,BL-260409-10962,Swiggy,Iced Latte,241.48
2026-04-09,BL-260409-10962,Swiggy,Espresso,156.93
2026-04-09,BL-260409-10962,Swiggy,Chocolate Brownie,162.17
2026-04-10,BL-260410-10968,Zomato,Cappuccino,180.59
2026-04-10,BL-260410-10968,Zomato,Chocolate Brownie,161.43
2026-04-10,BL-260410-10970,Swiggy,Iced Latte,243.87
2026-04-10,BL-260410-10970,Swiggy,Cappuccino,185.8
2026-04-10,BL-260410-10971,Zomato,Veg Wrap,261.42
2026-04-10,BL-260410-10971,Zomato,Seasonal Special,361.08
2026-04-10,BL-260410-10975,Swiggy,Veg Wrap,260.79
2026-04-10,BL-260410-10975,Swiggy,Veg Wrap,263.63
2026-04-10,BL-260410-10980,Zomato,Chocolate Brownie,159.92
2026-04-10,BL-260410-10980,Zomato,Espresso,151.24
2026-04-10,BL-260410-10983,Zomato,Cappuccino,375.31
2026-04-10,BL-260410-10984,Zomato,Club Sandwich,655.99
2026-04-10,BL-260410-10985,Swiggy,Cappuccino,185.2
2026-04-10,BL-260410-10985,Swiggy,Club Sandwich,333.42
2026-04-10,BL-260410-10986,Swiggy,Croissant,121.49
2026-04-10,BL-260410-10986,Swiggy,Espresso,151.53
2026-04-10,BL-260410-10990,Swiggy,Espresso,151.16
2026-04-10,BL-260410-10990,Swiggy,Croissant,123.28
2026-04-10,BL-260410-10990,Swiggy,Club Sandwich,330.52
2026-04-10,BL-260410-10998,Zomato,Blueberry Muffin,144.62
2026-04-10,BL-260410-10998,Zomato,Masala Chai,80.53
2026-04-10,BL-260410-10999,Swiggy,Cold Brew,444.5
2026-04-10,BL-260410-10999,Swiggy,Cappuccino,187.35
2026-04-10,BL-260410-11002,Zomato,Club Sandwich,327.19
2026-04-10,BL-260410-11004,Swiggy,Avocado Toast,290.04
2026-04-10,BL-260410-11009,Zomato,Veg Wrap,537.02
2026-04-10,BL-260410-11009,Zomato,Veg Wrap,261.31
2026-04-10,BL-260410-11009,Zomato,Seasonal Special,353.62
2026-04-10,BL-260410-11010,Swiggy,Latte,202.86
2026-04-10,BL-260410-11012,Zomato,Seasonal Special,365.26
2026-04-10,BL-260410-11012,Zomato,Croissant,120.59
2026-04-10,BL-260410-11015,Zomato,Blueberry Muffin,140.15
2026-04-10,BL-260410-11015,Zomato,Latte,400.25
2026-04-10,BL-260410-11015,Zomato,Club Sandwich,668.71
2026-04-10,BL-260410-11019,Swiggy,Chocolate Brownie,160.66
2026-04-10,BL-260410-11019,Swiggy,Avocado Toast,284.99
2026-04-10,BL-260410-11019,Swiggy,Iced Latte,244.26
2026-04-10,BL-260410-11024,Zomato,Iced Latte,486.09
2026-04-10,BL-260410-11024,Zomato,Club Sandwich,327.39
2026-04-10,BL-260410-11027,Swiggy,Seasonal Special,366.62
2026-04-10,BL-260410-11028,Swiggy,Masala Chai,83.88
2026-04-10,BL-260410-11028,Swiggy,Espresso,153.55
2026-04-10,BL-260410-11037,Zomato,Blueberry Muffin,288.67
2026-04-10,BL-260410-11038,Zomato,Iced Latte,250.53
2026-04-10,BL-260410-11038,Zomato,Espresso,150.81
2026-04-10,BL-260410-11039,Swiggy,Croissant,119.76
2026-04-10,BL-260410-11039,Swiggy,Latte,200.01
2026-04-10,BL-260410-11039,Swiggy,Latte,200.41
2026-04-10,BL-260410-11041,Zomato,Club Sandwich,326.62
2026-04-10,BL-260410-11042,Zomato,Club Sandwich,324.62
2026-04-10,BL-260410-11042,Zomato,Masala Chai,81.69
2026-04-10,BL-260410-11042,Zomato,Blueberry Muffin,144.73
2026-04-11,BL-260411-11044,Zomato,Chocolate Brownie,167.15
2026-04-11,BL-260411-11044,Zomato,Croissant,243.05
2026-04-11,BL-260411-11045,Swiggy,Avocado Toast,285.58
2026-04-11,BL-260411-11045,Swiggy,Chocolate Brownie,319.52
2026-04-11,BL-260411-11051,Zomato,Masala Chai,83.49
2026-04-11,BL-260411-11052,Swiggy,Masala Chai,162.29
2026-04-11,BL-260411-11052,Swiggy,Chocolate Brownie,161.22
2026-04-11,BL-260411-11054,Swiggy,Cold Brew,227.4
2026-04-11,BL-260411-11056,Swiggy,Chocolate Brownie,167.22
2026-04-11,BL-260411-11056,Swiggy,Blueberry Muffin,143.5
2026-04-11,BL-260411-11057,Swiggy,Latte,200.03
2026-04-11,BL-260411-11057,Swiggy,Iced Latte,246.32
2026-04-11,BL-260411-11060,Swiggy,Latte,206.55
2026-04-11,BL-260411-11060,Swiggy,Chocolate Brownie,165.24
2026-04-11,BL-260411-11068,Swiggy,Cold Brew,228.0
2026-04-11,BL-260411-11070,Swiggy,Chocolate Brownie,166.41
2026-04-11,BL-260411-11070,Swiggy,Espresso,156.45
2026-04-11,BL-260411-11072,Zomato,Cappuccino,180.82
2026-04-11,BL-260411-11072,Zomato,Blueberry Muffin,140.58
2026-04-11,BL-260411-11072,Zomato,Iced Latte,251.68
2026-04-11,BL-260411-11076,Zomato,Croissant,122.66
2026-04-11,BL-260411-11076,Zomato,Chocolate Brownie,165.34
2026-04-11,BL-260411-11076,Zomato,Chocolate Brownie,165.72
2026-04-11,BL-260411-11077,Zomato,Cappuccino,182.42
2026-04-11,BL-260411-11077,Zomato,Avocado Toast,292.17
2026-04-11,BL-260411-11077,Zomato,Cappuccino,182.53
2026-04-11,BL-260411-11082,Swiggy,Masala Chai,80.89
2026-04-11,BL-260411-11088,Zomato,Espresso,150.0
2026-04-11,BL-260411-11090,Swiggy,Blueberry Muffin,292.3
2026-04-11,BL-260411-11096,Zomato,Latte,203.76
2026-04-11,BL-260411-11097,Swiggy,Chocolate Brownie,162.48
2026-04-11,BL-260411-11097,Swiggy,Veg Wrap,261.13
2026-04-11,BL-260411-11098,Zomato,Seasonal Special,703.68
2026-04-11,BL-260411-11100,Swiggy,Masala Chai,162.74
2026-04-11,BL-260411-11102,Swiggy,Chocolate Brownie,161.54
2026-04-11,BL-260411-11102,Swiggy,Espresso,303.1
2026-04-11,BL-260411-11103,Swiggy,Veg Wrap,271.5
2026-04-11,BL-260411-11103,Swiggy,Club Sandwich,335.58
2026-04-11,BL-260411-11106,Zomato,Veg Wrap,533.12
2026-04-11,BL-260411-11107,Swiggy,Seasonal Special,366.0
2026-04-11,BL-260411-11107,Swiggy,Cold Brew,220.56
2026-04-11,BL-260411-11109,Swiggy,Masala Chai,83.5
2026-04-11,BL-260411-11111,Zomato,Iced Latte,491.1
2026-04-11,BL-260411-11113,Swiggy,Latte,204.24
2026-04-11,BL-260411-11113,Swiggy,Blueberry Muffin,145.22
2026-04-11,BL-260411-11115,Zomato,Espresso,303.48
2026-04-11,BL-260411-11117,Zomato,Seasonal Special,360.96
2026-04-11,BL-260411-11117,Zomato,Croissant,121.91
2026-04-11,BL-260411-11117,Zomato,Cappuccino,180.43
2026-04-11,BL-260411-11121,Zomato,Masala Chai,83.87
2026-04-11,BL-260411-11123,Swiggy,Masala Chai,81.12
2026-04-11,BL-260411-11123,Swiggy,Seasonal Special,363.6
2026-04-11,BL-260411-11129,Zomato,Club Sandwich,328.87
2026-04-11,BL-260411-11131,Swiggy,Masala Chai,82.8
2026-04-11,BL-260411-11131,Swiggy,Seasonal Special,349.78
2026-04-11,BL-260411-11135,Swiggy,Croissant,125.06
2026-04-11,BL-260411-11135,Swiggy,Iced Latte,251.1
2026-04-11,BL-260411-11135,Swiggy,Seasonal Special,352.49
2026-04-11,BL-260411-11136,Zomato,Cappuccino,183.3
2026-04-11,BL-260411-11136,Zomato,Veg Wrap,261.77
2026-04-11,BL-260411-11138,Swiggy,Club Sandwich,335.48
2026-04-11,BL-260411-11138,Swiggy,Cappuccino,180.34
2026-04-11,BL-260411-11138,Swiggy,Cappuccino,186.22
2026-04-11,BL-260411-11139-R,Swiggy,Croissant,121.51
2026-04-11,BL-260411-11139-R,Swiggy,Espresso,150.82
2026-04-11,BL-260411-11139-R,Swiggy,Cold Brew,223.98
2026-04-11,BL-260411-11141-R,Zomato,Latte,408.94
2026-04-11,BL-260411-11141-R,Zomato,Avocado Toast,291.74
2026-04-11,BL-260411-11143,Zomato,Cold Brew,230.66
2026-04-11,BL-260411-11143,Zomato,Masala Chai,83.68
2026-04-11,BL-260411-11144,Swiggy,Croissant,124.42
2026-04-11,BL-260411-11147,Swiggy,Avocado Toast,287.83
2026-04-11,BL-260411-11153,Zomato,Cold Brew,222.71
2026-04-11,BL-260411-11153,Zomato,Masala Chai,81.62
2026-04-11,BL-260411-11154,Swiggy,Espresso,156.08
2026-04-11,BL-260411-11154,Swiggy,Veg Wrap,536.42
2026-04-11,BL-260411-11154,Swiggy,Chocolate Brownie,165.53
2026-04-11,BL-260411-11155,Swiggy,Chocolate Brownie,164.63
2026-04-11,BL-260411-11158,Swiggy,Croissant,124.22
2026-04-11,BL-260411-11158,Swiggy,Chocolate Brownie,322.23
2026-04-11,BL-260411-11160,Zomato,Avocado Toast,289.21
2026-04-11,BL-260411-11162,Swiggy,Avocado Toast,563.31
2026-04-11,BL-260411-11164,Zomato,Iced Latte,251.01
2026-04-11,BL-260411-11164,Zomato,Cold Brew,220.37
2026-04-11,BL-260411-11166,Swiggy,Club Sandwich,324.79
2026-04-11,BL-260411-11166,Swiggy,Espresso,149.75
2026-04-11,BL-260411-11167,Zomato,Avocado Toast,287.94
2026-04-12,BL-260412-11172,Swiggy,Cappuccino,183.48
2026-04-12,BL-260412-11172,Swiggy,Chocolate Brownie,160.17
2026-04-12,BL-260412-11175,Swiggy,Croissant,122.74
2026-04-12,BL-260412-11175,Swiggy,Iced Latte,250.06
2026-04-12,BL-260412-11177,Swiggy,Seasonal Special,358.95
2026-04-12,BL-260412-11177,Swiggy,Latte,203.87
2026-04-12,BL-260412-11183,Zomato,Espresso,152.44
2026-04-12,BL-260412-11183,Zomato,Cold Brew,439.14
2026-04-12,BL-260412-11183,Zomato,Espresso,154.34
2026-04-12,BL-260412-11183,Zomato,Veg Wrap,265.02
2026-04-12,BL-260412-11188,Swiggy,Latte,209.35
2026-04-12,BL-260412-11192,Zomato,Blueberry Muffin,145.49
2026-04-12,BL-260412-11192,Zomato,Cappuccino,185.47
2026-04-12,BL-260412-11193,Swiggy,Cappuccino,180.62
2026-04-12,BL-260412-11193,Swiggy,Cappuccino,180.24
2026-04-12,BL-260412-11195,Swiggy,Espresso,149.81
2026-04-12,BL-260412-11196,Zomato,Blueberry Muffin,145.85
2026-04-12,BL-260412-11196,Zomato,Seasonal Special,359.79
2026-04-12,BL-260412-11198,Zomato,Seasonal Special,356.65
2026-04-12,BL-260412-11199,Swiggy,Avocado Toast,587.5
2026-04-12,BL-260412-11199,Swiggy,Latte,203.17
2026-04-12,BL-260412-11200,Swiggy,Cappuccino,188.97
2026-04-12,BL-260412-11202,Zomato,Club Sandwich,328.05
2026-04-12,BL-260412-11203,Swiggy,Chocolate Brownie,162.81
2026-04-12,BL-260412-11203,Swiggy,Espresso,314.55
2026-04-12,BL-260412-11203,Swiggy,Croissant,125.81
2026-04-12,BL-260412-11203,Swiggy,Iced Latte,251.56
2026-04-12,BL-260412-11206,Zomato,Cappuccino,181.41
2026-04-12,BL-260412-11207,Zomato,Avocado Toast,286.25
2026-04-12,BL-260412-11207,Zomato,Veg Wrap,540.83
2026-04-12,BL-260412-11207,Zomato,Veg Wrap,263.26
2026-04-12,BL-260412-11212,Zomato,Seasonal Special,364.87
2026-04-12,BL-260412-11213,Zomato,Cold Brew,228.69
2026-04-12,BL-260412-11213,Zomato,Iced Latte,241.48
2026-04-12,BL-260412-11215-R,Zomato,Avocado Toast,281.92
2026-04-12,BL-260412-11215-R,Zomato,Veg Wrap,262.44
2026-04-12,BL-260412-11215-R,Zomato,Veg Wrap,268.04
2026-04-12,BL-260412-11218,Swiggy,Masala Chai,163.98
2026-04-12,BL-260412-11221,Zomato,Masala Chai,164.06
2026-04-12,BL-260412-11221,Zomato,Blueberry Muffin,140.86
2026-04-12,BL-260412-11221,Zomato,Club Sandwich,333.49
2026-04-12,BL-260412-11222,Swiggy,Iced Latte,249.32
2026-04-12,BL-260412-11222,Swiggy,Espresso,310.99
2026-04-12,BL-260412-11224,Swiggy,Espresso,156.71
2026-04-12,BL-260412-11228,Zomato,Veg Wrap,263.05
2026-04-12,BL-260412-11228,Zomato,Cold Brew,221.16
2026-04-12,BL-260412-11230,Zomato,Latte,206.37
2026-04-12,BL-260412-11230,Zomato,Cappuccino,180.32
2026-04-12,BL-260412-11230,Zomato,Cappuccino,184.19
2026-04-12,BL-260412-11232,Zomato,Masala Chai,80.75
2026-04-12,BL-260412-11234,Swiggy,Chocolate Brownie,167.85
2026-04-12,BL-260412-11234,Swiggy,Croissant,121.51
2026-04-12,BL-260412-11242,Zomato,Blueberry Muffin,142.66
2026-04-12,BL-260412-11243,Swiggy,Avocado Toast,291.3
2026-04-12,BL-260412-11243,Swiggy,Latte,199.97
2026-04-12,BL-260412-11243,Swiggy,Croissant,123.06
2026-04-12,BL-260412-11244,Swiggy,Avocado Toast,289.74
2026-04-12,BL-260412-11244,Swiggy,Masala Chai,80.67
2026-04-12,BL-260412-11246,Swiggy,Latte,208.22
2026-04-12,BL-260412-11246,Swiggy,Masala Chai,83.12
2026-04-12,BL-260412-11247,Swiggy,Blueberry Muffin,290.25
2026-04-12,BL-260412-11247,Swiggy,Cold Brew,227.14
2026-04-12,BL-260412-11248,Swiggy,Cold Brew,225.85
2026-04-12,BL-260412-11248,Swiggy,Veg Wrap,265.52
2026-04-12,BL-260412-11250,Zomato,Latte,208.3
2026-04-12,BL-260412-11250,Zomato,Club Sandwich,327.73
2026-04-12,BL-260412-11253,Zomato,Masala Chai,83.03
2026-04-12,BL-260412-11254,Swiggy,Espresso,154.29
2026-04-12,BL-260412-11254,Swiggy,Blueberry Muffin,144.07
2026-04-12,BL-260412-11256,Swiggy,Cold Brew,219.95
2026-04-12,BL-260412-11256,Swiggy,Cold Brew,223.25
2026-04-12,BL-260412-11262,Swiggy,Cold Brew,447.97
2026-04-12,BL-260412-11262,Swiggy,Chocolate Brownie,164.15
2026-04-12,BL-260412-11262,Swiggy,Croissant,240.87
2026-04-12,BL-260412-11265,Swiggy,Veg Wrap,268.27
2026-04-12,BL-260412-11266,Zomato,Cold Brew,225.63
2026-04-12,BL-260412-11266,Zomato,Espresso,304.94
2026-04-12,BL-260412-11266,Zomato,Club Sandwich,329.3
2026-04-12,BL-260412-11271,Zomato,Blueberry Muffin,140.56
2026-04-12,BL-260412-11271,Zomato,Espresso,151.02
2026-04-12,BL-260412-11271,Zomato,Seasonal Special,364.69
2026-04-12,BL-260412-11271,Zomato,Croissant,122.57
2026-04-12,BL-260412-11273,Zomato,Seasonal Special,351.86
2026-04-12,BL-260412-11275,Zomato,Latte,206.17
2026-04-12,BL-260412-11275,Zomato,Club Sandwich,321.97
2026-04-12,BL-260412-11275,Zomato,Latte,207.65
2026-04-12,BL-260412-11277,Zomato,Club Sandwich,331.25
2026-04-12,BL-260412-11282,Zomato,Espresso,156.56
2026-04-12,BL-260412-11287,Zomato,Avocado Toast,282.72
2026-04-12,BL-260412-11292,Swiggy,Veg Wrap,267.12
2026-04-12,BL-260412-11295,Swiggy,Veg Wrap,266.86
2026-04-13,BL-260413-11299,Swiggy,Avocado Toast,293.68
2026-04-13,BL-260413-11306,Swiggy,Blueberry Muffin,142.66
2026-04-13,BL-260413-11306,Swiggy,Avocado Toast,580.9
2026-04-13,BL-260413-11308,Swiggy,Masala Chai,83.46
2026-04-13,BL-260413-11310,Swiggy,Avocado Toast,287.97
2026-04-13,BL-260413-11312,Swiggy,Cappuccino,179.74
2026-04-13,BL-260413-11316,Zomato,Croissant,119.85
2026-04-13,BL-260413-11316,Zomato,Cold Brew,223.42
2026-04-13,BL-260413-11317,Zomato,Blueberry Muffin,141.65
2026-04-13,BL-260413-11318,Zomato,Veg Wrap,270.29
2026-04-13,BL-260413-11318,Zomato,Avocado Toast,290.14
2026-04-13,BL-260413-11319,Zomato,Avocado Toast,286.65
2026-04-13,BL-260413-11320,Swiggy,Iced Latte,240.12
2026-04-13,BL-260413-11320,Swiggy,Chocolate Brownie,331.32
2026-04-13,BL-260413-11324,Zomato,Iced Latte,243.6
2026-04-13,BL-260413-11325,Swiggy,Cappuccino,179.64
2026-04-13,BL-260413-11325,Swiggy,Cold Brew,227.22
2026-04-13,BL-260413-11325,Swiggy,Masala Chai,165.69
2026-04-13,BL-260413-11328,Swiggy,Club Sandwich,325.21
2026-04-13,BL-260413-11328,Swiggy,Espresso,151.38
2026-04-13,BL-260413-11330,Swiggy,Iced Latte,247.63
2026-04-13,BL-260413-11331,Swiggy,Club Sandwich,319.93
2026-04-13,BL-260413-11331,Swiggy,Avocado Toast,289.06
2026-04-13,BL-260413-11332,Zomato,Espresso,311.26
2026-04-13,BL-260413-11332,Zomato,Espresso,309.64
2026-04-13,BL-260413-11332,Zomato,Cappuccino,186.35
2026-04-13,BL-260413-11333,Zomato,Iced Latte,243.42
2026-04-13,BL-260413-11333,Zomato,Club Sandwich,319.38
2026-04-13,BL-260413-11333,Zomato,Iced Latte,503.78
2026-04-13,BL-260413-11335,Zomato,Masala Chai,81.85
2026-04-13,BL-260413-11336,Swiggy,Espresso,302.38
2026-04-13,BL-260413-11336,Swiggy,Veg Wrap,270.78
2026-04-13,BL-260413-11339,Zomato,Croissant,242.21
2026-04-13,BL-260413-11339,Zomato,Croissant,124.92
2026-04-13,BL-260413-11340,Swiggy,Croissant,241.24
2026-04-13,BL-260413-11340,Swiggy,Cappuccino,185.27
2026-04-13,BL-260413-11341,Swiggy,Cappuccino,180.03
2026-04-13,BL-260413-11342,Zomato,Club Sandwich,665.27
2026-04-13,BL-260413-11342,Zomato,Seasonal Special,362.41
2026-04-13,BL-260413-11342,Zomato,Seasonal Special,357.77
2026-04-13,BL-260413-11343,Swiggy,Masala Chai,83.31
2026-04-13,BL-260413-11343,Swiggy,Chocolate Brownie,165.04
2026-04-13,BL-260413-11343,Swiggy,Cappuccino,375.79
2026-04-13,BL-260413-11345,Zomato,Espresso,301.72
2026-04-13,BL-260413-11345,Zomato,Cappuccino,183.48
2026-04-13,BL-260413-11347,Swiggy,Club Sandwich,327.92
2026-04-13,BL-260413-11347,Swiggy,Cold Brew,229.9
2026-04-13,BL-260413-11352,Swiggy,Chocolate Brownie,163.98
2026-04-13,BL-260413-11352,Swiggy,Chocolate Brownie,161.77
2026-04-13,BL-260413-11355,Swiggy,Croissant,250.41
2026-04-13,BL-260413-11355,Swiggy,Veg Wrap,271.67
2026-04-13,BL-260413-11359,Swiggy,Club Sandwich,327.14
2026-04-13,BL-260413-11359,Swiggy,Latte,200.92
2026-04-13,BL-260413-11360,Zomato,Masala Chai,161.61
2026-04-13,BL-260413-11360,Zomato,Cappuccino,180.81
2026-04-13,BL-260413-11363-R,Zomato,Masala Chai,160.31
2026-04-13,BL-260413-11364,Swiggy,Blueberry Muffin,145.15
2026-04-13,BL-260413-11364,Swiggy,Seasonal Special,349.47
2026-04-13,BL-260413-11365,Zomato,Croissant,125.58
2026-04-13,BL-260413-11365,Zomato,Cappuccino,179.89
2026-04-13,BL-260413-11367,Swiggy,Cold Brew,225.64
2026-04-13,BL-260413-11368,Swiggy,Iced Latte,247.15
2026-04-13,BL-260413-11373,Zomato,Cold Brew,456.35
2026-04-13,BL-260413-11376,Swiggy,Veg Wrap,264.24
2026-04-13,BL-260413-11376,Swiggy,Cold Brew,220.34
2026-04-14,BL-260414-11377,Zomato,Espresso,153.36
2026-04-14,BL-260414-11377,Zomato,Latte,403.22
2026-04-14,BL-260414-11381,Zomato,Club Sandwich,334.85
2026-04-14,BL-260414-11381,Zomato,Croissant,124.34
2026-04-14,BL-260414-11381,Zomato,Veg Wrap,266.49
2026-04-14,BL-260414-11389,Swiggy,Chocolate Brownie,330.35
2026-04-14,BL-260414-11392,Zomato,Iced Latte,247.27
2026-04-14,BL-260414-11392,Zomato,Veg Wrap,262.35
2026-04-14,BL-260414-11392,Zomato,Veg Wrap,262.76
2026-04-14,BL-260414-11394,Swiggy,Veg Wrap,262.42
2026-04-14,BL-260414-11394,Swiggy,Latte,206.05
2026-04-14,BL-260414-11395,Zomato,Seasonal Special,715.32
2026-04-14,BL-260414-11395,Zomato,Seasonal Special,708.57
2026-04-14,BL-260414-11396,Swiggy,Club Sandwich,334.04
2026-04-14,BL-260414-11402,Swiggy,Avocado Toast,283.29
2026-04-14,BL-260414-11402,Swiggy,Croissant,243.35
2026-04-14,BL-260414-11404,Zomato,Veg Wrap,536.04
2026-04-14,BL-260414-11406,Swiggy,Croissant,247.4
2026-04-14,BL-260414-11406,Swiggy,Cappuccino,184.29
2026-04-14,BL-260414-11406,Swiggy,Croissant,120.96
2026-04-14,BL-260414-11413,Swiggy,Espresso,309.33
2026-04-14,BL-260414-11413,Swiggy,Croissant,243.28
2026-04-14,BL-260414-11413,Swiggy,Masala Chai,83.9
2026-04-14,BL-260414-11414,Zomato,Cold Brew,447.01
2026-04-14,BL-260414-11415,Swiggy,Croissant,241.0
2026-04-14,BL-260414-11418,Swiggy,Croissant,248.69
2026-04-14,BL-260414-11418,Swiggy,Avocado Toast,279.77
2026-04-14,BL-260414-11420,Swiggy,Cold Brew,222.36
2026-04-14,BL-260414-11420,Swiggy,Club Sandwich,648.51
2026-04-14,BL-260414-11421,Zomato,Iced Latte,250.54
2026-04-14,BL-260414-11423,Zomato,Masala Chai,83.29
2026-04-14,BL-260414-11424,Zomato,Blueberry Muffin,144.56
2026-04-14,BL-260414-11429,Swiggy,Masala Chai,81.63
2026-04-14,BL-260414-11429,Swiggy,Espresso,149.89
2026-04-14,BL-260414-11432,Swiggy,Avocado Toast,290.49
2026-04-14,BL-260414-11434,Zomato,Veg Wrap,261.14
2026-04-14,BL-260414-11434,Zomato,Avocado Toast,287.99
2026-04-14,BL-260414-11437,Swiggy,Espresso,151.25
2026-04-14,BL-260414-11437,Swiggy,Cold Brew,228.5
2026-04-14,BL-260414-11438,Zomato,Veg Wrap,270.17
2026-04-14,BL-260414-11439,Swiggy,Cappuccino,180.51
2026-04-14,BL-260414-11439,Swiggy,Cappuccino,185.85
2026-04-14,BL-260414-11441,Swiggy,Masala Chai,83.15
2026-04-14,BL-260414-11441,Swiggy,Latte,413.96
2026-04-14,BL-260414-11445,Swiggy,Veg Wrap,262.88
2026-04-14,BL-260414-11445,Swiggy,Latte,199.81
2026-04-14,BL-260414-11446,Zomato,Avocado Toast,286.36
2026-04-14,BL-260414-11446,Zomato,Avocado Toast,292.22
2026-04-14,BL-260414-11447,Swiggy,Cappuccino,185.74
2026-04-14,BL-260414-11447,Swiggy,Masala Chai,82.78
2026-04-14,BL-260414-11449,Zomato,Blueberry Muffin,139.96
2026-04-14,BL-260414-11449,Zomato,Seasonal Special,355.06
2026-04-14,BL-260414-11456,Zomato,Avocado Toast,286.47
2026-04-14,BL-260414-11456,Zomato,Blueberry Muffin,146.84
2026-04-14,BL-260414-11457,Swiggy,Cold Brew,230.42
2026-04-14,BL-260414-11459,Zomato,Latte,412.1
2026-04-14,BL-260414-11459,Zomato,Chocolate Brownie,162.7
2026-04-14,BL-260414-11460,Zomato,Iced Latte,488.78
2026-04-14,BL-260414-11460,Zomato,Espresso,156.37
2026-04-15,BL-260415-11463,Swiggy,Masala Chai,159.68
2026-04-15,BL-260415-11464,Zomato,Blueberry Muffin,146.15
2026-04-15,BL-260415-11464,Zomato,Chocolate Brownie,162.85
2026-04-15,BL-260415-11464,Zomato,Cold Brew,226.42
2026-04-15,BL-260415-11468,Swiggy,Club Sandwich,330.7
2026-04-15,BL-260415-11470,Zomato,Masala Chai,81.87
2026-04-15,BL-260415-11470,Zomato,Cold Brew,228.72
2026-04-15,BL-260415-11470,Zomato,Chocolate Brownie,162.72
2026-04-15,BL-260415-11471,Swiggy,Cold Brew,223.8
2026-04-15,BL-260415-11471,Swiggy,Cold Brew,220.94
2026-04-15,BL-260415-11476,Swiggy,Cold Brew,225.28
2026-04-15,BL-260415-11477,Zomato,Seasonal Special,361.46
2026-04-15,BL-260415-11477,Zomato,Blueberry Muffin,140.09
2026-04-15,BL-260415-11479,Swiggy,Croissant,122.14
2026-04-15,BL-260415-11488,Zomato,Espresso,153.19
2026-04-15,BL-260415-11491,Zomato,Latte,201.37
2026-04-15,BL-260415-11491,Zomato,Veg Wrap,272.18
2026-04-15,BL-260415-11495,Swiggy,Club Sandwich,331.06
2026-04-15,BL-260415-11495,Swiggy,Croissant,121.79
2026-04-15,BL-260415-11495,Swiggy,Cold Brew,230.04
2026-04-15,BL-260415-11498,Zomato,Club Sandwich,332.95
2026-04-15,BL-260415-11499,Swiggy,Blueberry Muffin,144.96
2026-04-15,BL-260415-11499,Swiggy,Latte,201.99
2026-04-15,BL-260415-11499,Swiggy,Chocolate Brownie,162.6
2026-04-15,BL-260415-11505,Swiggy,Latte,199.89
2026-04-15,BL-260415-11505,Swiggy,Avocado Toast,559.76
2026-04-15,BL-260415-11505,Swiggy,Seasonal Special,734.62
2026-04-15,BL-260415-11507,Swiggy,Veg Wrap,533.17
2026-04-15,BL-260415-11507,Swiggy,Cold Brew,443.25
2026-04-15,BL-260415-11510,Zomato,Iced Latte,250.71
2026-04-15,BL-260415-11510,Zomato,Cold Brew,226.26
2026-04-15,BL-260415-11510,Zomato,Cold Brew,221.71
2026-04-15,BL-260415-11512,Zomato,Iced Latte,244.53
2026-04-15,BL-260415-11512,Zomato,Espresso,149.79
2026-04-15,BL-260415-11512,Zomato,Cold Brew,443.31
2026-04-15,BL-260415-11513,Swiggy,Seasonal Special,366.87
2026-04-15,BL-260415-11516,Zomato,Chocolate Brownie,167.31
2026-04-15,BL-260415-11517,Zomato,Croissant,124.03
2026-04-15,BL-260415-11517,Zomato,Latte,203.87
2026-04-15,BL-260415-11518,Zomato,Masala Chai,79.97
2026-04-15,BL-260415-11518,Zomato,Espresso,152.62
2026-04-15,BL-260415-11519,Zomato,Chocolate Brownie,162.28
2026-04-15,BL-260415-11519,Zomato,Croissant,124.51
2026-04-15,BL-260415-11519,Zomato,Cappuccino,183.9
2026-04-15,BL-260415-11521,Zomato,Masala Chai,80.3
2026-04-15,BL-260415-11521,Zomato,Cold Brew,221.71
2026-04-15,BL-260415-11521,Zomato,Croissant,245.61
2026-04-15,BL-260415-11529,Zomato,Espresso,156.41
2026-04-15,BL-260415-11533,Zomato,Avocado Toast,290.77
2026-04-15,BL-260415-11533,Zomato,Latte,207.02
2026-04-15,BL-260415-11536,Swiggy,Chocolate Brownie,166.28
2026-04-15,BL-260415-11536,Swiggy,Latte,414.66
2026-04-15,BL-260415-11537,Swiggy,Latte,206.19
2026-04-15,BL-260415-11537,Swiggy,Avocado Toast,279.59
2026-04-15,BL-260415-11537,Swiggy,Chocolate Brownie,166.32
2026-04-15,BL-260415-11540,Swiggy,Club Sandwich,327.58
2026-04-15,BL-260415-11540,Swiggy,Chocolate Brownie,163.24
2026-04-15,BL-260415-11540,Swiggy,Cold Brew,222.12
2026-04-15,BL-260415-11541,Swiggy,Espresso,153.16
2026-04-15,BL-260415-11541,Swiggy,Blueberry Muffin,142.64
2026-04-16,BL-260416-11542,Swiggy,Cold Brew,228.01
2026-04-16,BL-260416-11547,Swiggy,Avocado Toast,571.62
2026-04-16,BL-260416-11549,Swiggy,Cold Brew,442.11
2026-04-16,BL-260416-11550,Zomato,Blueberry Muffin,286.89
2026-04-16,BL-260416-11550,Zomato,Veg Wrap,537.73
2026-04-16,BL-260416-11556,Swiggy,Cold Brew,454.94
2026-04-16,BL-260416-11556,Swiggy,Chocolate Brownie,164.85
2026-04-16,BL-260416-11564,Swiggy,Chocolate Brownie,165.65
2026-04-16,BL-260416-11565,Zomato,Chocolate Brownie,329.75
2026-04-16,BL-260416-11566,Swiggy,Club Sandwich,322.63
2026-04-16,BL-260416-11566,Swiggy,Cold Brew,225.61
2026-04-16,BL-260416-11573,Zomato,Latte,208.74
2026-04-16,BL-260416-11578,Zomato,Masala Chai,83.72
2026-04-16,BL-260416-11578,Zomato,Club Sandwich,334.54
2026-04-16,BL-260416-11579,Zomato,Espresso,300.96
2026-04-16,BL-260416-11579,Zomato,Espresso,154.17
2026-04-16,BL-260416-11580,Swiggy,Cappuccino,185.6
2026-04-16,BL-260416-11580,Swiggy,Cappuccino,368.56
2026-04-16,BL-260416-11581,Zomato,Blueberry Muffin,143.02
2026-04-16,BL-260416-11581,Zomato,Masala Chai,83.89
2026-04-16,BL-260416-11590,Swiggy,Blueberry Muffin,146.22
2026-04-16,BL-260416-11595,Swiggy,Croissant,125.93
2026-04-16,BL-260416-11595,Swiggy,Veg Wrap,262.07
2026-04-16,BL-260416-11599,Zomato,Veg Wrap,263.63
2026-04-16,BL-260416-11599,Zomato,Masala Chai,80.97
2026-04-16,BL-260416-11600,Zomato,Veg Wrap,543.77
2026-04-16,BL-260416-11600,Zomato,Chocolate Brownie,160.08
2026-04-16,BL-260416-11600,Zomato,Croissant,246.81
2026-04-16,BL-260416-11604,Swiggy,Avocado Toast,288.69
2026-04-16,BL-260416-11604,Swiggy,Cold Brew,225.76
2026-04-16,BL-260416-11608,Zomato,Croissant,124.83
2026-04-16,BL-260416-11608,Zomato,Seasonal Special,698.51
2026-04-16,BL-260416-11609-R,Swiggy,Cappuccino,184.12
2026-04-16,BL-260416-11611,Swiggy,Chocolate Brownie,162.61
2026-04-16,BL-260416-11611,Swiggy,Croissant,122.45
2026-04-16,BL-260416-11611,Swiggy,Cold Brew,229.02
2026-04-16,BL-260416-11613,Zomato,Club Sandwich,651.69
2026-04-16,BL-260416-11613,Zomato,Avocado Toast,575.02
2026-04-16,BL-260416-11613,Zomato,Croissant,123.26
2026-04-16,BL-260416-11614,Zomato,Blueberry Muffin,146.48
2026-04-16,BL-260416-11614,Zomato,Chocolate Brownie,160.76
2026-04-16,BL-260416-11614,Zomato,Avocado Toast,292.06
2026-04-16,BL-260416-11623,Zomato,Cold Brew,222.71
2026-04-16,BL-260416-11623,Zomato,Espresso,156.89
2026-04-16,BL-260416-11623,Zomato,Cappuccino,186.05
2026-04-16,BL-260416-11626,Zomato,Seasonal Special,366.89
2026-04-16,BL-260416-11627,Zomato,Latte,199.62
2026-04-16,BL-260416-11631,Swiggy,Blueberry Muffin,142.27
2026-04-16,BL-260416-11631,Swiggy,Croissant,121.17
2026-04-16,BL-260416-11632,Swiggy,Veg Wrap,260.44
2026-04-16,BL-260416-11633,Zomato,Latte,200.42
2026-04-16,BL-260416-11633,Zomato,Latte,208.81
2026-04-16,BL-260416-11633,Zomato,Espresso,150.19
2026-04-16,BL-260416-11637,Swiggy,Chocolate Brownie,161.17
2026-04-16,BL-260416-11639,Zomato,Club Sandwich,334.35
2026-04-16,BL-260416-11640,Swiggy,Latte,206.52
2026-04-16,BL-260416-11641,Zomato,Latte,202.55
2026-04-16,BL-260416-11646,Swiggy,Latte,208.51
2026-04-16,BL-260416-11646,Swiggy,Croissant,240.11
2026-04-16,BL-260416-11648,Swiggy,Masala Chai,81.44
2026-04-16,BL-260416-11650,Zomato,Club Sandwich,322.56
2026-04-16,BL-260416-11652,Zomato,Masala Chai,82.6
2026-04-16,BL-260416-11653,Zomato,Cold Brew,227.5
2026-04-16,BL-260416-11654,Zomato,Blueberry Muffin,144.76
2026-04-16,BL-260416-11655,Swiggy,Blueberry Muffin,139.69
2026-04-16,BL-260416-11655,Swiggy,Espresso,157.42
2026-04-16,BL-260416-11656,Swiggy,Avocado Toast,280.89
2026-04-16,BL-260416-11656,Swiggy,Club Sandwich,332.38
2026-04-17,BL-260417-11657,Zomato,Masala Chai,79.92
2026-04-17,BL-260417-11658,Zomato,Avocado Toast,572.72
2026-04-17,BL-260417-11663,Zomato,Masala Chai,81.97
2026-04-17,BL-260417-11664,Zomato,Chocolate Brownie,166.27
2026-04-17,BL-260417-11664,Zomato,Veg Wrap,265.22
2026-04-17,BL-260417-11668,Zomato,Latte,207.44
2026-04-17,BL-260417-11669,Zomato,Croissant,124.35
2026-04-17,BL-260417-11670,Swiggy,Iced Latte,489.95
2026-04-17,BL-260417-11670,Swiggy,Avocado Toast,292.85
2026-04-17,BL-260417-11673,Zomato,Blueberry Muffin,144.24
2026-04-17,BL-260417-11679,Zomato,Croissant,120.86
2026-04-17,BL-260417-11679,Zomato,Cold Brew,229.37
2026-04-17,BL-260417-11682,Swiggy,Iced Latte,241.66
2026-04-17,BL-260417-11682,Swiggy,Avocado Toast,577.16
2026-04-17,BL-260417-11683,Swiggy,Cold Brew,451.83
2026-04-17,BL-260417-11684,Zomato,Cold Brew,222.07
2026-04-17,BL-260417-11684,Zomato,Blueberry Muffin,146.55
2026-04-17,BL-260417-11688,Swiggy,Veg Wrap,270.02
2026-04-17,BL-260417-11688,Swiggy,Blueberry Muffin,279.92
2026-04-17,BL-260417-11689,Swiggy,Iced Latte,242.68
2026-04-17,BL-260417-11689,Swiggy,Iced Latte,242.51
2026-04-17,BL-260417-11689,Swiggy,Cappuccino,181.71
2026-04-17,BL-260417-11694,Swiggy,Veg Wrap,522.71
2026-04-17,BL-260417-11694,Swiggy,Cold Brew,226.83
2026-04-17,BL-260417-11694,Swiggy,Masala Chai,82.17
2026-04-17,BL-260417-11695,Zomato,Veg Wrap,268.79
2026-04-17,BL-260417-11695,Zomato,Cappuccino,181.85
2026-04-17,BL-260417-11696,Zomato,Espresso,155.18
2026-04-17,BL-260417-11696,Zomato,Croissant,120.24
2026-04-17,BL-260417-11696,Zomato,Iced Latte,250.4
2026-04-17,BL-260417-11701,Zomato,Croissant,245.43
2026-04-17,BL-260417-11701,Zomato,Croissant,124.62
2026-04-17,BL-260417-11702,Zomato,Cappuccino,184.1
2026-04-17,BL-260417-11705,Zomato,Latte,201.29
2026-04-17,BL-260417-11708,Zomato,Seasonal Special,350.1
2026-04-17,BL-260417-11708,Zomato,Cold Brew,226.67
2026-04-17,BL-260417-11710,Zomato,Latte,208.04
2026-04-17,BL-260417-11710,Zomato,Masala Chai,166.28
2026-04-17,BL-260417-11710,Zomato,Masala Chai,83.07
2026-04-17,BL-260417-11713,Zomato,Veg Wrap,526.65
2026-04-17,BL-260417-11715,Zomato,Club Sandwich,328.75
2026-04-17,BL-260417-11715,Zomato,Cold Brew,221.86
2026-04-17,BL-260417-11716,Swiggy,Espresso,156.18
2026-04-17,BL-260417-11716,Swiggy,Latte,203.58
2026-04-17,BL-260417-11717,Zomato,Blueberry Muffin,290.01
2026-04-17,BL-260417-11723,Zomato,Club Sandwich,328.46
2026-04-17,BL-260417-11734,Swiggy,Cold Brew,445.95
2026-04-17,BL-260417-11734,Swiggy,Veg Wrap,263.88
2026-04-17,BL-260417-11735,Zomato,Seasonal Special,352.25
2026-04-17,BL-260417-11735,Zomato,Club Sandwich,329.19
2026-04-17,BL-260417-11738,Zomato,Masala Chai,82.63
2026-04-17,BL-260417-11738,Zomato,Cold Brew,224.65
2026-04-17,BL-260417-11740,Zomato,Seasonal Special,354.61
2026-04-17,BL-260417-11740,Zomato,Blueberry Muffin,143.77
2026-04-17,BL-260417-11740,Zomato,Espresso,157.09
2026-04-18,BL-260418-11741,Swiggy,Chocolate Brownie,323.44
2026-04-18,BL-260418-11741,Swiggy,Avocado Toast,293.29
2026-04-18,BL-260418-11743,Zomato,Club Sandwich,329.97
2026-04-18,BL-260418-11745,Swiggy,Croissant,125.37
2026-04-18,BL-260418-11746,Swiggy,Cappuccino,186.01
2026-04-18,BL-260418-11746,Swiggy,Blueberry Muffin,144.69
2026-04-18,BL-260418-11749,Zomato,Avocado Toast,285.43
2026-04-18,BL-260418-11749,Zomato,Cappuccino,369.27
2026-04-18,BL-260418-11750,Swiggy,Blueberry Muffin,146.86
2026-04-18,BL-260418-11750,Swiggy,Cappuccino,185.92
2026-04-18,BL-260418-11750,Swiggy,Espresso,150.93
2026-04-18,BL-260418-11754,Swiggy,Chocolate Brownie,162.93
2026-04-18,BL-260418-11758,Zomato,Chocolate Brownie,165.65
2026-04-18,BL-260418-11764,Zomato,Iced Latte,249.38
2026-04-18,BL-260418-11771,Zomato,Avocado Toast,291.78
2026-04-18,BL-260418-11771,Zomato,Latte,203.34
2026-04-18,BL-260418-11771,Zomato,Veg Wrap,260.67
2026-04-18,BL-260418-11774,Zomato,Blueberry Muffin,145.82
2026-04-18,BL-260418-11775,Zomato,Iced Latte,241.07
2026-04-18,BL-260418-11775,Zomato,Blueberry Muffin,292.94
2026-04-18,BL-260418-11778,Swiggy,Cappuccino,186.49
2026-04-18,BL-260418-11778,Swiggy,Chocolate Brownie,167.01
2026-04-18,BL-260418-11778,Swiggy,Seasonal Special,716.64
2026-04-18,BL-260418-11782,Zomato,Cold Brew,230.81
2026-04-18,BL-260418-11782,Zomato,Seasonal Special,706.9
2026-04-18,BL-260418-11783,Zomato,Chocolate Brownie,163.84
2026-04-18,BL-260418-11784,Zomato,Avocado Toast,283.17
2026-04-18,BL-260418-11784,Zomato,Blueberry Muffin,143.24
2026-04-18,BL-260418-11785,Swiggy,Cappuccino,359.61
2026-04-18,BL-260418-11787,Zomato,Cappuccino,185.18
2026-04-18,BL-260418-11787,Zomato,Chocolate Brownie,167.1
2026-04-18,BL-260418-11791,Swiggy,Seasonal Special,358.22
2026-04-18,BL-260418-11791,Swiggy,Iced Latte,486.97
2026-04-18,BL-260418-11794,Swiggy,Veg Wrap,261.84
2026-04-18,BL-260418-11794,Swiggy,Iced Latte,503.85
2026-04-18,BL-260418-11794,Swiggy,Seasonal Special,351.33
2026-04-18,BL-260418-11795,Swiggy,Croissant,246.04
2026-04-18,BL-260418-11798,Swiggy,Chocolate Brownie,161.09
2026-04-18,BL-260418-11798,Swiggy,Blueberry Muffin,139.8
2026-04-18,BL-260418-11800,Swiggy,Chocolate Brownie,163.41
2026-04-18,BL-260418-11800,Swiggy,Blueberry Muffin,144.82
2026-04-18,BL-260418-11800,Swiggy,Club Sandwich,328.77
2026-04-18,BL-260418-11802,Swiggy,Espresso,150.11
2026-04-18,BL-260418-11802,Swiggy,Latte,202.4
2026-04-18,BL-260418-11802,Swiggy,Masala Chai,80.33
2026-04-18,BL-260418-11804,Zomato,Cappuccino,180.46
2026-04-18,BL-260418-11804,Zomato,Latte,399.16
2026-04-18,BL-260418-11805,Zomato,Latte,207.88
2026-04-18,BL-260418-11812,Swiggy,Cappuccino,179.86
2026-04-18,BL-260418-11816,Swiggy,Espresso,150.93
2026-04-18,BL-260418-11816,Swiggy,Masala Chai,83.33
2026-04-18,BL-260418-11816,Swiggy,Latte,201.89
2026-04-18,BL-260418-11817,Zomato,Blueberry Muffin,146.19
2026-04-18,BL-260418-11817,Zomato,Cappuccino,179.66
2026-04-18,BL-260418-11818,Zomato,Croissant,119.87
2026-04-18,BL-260418-11819,Zomato,Espresso,154.56
2026-04-18,BL-260418-11819,Zomato,Blueberry Muffin,140.54
2026-04-18,BL-260418-11819,Zomato,Seasonal Special,356.97
2026-04-18,BL-260418-11820,Zomato,Chocolate Brownie,334.73
2026-04-18,BL-260418-11820,Zomato,Latte,206.07
2026-04-18,BL-260418-11821,Zomato,Cappuccino,184.92
2026-04-18,BL-260418-11821,Zomato,Veg Wrap,266.64
2026-04-18,BL-260418-11822,Swiggy,Latte,209.75
2026-04-18,BL-260418-11822,Swiggy,Croissant,124.25
2026-04-18,BL-260418-11823,Zomato,Latte,203.21
2026-04-18,BL-260418-11824,Zomato,Cold Brew,230.69
2026-04-18,BL-260418-11824,Zomato,Espresso,157.46
2026-04-18,BL-260418-11824,Zomato,Blueberry Muffin,144.57
2026-04-18,BL-260418-11838,Zomato,Seasonal Special,363.54
2026-04-18,BL-260418-11838,Zomato,Seasonal Special,353.88
2026-04-18,BL-260418-11839,Zomato,Blueberry Muffin,142.79
2026-04-18,BL-260418-11839,Zomato,Iced Latte,245.06
2026-04-18,BL-260418-11844,Swiggy,Masala Chai,80.97
2026-04-18,BL-260418-11844,Swiggy,Latte,402.71
2026-04-18,BL-260418-11852,Zomato,Latte,208.49
2026-04-18,BL-260418-11852,Zomato,Avocado Toast,279.64
2026-04-18,BL-260418-11857,Swiggy,Avocado Toast,289.6
2026-04-18,BL-260418-11857,Swiggy,Chocolate Brownie,323.16
2026-04-19,BL-260419-11865,Zomato,Avocado Toast,291.91
2026-04-19,BL-260419-11868,Swiggy,Cappuccino,188.21
2026-04-19,BL-260419-11868,Swiggy,Latte,203.88
2026-04-19,BL-260419-11873,Zomato,Croissant,123.31
2026-04-19,BL-260419-11873,Zomato,Masala Chai,80.36
2026-04-19,BL-260419-11876-R,Zomato,Masala Chai,83.19
2026-04-19,BL-260419-11876-R,Zomato,Masala Chai,81.88
2026-04-19,BL-260419-11879,Zomato,Blueberry Muffin,144.47
2026-04-19,BL-260419-11882,Zomato,Latte,203.26
2026-04-19,BL-260419-11882,Zomato,Iced Latte,247.7
2026-04-19,BL-260419-11891,Swiggy,Club Sandwich,330.05
2026-04-19,BL-260419-11891,Swiggy,Cappuccino,186.5
2026-04-19,BL-260419-11893,Zomato,Latte,208.56
2026-04-19,BL-260419-11893,Zomato,Masala Chai,83.3
2026-04-19,BL-260419-11895,Swiggy,Croissant,124.28
2026-04-19,BL-260419-11895,Swiggy,Chocolate Brownie,321.82
2026-04-19,BL-260419-11900,Zomato,Avocado Toast,280.22
2026-04-19,BL-260419-11900,Zomato,Cold Brew,219.91
2026-04-19,BL-260419-11902,Zomato,Espresso,153.29
2026-04-19,BL-260419-11902,Zomato,Espresso,149.77
2026-04-19,BL-260419-11904,Zomato,Cappuccino,185.39
2026-04-19,BL-260419-11904,Zomato,Latte,207.57
2026-04-19,BL-260419-11908,Zomato,Club Sandwich,321.96
2026-04-19,BL-260419-11908,Zomato,Latte,200.54
2026-04-19,BL-260419-11908,Zomato,Avocado Toast,280.01
2026-04-19,BL-260419-11910,Swiggy,Veg Wrap,538.72
2026-04-19,BL-260419-11912,Zomato,Masala Chai,79.84
2026-04-19,BL-260419-11915,Zomato,Avocado Toast,293.16
2026-04-19,BL-260419-11916,Zomato,Blueberry Muffin,140.35
2026-04-19,BL-260419-11916,Zomato,Avocado Toast,287.15
2026-04-19,BL-260419-11918,Zomato,Iced Latte,482.16
2026-04-19,BL-260419-11918,Zomato,Cold Brew,227.78
2026-04-19,BL-260419-11920,Zomato,Club Sandwich,319.33
2026-04-19,BL-260419-11920,Zomato,Club Sandwich,331.28
2026-04-19,BL-260419-11922,Zomato,Blueberry Muffin,144.93
2026-04-19,BL-260419-11922,Zomato,Avocado Toast,293.55
2026-04-19,BL-260419-11922,Zomato,Iced Latte,250.13
2026-04-19,BL-260419-11923,Swiggy,Cold Brew,220.69
2026-04-19,BL-260419-11923,Swiggy,Iced Latte,250.03
2026-04-19,BL-260419-11925,Zomato,Latte,200.86
2026-04-19,BL-260419-11925,Zomato,Veg Wrap,263.51
2026-04-19,BL-260419-11927,Swiggy,Cold Brew,230.66
2026-04-19,BL-260419-11927,Swiggy,Seasonal Special,359.95
2026-04-19,BL-260419-11929,Zomato,Espresso,151.27
2026-04-19,BL-260419-11930,Zomato,Iced Latte,247.78
2026-04-19,BL-260419-11930,Zomato,Cappuccino,182.11
2026-04-19,BL-260419-11930,Zomato,Masala Chai,163.84
2026-04-19,BL-260419-11933,Zomato,Veg Wrap,267.44
2026-04-19,BL-260419-11934,Swiggy,Espresso,152.74
2026-04-19,BL-260419-11934,Swiggy,Croissant,122.55
2026-04-19,BL-260419-11935,Swiggy,Masala Chai,81.88
2026-04-19,BL-260419-11935,Swiggy,Latte,204.6
2026-04-19,BL-260419-11935,Swiggy,Iced Latte,251.41
2026-04-19,BL-260419-11938,Swiggy,Espresso,153.92
2026-04-19,BL-260419-11938,Swiggy,Veg Wrap,533.19
2026-04-19,BL-260419-11940,Swiggy,Iced Latte,498.92
2026-04-19,BL-260419-11940,Swiggy,Club Sandwich,334.61
2026-04-19,BL-260419-11943,Zomato,Croissant,240.0
2026-04-19,BL-260419-11943,Zomato,Cappuccino,182.62
2026-04-19,BL-260419-11943,Zomato,Club Sandwich,665.86
2026-04-19,BL-260419-11944,Swiggy,Avocado Toast,286.41
2026-04-19,BL-260419-11944,Swiggy,Cold Brew,444.51
2026-04-19,BL-260419-11945,Zomato,Cold Brew,227.53
2026-04-19,BL-260419-11945,Zomato,Seasonal Special,351.95
2026-04-19,BL-260419-11948,Swiggy,Chocolate Brownie,160.36
2026-04-19,BL-260419-11948,Swiggy,Cappuccino,185.38
2026-04-19,BL-260419-11950,Swiggy,Espresso,155.73
2026-04-19,BL-260419-11950,Swiggy,Cold Brew,226.7
2026-04-19,BL-260419-11954,Swiggy,Iced Latte,497.84
2026-04-19,BL-260419-11957,Zomato,Cold Brew,449.66
2026-04-19,BL-260419-11961,Zomato,Masala Chai,80.2
2026-04-19,BL-260419-11961,Zomato,Blueberry Muffin,284.03
2026-04-19,BL-260419-11962,Swiggy,Masala Chai,81.84
2026-04-19,BL-260419-11964,Swiggy,Veg Wrap,263.04
2026-04-19,BL-260419-11964,Swiggy,Seasonal Special,354.08
2026-04-19,BL-260419-11964,Swiggy,Latte,417.31
2026-04-19,BL-260419-11966,Swiggy,Cappuccino,188.16
2026-04-19,BL-260419-11966,Swiggy,Espresso,311.18
2026-04-19,BL-260419-11968,Swiggy,Croissant,121.03
2026-04-19,BL-260419-11970,Swiggy,Espresso,155.97
2026-04-19,BL-260419-11970,Swiggy,Espresso,156.26
2026-04-19,BL-260419-11972,Zomato,Latte,207.4
2026-04-19,BL-260419-11973,Zomato,Croissant,121.5
2026-04-19,BL-260419-11973,Zomato,Avocado Toast,281.07
2026-04-19,BL-260419-11974,Swiggy,Cappuccino,188.95
2026-04-19,BL-260419-11976,Swiggy,Latte,204.67
2026-04-19,BL-260419-11976,Swiggy,Cold Brew,220.49
2026-04-19,BL-260419-11976,Swiggy,Croissant,250.69
2026-04-19,BL-260419-11979,Zomato,Espresso,153.81
2026-04-19,BL-260419-11979,Zomato,Latte,200.84
2026-04-19,BL-260419-11980,Zomato,Veg Wrap,269.82
2026-04-19,BL-260419-11985,Zomato,Masala Chai,82.08
2026-04-20,BL-260420-11993,Swiggy,Seasonal Special,722.51
2026-04-20,BL-260420-11993,Swiggy,Masala Chai,80.34
2026-04-20,BL-260420-11995,Swiggy,Veg Wrap,272.49
2026-04-20,BL-260420-11998,Zomato,Veg Wrap,266.09
2026-04-20,BL-260420-11998,Zomato,Chocolate Brownie,321.17
2026-04-20,BL-260420-12003,Swiggy,Espresso,300.65
2026-04-20,BL-260420-12003,Swiggy,Cappuccino,185.83
2026-04-20,BL-260420-12003,Swiggy,Iced Latte,500.32
2026-04-20,BL-260420-12004,Swiggy,Cold Brew,226.63
2026-04-20,BL-260420-12004,Swiggy,Veg Wrap,263.83
2026-04-20,BL-260420-12005,Swiggy,Chocolate Brownie,160.95
2026-04-20,BL-260420-12007,Swiggy,Espresso,155.74
2026-04-20,BL-260420-12007,Swiggy,Club Sandwich,333.88
2026-04-20,BL-260420-12007,Swiggy,Masala Chai,83.82
2026-04-20,BL-260420-12009,Zomato,Iced Latte,247.54
2026-04-20,BL-260420-12014,Zomato,Veg Wrap,537.22
2026-04-20,BL-260420-12014,Zomato,Club Sandwich,328.18
2026-04-20,BL-260420-12016,Zomato,Latte,200.76
2026-04-20,BL-260420-12016,Zomato,Masala Chai,82.19
2026-04-20,BL-260420-12017,Swiggy,Masala Chai,81.61
2026-04-20,BL-260420-12017,Swiggy,Avocado Toast,280.01
2026-04-20,BL-260420-12021,Swiggy,Club Sandwich,333.35
2026-04-20,BL-260420-12021,Swiggy,Espresso,151.02
2026-04-20,BL-260420-12024,Zomato,Chocolate Brownie,161.34
2026-04-20,BL-260420-12024,Zomato,Cappuccino,186.11
2026-04-20,BL-260420-12024,Zomato,Iced Latte,247.04
2026-04-20,BL-260420-12026,Swiggy,Espresso,150.52
2026-04-20,BL-260420-12026,Swiggy,Espresso,152.27
2026-04-20,BL-260420-12027,Swiggy,Masala Chai,83.71
2026-04-20,BL-260420-12031,Zomato,Croissant,120.23
2026-04-20,BL-260420-12031,Zomato,Veg Wrap,267.77
2026-04-20,BL-260420-12033,Swiggy,Croissant,122.5
2026-04-20,BL-260420-12033,Swiggy,Masala Chai,82.86
2026-04-20,BL-260420-12036,Zomato,Veg Wrap,260.31
2026-04-20,BL-260420-12037,Zomato,Seasonal Special,367.34
2026-04-20,BL-260420-12039,Swiggy,Seasonal Special,356.1
2026-04-20,BL-260420-12045,Swiggy,Iced Latte,503.08
2026-04-20,BL-260420-12045,Swiggy,Chocolate Brownie,159.81
2026-04-20,BL-260420-12046,Zomato,Iced Latte,245.93
2026-04-20,BL-260420-12046,Zomato,Iced Latte,499.04
2026-04-20,BL-260420-12046,Zomato,Avocado Toast,283.07
2026-04-20,BL-260420-12050,Swiggy,Espresso,151.33
2026-04-20,BL-260420-12050,Swiggy,Avocado Toast,279.5
2026-04-20,BL-260420-12051,Zomato,Club Sandwich,325.3
2026-04-20,BL-260420-12051,Zomato,Cold Brew,225.22
2026-04-20,BL-260420-12055,Zomato,Cappuccino,182.64
2026-04-20,BL-260420-12055,Zomato,Espresso,153.29
2026-04-20,BL-260420-12059,Zomato,Blueberry Muffin,140.13
2026-04-20,BL-260420-12059,Zomato,Cappuccino,180.6
2026-04-20,BL-260420-12064,Swiggy,Avocado Toast,559.06
2026-04-20,BL-260420-12070,Swiggy,Avocado Toast,289.76
2026-04-20,BL-260420-12076,Swiggy,Iced Latte,246.53
2026-04-20,BL-260420-12076,Swiggy,Avocado Toast,279.44
2026-04-21,BL-260421-12078,Swiggy,Veg Wrap,540.78
2026-04-21,BL-260421-12078,Swiggy,Cold Brew,222.5
2026-04-21,BL-260421-12079,Zomato,Cold Brew,222.66
2026-04-21,BL-260421-12083,Zomato,Chocolate Brownie,162.35
2026-04-21,BL-260421-12084,Zomato,Veg Wrap,259.48
2026-04-21,BL-260421-12084,Zomato,Veg Wrap,519.26
2026-04-21,BL-260421-12085,Zomato,Club Sandwich,327.0
2026-04-21,BL-260421-12085,Zomato,Croissant,125.38
2026-04-21,BL-260421-12085,Zomato,Club Sandwich,334.2
2026-04-21,BL-260421-12086,Swiggy,Iced Latte,495.79
2026-04-21,BL-260421-12086,Swiggy,Veg Wrap,262.8
2026-04-21,BL-260421-12087,Zomato,Iced Latte,249.44
2026-04-21,BL-260421-12089,Zomato,Cappuccino,376.6
2026-04-21,BL-260421-12089,Zomato,Cappuccino,184.35
2026-04-21,BL-260421-12089,Zomato,Latte,209.76
2026-04-21,BL-260421-12092,Zomato,Chocolate Brownie,159.98
2026-04-21,BL-260421-12092,Zomato,Avocado Toast,280.46
2026-04-21,BL-260421-12093,Zomato,Croissant,123.87
2026-04-21,BL-260421-12095,Swiggy,Chocolate Brownie,165.91
2026-04-21,BL-260421-12095,Swiggy,Club Sandwich,328.15
2026-04-21,BL-260421-12096,Swiggy,Cappuccino,184.45
2026-04-21,BL-260421-12098,Swiggy,Latte,206.21
2026-04-21,BL-260421-12098,Swiggy,Blueberry Muffin,140.48
2026-04-21,BL-260421-12098,Swiggy,Chocolate Brownie,164.96
2026-04-21,BL-260421-12100,Swiggy,Chocolate Brownie,164.95
2026-04-21,BL-260421-12101,Zomato,Masala Chai,81.37
2026-04-21,BL-260421-12101,Zomato,Iced Latte,251.74
2026-04-21,BL-260421-12101,Zomato,Avocado Toast,281.87
2026-04-21,BL-260421-12102,Swiggy,Croissant,121.1
2026-04-21,BL-260421-12102,Swiggy,Seasonal Special,350.5
2026-04-21,BL-260421-12103,Zomato,Espresso,151.38
2026-04-21,BL-260421-12103,Zomato,Cold Brew,452.9
2026-04-21,BL-260421-12104,Swiggy,Cold Brew,229.55
2026-04-21,BL-260421-12104,Swiggy,Cold Brew,227.3
2026-04-21,BL-260421-12105,Zomato,Club Sandwich,327.4
2026-04-21,BL-260421-12105,Zomato,Croissant,123.66
2026-04-21,BL-260421-12105,Zomato,Iced Latte,243.82
2026-04-21,BL-260421-12112,Swiggy,Iced Latte,242.63
2026-04-21,BL-260421-12116,Swiggy,Cappuccino,182.74
2026-04-21,BL-260421-12116,Swiggy,Latte,209.05
2026-04-21,BL-260421-12123,Zomato,Cappuccino,180.84
2026-04-21,BL-260421-12129,Zomato,Avocado Toast,286.54
2026-04-21,BL-260421-12137,Swiggy,Masala Chai,83.88
2026-04-21,BL-260421-12137,Swiggy,Espresso,155.53
2026-04-21,BL-260421-12139,Swiggy,Chocolate Brownie,161.07
2026-04-21,BL-260421-12139,Swiggy,Blueberry Muffin,143.68
2026-04-21,BL-260421-12140,Swiggy,Iced Latte,239.97
2026-04-21,BL-260421-12143,Zomato,Club Sandwich,330.35
2026-04-21,BL-260421-12143,Zomato,Latte,206.32
2026-04-21,BL-260421-12143,Zomato,Blueberry Muffin,140.17
2026-04-21,BL-260421-12145,Swiggy,Avocado Toast,586.55
2026-04-21,BL-260421-12146,Zomato,Chocolate Brownie,333.61
2026-04-21,BL-260421-12147,Swiggy,Masala Chai,80.08
2026-04-21,BL-260421-12149,Swiggy,Cold Brew,219.89
2026-04-21,BL-260421-12152,Swiggy,Blueberry Muffin,282.72
2026-04-21,BL-260421-12152,Swiggy,Avocado Toast,282.71
2026-04-21,BL-260421-12154,Zomato,Veg Wrap,264.89
2026-04-21,BL-260421-12154,Zomato,Masala Chai,83.8
2026-04-22,BL-260422-12158,Zomato,Espresso,150.99
2026-04-22,BL-260422-12159,Swiggy,Croissant,244.15
2026-04-22,BL-260422-12159,Swiggy,Croissant,124.67
2026-04-22,BL-260422-12161,Zomato,Cold Brew,456.01
2026-04-22,BL-260422-12161,Zomato,Chocolate Brownie,159.9
2026-04-22,BL-260422-12166,Swiggy,Avocado Toast,293.92
2026-04-22,BL-260422-12166,Swiggy,Cold Brew,444.04
2026-04-22,BL-260422-12168,Swiggy,Chocolate Brownie,333.66
2026-04-22,BL-260422-12170,Swiggy,Veg Wrap,268.15
2026-04-22,BL-260422-12170,Swiggy,Cappuccino,180.89
2026-04-22,BL-260422-12170,Swiggy,Club Sandwich,325.93
2026-04-22,BL-260422-12171,Zomato,Espresso,310.52
2026-04-22,BL-260422-12171,Zomato,Latte,201.63
2026-04-22,BL-260422-12178,Swiggy,Iced Latte,240.86
2026-04-22,BL-260422-12178,Swiggy,Veg Wrap,264.69
2026-04-22,BL-260422-12186,Swiggy,Cold Brew,221.65
2026-04-22,BL-260422-12188,Zomato,Cappuccino,180.48
2026-04-22,BL-260422-12188,Zomato,Masala Chai,80.13
2026-04-22,BL-260422-12190,Zomato,Latte,204.49
2026-04-22,BL-260422-12192,Zomato,Blueberry Muffin,142.3
2026-04-22,BL-260422-12192,Zomato,Espresso,156.13
2026-04-22,BL-260422-12192,Zomato,Cold Brew,461.55
2026-04-22,BL-260422-12193,Zomato,Masala Chai,82.16
2026-04-22,BL-260422-12193,Zomato,Chocolate Brownie,167.87
2026-04-22,BL-260422-12194,Zomato,Masala Chai,82.74
2026-04-22,BL-260422-12194,Zomato,Chocolate Brownie,164.18
2026-04-22,BL-260422-12194,Zomato,Latte,200.93
2026-04-22,BL-260422-12195,Swiggy,Blueberry Muffin,142.13
2026-04-22,BL-260422-12195,Swiggy,Chocolate Brownie,161.51
2026-04-22,BL-260422-12199,Swiggy,Avocado Toast,289.9
2026-04-22,BL-260422-12201,Zomato,Cold Brew,230.65
2026-04-22,BL-260422-12201,Zomato,Avocado Toast,281.22
2026-04-22,BL-260422-12204,Zomato,Iced Latte,248.67
2026-04-22,BL-260422-12204,Zomato,Club Sandwich,656.14
2026-04-22,BL-260422-12208,Swiggy,Blueberry Muffin,140.41
2026-04-22,BL-260422-12208,Swiggy,Seasonal Special,734.64
2026-04-22,BL-260422-12210,Zomato,Masala Chai,81.0
2026-04-22,BL-260422-12214,Zomato,Blueberry Muffin,292.64
2026-04-22,BL-260422-12214,Zomato,Seasonal Special,706.69
2026-04-22,BL-260422-12215,Zomato,Seasonal Special,367.25
2026-04-22,BL-260422-12223,Swiggy,Cappuccino,371.05
2026-04-22,BL-260422-12224,Zomato,Croissant,123.61
2026-04-22,BL-260422-12226,Swiggy,Club Sandwich,660.02
2026-04-22,BL-260422-12227,Zomato,Club Sandwich,328.64
2026-04-22,BL-260422-12227,Zomato,Masala Chai,83.72
2026-04-22,BL-260422-12229,Swiggy,Chocolate Brownie,166.44
2026-04-22,BL-260422-12233,Swiggy,Seasonal Special,356.56
2026-04-22,BL-260422-12235,Zomato,Espresso,154.13
2026-04-22,BL-260422-12236,Zomato,Iced Latte,246.43
2026-04-22,BL-260422-12236,Zomato,Espresso,307.78
2026-04-22,BL-260422-12236,Zomato,Espresso,155.3
2026-04-22,BL-260422-12237,Swiggy,Cold Brew,227.28
2026-04-22,BL-260422-12237,Swiggy,Croissant,121.9
2026-04-22,BL-260422-12237,Swiggy,Espresso,154.41
2026-04-22,BL-260422-12238,Zomato,Seasonal Special,356.44
2026-04-22,BL-260422-12238,Zomato,Blueberry Muffin,144.32
2026-04-22,BL-260422-12238,Zomato,Masala Chai,81.69
2026-04-22,BL-260422-12241,Zomato,Cold Brew,224.69
2026-04-22,BL-260422-12247,Zomato,Seasonal Special,362.82
2026-04-22,BL-260422-12247,Zomato,Avocado Toast,289.13
2026-04-22,BL-260422-12247,Zomato,Avocado Toast,283.08
2026-04-22,BL-260422-12248,Swiggy,Veg Wrap,261.88
2026-04-22,BL-260422-12248,Swiggy,Seasonal Special,364.87
2026-04-22,BL-260422-12250,Zomato,Cappuccino,186.46
2026-04-22,BL-260422-12250,Zomato,Club Sandwich,654.09
2026-04-22,BL-260422-12252,Zomato,Chocolate Brownie,166.76
2026-04-22,BL-260422-12255,Zomato,Iced Latte,249.29
2026-04-22,BL-260422-12255,Zomato,Seasonal Special,360.24
2026-04-22,BL-260422-12256,Swiggy,Iced Latte,244.46
2026-04-22,BL-260422-12256,Swiggy,Espresso,154.79
2026-04-22,BL-260422-12256,Swiggy,Latte,416.57
2026-04-22,BL-260422-12257,Zomato,Seasonal Special,365.26
2026-04-22,BL-260422-12258,Zomato,Avocado Toast,288.3
2026-04-22,BL-260422-12265,Zomato,Veg Wrap,262.96
2026-04-22,BL-260422-12265,Zomato,Blueberry Muffin,140.62
2026-04-22,BL-260422-12266,Zomato,Cappuccino,181.89
2026-04-22,BL-260422-12266,Zomato,Cold Brew,225.28
2026-04-23,BL-260423-12269,Swiggy,Chocolate Brownie,167.7
2026-04-23,BL-260423-12269,Swiggy,Cold Brew,219.99
2026-04-23,BL-260423-12269,Swiggy,Espresso,151.31
2026-04-23,BL-260423-12270,Swiggy,Club Sandwich,326.19
2026-04-23,BL-260423-12270,Swiggy,Cappuccino,184.21
2026-04-23,BL-260423-12271,Swiggy,Avocado Toast,280.42
2026-04-23,BL-260423-12273,Swiggy,Iced Latte,245.32
2026-04-23,BL-260423-12273,Swiggy,Club Sandwich,326.17
2026-04-23,BL-260423-12274,Swiggy,Veg Wrap,262.47
2026-04-23,BL-260423-12274,Swiggy,Iced Latte,248.98
2026-04-23,BL-260423-12275,Zomato,Avocado Toast,290.94
2026-04-23,BL-260423-12275,Zomato,Club Sandwich,321.48
2026-04-23,BL-260423-12279,Swiggy,Veg Wrap,267.87
2026-04-23,BL-260423-12280,Swiggy,Blueberry Muffin,145.9
2026-04-23,BL-260423-12280,Swiggy,Club Sandwich,668.93
2026-04-23,BL-260423-12284,Zomato,Avocado Toast,290.51
2026-04-23,BL-260423-12284,Zomato,Espresso,150.58
2026-04-23,BL-260423-12286,Swiggy,Croissant,244.0
2026-04-23,BL-260423-12286,Swiggy,Chocolate Brownie,161.88
2026-04-23,BL-260423-12288,Zomato,Cold Brew,453.77
2026-04-23,BL-260423-12288,Zomato,Iced Latte,243.06
2026-04-23,BL-260423-12293,Zomato,Iced Latte,246.94
2026-04-23,BL-260423-12294,Zomato,Chocolate Brownie,165.15
2026-04-23,BL-260423-12294,Zomato,Veg Wrap,269.98
2026-04-23,BL-260423-12298,Zomato,Avocado Toast,281.01
2026-04-23,BL-260423-12299,Swiggy,Blueberry Muffin,140.45
2026-04-23,BL-260423-12299,Swiggy,Veg Wrap,270.54
2026-04-23,BL-260423-12300,Swiggy,Avocado Toast,284.89
2026-04-23,BL-260423-12302,Swiggy,Masala Chai,83.52
2026-04-23,BL-260423-12306,Swiggy,Latte,200.1
2026-04-23,BL-260423-12308,Swiggy,Latte,199.98
2026-04-23,BL-260423-12308,Swiggy,Cold Brew,225.73
2026-04-23,BL-260423-12312,Zomato,Avocado Toast,291.06
2026-04-23,BL-260423-12313,Swiggy,Cold Brew,230.77
2026-04-23,BL-260423-12316,Zomato,Seasonal Special,352.23
2026-04-23,BL-260423-12316,Zomato,Iced Latte,239.63
2026-04-23,BL-260423-12317,Swiggy,Latte,400.23
2026-04-23,BL-260423-12317,Swiggy,Cappuccino,187.81
2026-04-23,BL-260423-12323,Zomato,Seasonal Special,354.41
2026-04-23,BL-260423-12325,Zomato,Croissant,120.38
2026-04-23,BL-260423-12325,Zomato,Blueberry Muffin,142.43
2026-04-23,BL-260423-12325,Zomato,Latte,203.46
2026-04-23,BL-260423-12326,Swiggy,Chocolate Brownie,160.76
2026-04-23,BL-260423-12328,Zomato,Avocado Toast,290.27
2026-04-23,BL-260423-12330,Swiggy,Latte,200.74
2026-04-23,BL-260423-12330,Swiggy,Iced Latte,245.23
2026-04-23,BL-260423-12332,Zomato,Club Sandwich,332.79
2026-04-23,BL-260423-12332,Zomato,Chocolate Brownie,163.13
2026-04-23,BL-260423-12334,Swiggy,Latte,206.34
2026-04-23,BL-260423-12334,Swiggy,Cold Brew,219.97
2026-04-23,BL-260423-12334,Swiggy,Chocolate Brownie,163.94
2026-04-23,BL-260423-12336,Zomato,Espresso,149.67
2026-04-23,BL-260423-12336,Zomato,Club Sandwich,323.48
2026-04-23,BL-260423-12336,Zomato,Avocado Toast,282.7
2026-04-23,BL-260423-12337,Swiggy,Cold Brew,222.81
2026-04-23,BL-260423-12337,Swiggy,Latte,209.1
2026-04-23,BL-260423-12339,Swiggy,Blueberry Muffin,281.28
2026-04-23,BL-260423-12339,Swiggy,Veg Wrap,520.06
2026-04-23,BL-260423-12340,Swiggy,Croissant,125.0
2026-04-23,BL-260423-12343,Swiggy,Latte,202.45
2026-04-23,BL-260423-12343,Swiggy,Avocado Toast,280.69
2026-04-23,BL-260423-12343,Swiggy,Cold Brew,220.96
2026-04-23,BL-260423-12345,Swiggy,Club Sandwich,335.4
2026-04-23,BL-260423-12345,Swiggy,Masala Chai,82.13
2026-04-23,BL-260423-12345,Swiggy,Iced Latte,247.38
2026-04-23,BL-260423-12346,Zomato,Latte,205.06
2026-04-23,BL-260423-12349,Swiggy,Veg Wrap,269.17
2026-04-23,BL-260423-12349,Swiggy,Chocolate Brownie,165.72
2026-04-24,BL-260424-12350,Swiggy,Croissant,120.11
2026-04-24,BL-260424-12350,Swiggy,Veg Wrap,520.87
2026-04-24,BL-260424-12353,Swiggy,Chocolate Brownie,167.61
2026-04-24,BL-260424-12355,Swiggy,Cold Brew,229.14
2026-04-24,BL-260424-12357,Swiggy,Iced Latte,247.29
2026-04-24,BL-260424-12357,Swiggy,Iced Latte,241.9
2026-04-24,BL-260424-12358,Zomato,Latte,209.21
2026-04-24,BL-260424-12359,Zomato,Cappuccino,179.61
2026-04-24,BL-260424-12359,Zomato,Cappuccino,183.9
2026-04-24,BL-260424-12359,Zomato,Seasonal Special,363.64
2026-04-24,BL-260424-12360,Zomato,Chocolate Brownie,163.13
2026-04-24,BL-260424-12360,Zomato,Seasonal Special,366.54
2026-04-24,BL-260424-12360,Zomato,Seasonal Special,723.28
2026-04-24,BL-260424-12361,Zomato,Veg Wrap,534.32
2026-04-24,BL-260424-12361,Zomato,Seasonal Special,356.99
2026-04-24,BL-260424-12365,Zomato,Blueberry Muffin,145.11
2026-04-24,BL-260424-12365,Zomato,Chocolate Brownie,161.49
2026-04-24,BL-260424-12372,Zomato,Seasonal Special,352.03
2026-04-24,BL-260424-12372,Zomato,Iced Latte,247.18
2026-04-24,BL-260424-12374,Zomato,Avocado Toast,284.01
2026-04-24,BL-260424-12374,Zomato,Iced Latte,244.93
2026-04-24,BL-260424-12381,Zomato,Croissant,123.24
2026-04-24,BL-260424-12381,Zomato,Chocolate Brownie,161.19
2026-04-24,BL-260424-12382,Zomato,Chocolate Brownie,167.4
2026-04-24,BL-260424-12384,Swiggy,Club Sandwich,324.07
2026-04-24,BL-260424-12384,Swiggy,Seasonal Special,364.19
2026-04-24,BL-260424-12387,Swiggy,Club Sandwich,329.4
2026-04-24,BL-260424-12392,Swiggy,Club Sandwich,327.6
2026-04-24,BL-260424-12393,Swiggy,Seasonal Special,362.2
2026-04-24,BL-260424-12399,Swiggy,Iced Latte,250.37
2026-04-24,BL-260424-12400,Swiggy,Club Sandwich,327.25
2026-04-24,BL-260424-12401,Swiggy,Club Sandwich,331.35
2026-04-24,BL-260424-12401,Swiggy,Espresso,156.84
2026-04-24,BL-260424-12402,Zomato,Cold Brew,229.87
2026-04-24,BL-260424-12402,Zomato,Iced Latte,248.56
2026-04-24,BL-260424-12403,Zomato,Club Sandwich,324.38
2026-04-24,BL-260424-12403,Zomato,Espresso,305.12
2026-04-24,BL-260424-12404,Zomato,Iced Latte,241.93
2026-04-24,BL-260424-12404,Zomato,Iced Latte,250.63
2026-04-24,BL-260424-12405,Zomato,Iced Latte,492.96
2026-04-24,BL-260424-12405,Zomato,Croissant,121.04
2026-04-24,BL-260424-12406,Swiggy,Latte,201.22
2026-04-24,BL-260424-12406,Swiggy,Iced Latte,246.55
2026-04-24,BL-260424-12408,Zomato,Croissant,123.64
2026-04-24,BL-260424-12410,Zomato,Cold Brew,228.51
2026-04-24,BL-260424-12410,Zomato,Cappuccino,181.2
2026-04-24,BL-260424-12412,Zomato,Veg Wrap,533.95
2026-04-24,BL-260424-12412,Zomato,Club Sandwich,332.05
2026-04-24,BL-260424-12414,Zomato,Croissant,123.46
2026-04-24,BL-260424-12414,Zomato,Veg Wrap,267.36
2026-04-24,BL-260424-12416,Swiggy,Espresso,154.46
2026-04-24,BL-260424-12416,Swiggy,Masala Chai,83.72
2026-04-24,BL-260424-12418,Swiggy,Iced Latte,241.83
2026-04-24,BL-260424-12418,Swiggy,Chocolate Brownie,162.45
2026-04-24,BL-260424-12418,Swiggy,Veg Wrap,261.98
2026-04-24,BL-260424-12420,Zomato,Blueberry Muffin,146.99
2026-04-24,BL-260424-12420,Zomato,Cappuccino,360.86
2026-04-24,BL-260424-12421,Zomato,Croissant,119.98
2026-04-24,BL-260424-12421,Zomato,Club Sandwich,329.2
2026-04-24,BL-260424-12421,Zomato,Avocado Toast,563.69
2026-04-24,BL-260424-12421,Zomato,Chocolate Brownie,165.28
2026-04-24,BL-260424-12427,Zomato,Blueberry Muffin,145.19
2026-04-24,BL-260424-12429,Swiggy,Cappuccino,182.52
2026-04-24,BL-260424-12434,Zomato,Avocado Toast,291.12
2026-04-24,BL-260424-12434,Zomato,Blueberry Muffin,143.7
2026-04-24,BL-260424-12439,Swiggy,Latte,203.76
2026-04-24,BL-260424-12439,Swiggy,Iced Latte,250.99
2026-04-25,BL-260425-12441,Swiggy,Espresso,307.3
2026-04-25,BL-260425-12442,Swiggy,Masala Chai,82.54
2026-04-25,BL-260425-12442,Swiggy,Latte,208.48
2026-04-25,BL-260425-12443,Swiggy,Cappuccino,188.22
2026-04-25,BL-260425-12444,Swiggy,Croissant,123.84
2026-04-25,BL-260425-12445,Swiggy,Iced Latte,241.06
2026-04-25,BL-260425-12446,Zomato,Latte,204.48
2026-04-25,BL-260425-12446,Zomato,Veg Wrap,261.83
2026-04-25,BL-260425-12447,Zomato,Iced Latte,493.17
2026-04-25,BL-260425-12447,Zomato,Veg Wrap,262.41
2026-04-25,BL-260425-12448,Swiggy,Cappuccino,187.22
2026-04-25,BL-260425-12448,Swiggy,Cold Brew,460.09
2026-04-25,BL-260425-12448,Swiggy,Avocado Toast,283.86
2026-04-25,BL-260425-12449-R,Swiggy,Seasonal Special,366.05
2026-04-25,BL-260425-12450,Zomato,Cold Brew,228.92
2026-04-25,BL-260425-12450,Zomato,Avocado Toast,285.31
2026-04-25,BL-260425-12450,Zomato,Croissant,124.22
2026-04-25,BL-260425-12456,Swiggy,Blueberry Muffin,141.79
2026-04-25,BL-260425-12456,Swiggy,Club Sandwich,333.11
2026-04-25,BL-260425-12459,Swiggy,Latte,203.82
2026-04-25,BL-260425-12459,Swiggy,Espresso,150.19
2026-04-25,BL-260425-12461,Swiggy,Seasonal Special,354.23
2026-04-25,BL-260425-12464,Swiggy,Iced Latte,249.63
2026-04-25,BL-260425-12465,Zomato,Iced Latte,501.41
2026-04-25,BL-260425-12465,Zomato,Club Sandwich,320.28
2026-04-25,BL-260425-12467,Swiggy,Croissant,119.73
2026-04-25,BL-260425-12468,Zomato,Blueberry Muffin,144.61
2026-04-25,BL-260425-12468,Zomato,Espresso,156.22
2026-04-25,BL-260425-12470,Zomato,Veg Wrap,261.66
2026-04-25,BL-260425-12470,Zomato,Cappuccino,181.4
2026-04-25,BL-260425-12470,Zomato,Chocolate Brownie,160.43
2026-04-25,BL-260425-12474,Swiggy,Chocolate Brownie,334.45
2026-04-25,BL-260425-12474,Swiggy,Iced Latte,239.43
2026-04-25,BL-260425-12474,Swiggy,Espresso,153.16
2026-04-25,BL-260425-12475,Zomato,Avocado Toast,287.22
2026-04-25,BL-260425-12478,Swiggy,Cappuccino,181.17
2026-04-25,BL-260425-12478,Swiggy,Cappuccino,184.11
2026-04-25,BL-260425-12478,Swiggy,Masala Chai,82.81
2026-04-25,BL-260425-12479,Zomato,Club Sandwich,333.25
2026-04-25,BL-260425-12479,Zomato,Latte,201.77
2026-04-25,BL-260425-12479,Zomato,Seasonal Special,364.48
2026-04-25,BL-260425-12485,Zomato,Avocado Toast,287.32
2026-04-25,BL-260425-12485,Zomato,Veg Wrap,539.78
2026-04-25,BL-260425-12485,Zomato,Croissant,249.83
2026-04-25,BL-260425-12486,Zomato,Chocolate Brownie,165.71
2026-04-25,BL-260425-12486,Zomato,Latte,405.89
2026-04-25,BL-260425-12487,Zomato,Cappuccino,187.03
2026-04-25,BL-260425-12492,Swiggy,Croissant,121.78
2026-04-25,BL-260425-12492,Swiggy,Veg Wrap,268.56
2026-04-25,BL-260425-12497,Swiggy,Veg Wrap,262.39
2026-04-25,BL-260425-12497,Swiggy,Masala Chai,79.83
2026-04-25,BL-260425-12498,Swiggy,Masala Chai,82.5
2026-04-25,BL-260425-12499,Swiggy,Iced Latte,239.45
2026-04-25,BL-260425-12499,Swiggy,Croissant,123.81
2026-04-25,BL-260425-12500,Swiggy,Croissant,124.85
2026-04-25,BL-260425-12502,Zomato,Club Sandwich,334.17
2026-04-25,BL-260425-12504,Zomato,Croissant,125.47
2026-04-25,BL-260425-12504,Zomato,Avocado Toast,284.41
2026-04-25,BL-260425-12504,Zomato,Veg Wrap,270.26
2026-04-25,BL-260425-12506,Zomato,Croissant,122.9
2026-04-25,BL-260425-12506,Zomato,Avocado Toast,279.98
2026-04-25,BL-260425-12509,Swiggy,Chocolate Brownie,160.88
2026-04-25,BL-260425-12512,Zomato,Chocolate Brownie,163.78
2026-04-25,BL-260425-12515,Zomato,Seasonal Special,354.76
2026-04-25,BL-260425-12515,Zomato,Latte,408.21
2026-04-25,BL-260425-12515,Zomato,Croissant,246.36
2026-04-25,BL-260425-12515,Zomato,Croissant,120.21
2026-04-25,BL-260425-12519,Zomato,Veg Wrap,272.19
2026-04-25,BL-260425-12519,Zomato,Cappuccino,183.63
2026-04-25,BL-260425-12528,Swiggy,Croissant,246.29
2026-04-25,BL-260425-12528,Swiggy,Veg Wrap,272.89
2026-04-25,BL-260425-12535,Zomato,Avocado Toast,282.27
2026-04-25,BL-260425-12535,Zomato,Seasonal Special,362.39
2026-04-25,BL-260425-12539,Zomato,Club Sandwich,320.25
2026-04-25,BL-260425-12540,Swiggy,Seasonal Special,357.89
2026-04-25,BL-260425-12541,Zomato,Espresso,150.65
2026-04-25,BL-260425-12541,Zomato,Iced Latte,248.29
2026-04-25,BL-260425-12541,Zomato,Avocado Toast,587.75
2026-04-25,BL-260425-12542,Swiggy,Espresso,314.19
2026-04-25,BL-260425-12542,Swiggy,Cold Brew,225.44
2026-04-25,BL-260425-12544,Swiggy,Latte,203.63
2026-04-25,BL-260425-12545,Zomato,Avocado Toast,293.71
2026-04-25,BL-260425-12545,Zomato,Blueberry Muffin,141.14
2026-04-25,BL-260425-12546,Swiggy,Avocado Toast,293.79
2026-04-25,BL-260425-12546,Swiggy,Cappuccino,182.11
2026-04-25,BL-260425-12546,Swiggy,Iced Latte,241.92
2026-04-25,BL-260425-12548,Zomato,Seasonal Special,724.25
2026-04-25,BL-260425-12548,Zomato,Espresso,156.72
2026-04-25,BL-260425-12551,Swiggy,Club Sandwich,334.7
2026-04-25,BL-260425-12551,Swiggy,Croissant,120.22
2026-04-25,BL-260425-12553,Zomato,Chocolate Brownie,163.04
2026-04-25,BL-260425-12553,Zomato,Espresso,151.86
2026-04-25,BL-260425-12554,Zomato,Chocolate Brownie,160.94
2026-04-25,BL-260425-12556,Swiggy,Veg Wrap,262.36
2026-04-25,BL-260425-12559,Zomato,Blueberry Muffin,143.89
2026-04-25,BL-260425-12559,Zomato,Masala Chai,82.58
2026-04-25,BL-260425-12559,Zomato,Cold Brew,220.62
2026-04-25,BL-260425-12560,Swiggy,Avocado Toast,281.46
2026-04-25,BL-260425-12560,Swiggy,Veg Wrap,269.61
2026-04-25,BL-260425-12563,Zomato,Latte,414.66
2026-04-25,BL-260425-12563,Zomato,Seasonal Special,359.88
2026-04-25,BL-260425-12564,Swiggy,Veg Wrap,259.6
2026-04-25,BL-260425-12564,Swiggy,Latte,417.77
2026-04-25,BL-260425-12573,Zomato,Croissant,121.36
2026-04-25,BL-260425-12573,Zomato,Club Sandwich,319.66
2026-04-25,BL-260425-12574,Zomato,Masala Chai,80.9
2026-04-25,BL-260425-12574,Zomato,Masala Chai,80.0
2026-04-25,BL-260425-12576,Zomato,Veg Wrap,268.99
2026-04-26,BL-260426-12580,Swiggy,Avocado Toast,284.71
2026-04-26,BL-260426-12587,Zomato,Cold Brew,220.84
2026-04-26,BL-260426-12594,Swiggy,Masala Chai,81.81
2026-04-26,BL-260426-12595,Swiggy,Chocolate Brownie,162.67
2026-04-26,BL-260426-12595,Swiggy,Avocado Toast,279.33
2026-04-26,BL-260426-12595,Swiggy,Seasonal Special,365.03
2026-04-26,BL-260426-12601,Zomato,Cold Brew,222.57
2026-04-26,BL-260426-12601,Zomato,Seasonal Special,707.41
2026-04-26,BL-260426-12601,Zomato,Chocolate Brownie,162.31
2026-04-26,BL-260426-12603,Zomato,Seasonal Special,355.27
2026-04-26,BL-260426-12603,Zomato,Latte,412.21
2026-04-26,BL-260426-12607,Zomato,Cold Brew,221.05
2026-04-26,BL-260426-12608,Swiggy,Iced Latte,250.78
2026-04-26,BL-260426-12609,Zomato,Masala Chai,80.64
2026-04-26,BL-260426-12609,Zomato,Cappuccino,184.23
2026-04-26,BL-260426-12609,Zomato,Club Sandwich,333.36
2026-04-26,BL-260426-12617,Swiggy,Croissant,124.56
2026-04-26,BL-260426-12620,Swiggy,Cold Brew,226.44
2026-04-26,BL-260426-12620,Swiggy,Iced Latte,243.18
2026-04-26,BL-260426-12620,Swiggy,Blueberry Muffin,145.46
2026-04-26,BL-260426-12620,Swiggy,Masala Chai,81.88
2026-04-26,BL-260426-12623,Swiggy,Chocolate Brownie,167.97
2026-04-26,BL-260426-12624,Zomato,Masala Chai,82.18
2026-04-26,BL-260426-12624,Zomato,Latte,200.17
2026-04-26,BL-260426-12627,Zomato,Masala Chai,81.81
2026-04-26,BL-260426-12627,Zomato,Veg Wrap,265.68
2026-04-26,BL-260426-12629,Zomato,Avocado Toast,280.4
2026-04-26,BL-260426-12629,Zomato,Blueberry Muffin,145.76
2026-04-26,BL-260426-12631,Zomato,Club Sandwich,326.61
2026-04-26,BL-260426-12631,Zomato,Avocado Toast,292.96
2026-04-26,BL-260426-12632,Zomato,Club Sandwich,323.09
2026-04-26,BL-260426-12632,Zomato,Iced Latte,246.06
2026-04-26,BL-260426-12643,Zomato,Cappuccino,182.67
2026-04-26,BL-260426-12643,Zomato,Cappuccino,365.43
2026-04-26,BL-260426-12646,Swiggy,Masala Chai,82.74
2026-04-26,BL-260426-12646,Swiggy,Club Sandwich,644.92
2026-04-26,BL-260426-12646,Swiggy,Veg Wrap,261.79
2026-04-26,BL-260426-12648,Swiggy,Latte,207.1
2026-04-26,BL-260426-12650,Zomato,Chocolate Brownie,167.67
2026-04-26,BL-260426-12655,Zomato,Espresso,153.63
2026-04-26,BL-260426-12655,Zomato,Iced Latte,251.96
2026-04-26,BL-260426-12656,Zomato,Cappuccino,183.85
2026-04-26,BL-260426-12658,Swiggy,Seasonal Special,355.8
2026-04-26,BL-260426-12660,Zomato,Iced Latte,249.38
2026-04-26,BL-260426-12665,Zomato,Espresso,314.36
2026-04-26,BL-260426-12665,Zomato,Croissant,121.83
2026-04-26,BL-260426-12667,Zomato,Club Sandwich,332.48
2026-04-26,BL-260426-12667,Zomato,Blueberry Muffin,142.73
2026-04-26,BL-260426-12674,Zomato,Seasonal Special,362.67
2026-04-26,BL-260426-12679,Zomato,Veg Wrap,265.59
2026-04-26,BL-260426-12681,Zomato,Croissant,120.37
2026-04-26,BL-260426-12682,Swiggy,Latte,402.55
2026-04-26,BL-260426-12682,Swiggy,Croissant,120.38
2026-04-26,BL-260426-12684,Zomato,Veg Wrap,266.3
2026-04-26,BL-260426-12689,Zomato,Blueberry Muffin,141.23
2026-04-26,BL-260426-12689,Zomato,Cappuccino,187.7
2026-04-26,BL-260426-12691,Zomato,Chocolate Brownie,162.44
2026-04-26,BL-260426-12693,Swiggy,Veg Wrap,271.97
2026-04-26,BL-260426-12693,Swiggy,Iced Latte,243.68
2026-04-26,BL-260426-12696,Zomato,Cold Brew,227.56
2026-04-26,BL-260426-12697,Swiggy,Avocado Toast,280.2
2026-04-26,BL-260426-12697,Swiggy,Latte,207.7
2026-04-26,BL-260426-12697,Swiggy,Club Sandwich,329.04
2026-04-27,BL-260427-12700,Zomato,Cappuccino,377.19
2026-04-27,BL-260427-12700,Zomato,Espresso,151.93
2026-04-27,BL-260427-12701,Swiggy,Masala Chai,82.1
2026-04-27,BL-260427-12705,Swiggy,Blueberry Muffin,291.77
2026-04-27,BL-260427-12705,Swiggy,Blueberry Muffin,146.43
2026-04-27,BL-260427-12706,Zomato,Croissant,121.36
2026-04-27,BL-260427-12706,Zomato,Chocolate Brownie,165.31
2026-04-27,BL-260427-12707,Zomato,Latte,199.75
2026-04-27,BL-260427-12710,Zomato,Masala Chai,83.82
2026-04-27,BL-260427-12711,Zomato,Iced Latte,249.89
2026-04-27,BL-260427-12711,Zomato,Veg Wrap,544.7
2026-04-27,BL-260427-12711,Zomato,Club Sandwich,330.27
2026-04-27,BL-260427-12718,Zomato,Chocolate Brownie,327.01
2026-04-27,BL-260427-12718,Zomato,Blueberry Muffin,145.5
2026-04-27,BL-260427-12724,Zomato,Latte,418.36
2026-04-27,BL-260427-12727,Swiggy,Blueberry Muffin,145.44
2026-04-27,BL-260427-12728,Zomato,Croissant,121.92
2026-04-27,BL-260427-12728,Zomato,Chocolate Brownie,164.21
2026-04-27,BL-260427-12731,Swiggy,Chocolate Brownie,161.03
2026-04-27,BL-260427-12731,Swiggy,Avocado Toast,285.14
2026-04-27,BL-260427-12732,Swiggy,Espresso,151.52
2026-04-27,BL-260427-12732,Swiggy,Avocado Toast,281.21
2026-04-27,BL-260427-12733,Zomato,Croissant,123.42
2026-04-27,BL-260427-12733,Zomato,Latte,411.68
2026-04-27,BL-260427-12737,Zomato,Latte,209.07
2026-04-27,BL-260427-12737,Zomato,Cappuccino,180.27
2026-04-27,BL-260427-12740,Zomato,Iced Latte,241.06
2026-04-27,BL-260427-12740,Zomato,Croissant,119.91
2026-04-27,BL-260427-12741,Swiggy,Chocolate Brownie,328.45
2026-04-27,BL-260427-12741,Swiggy,Club Sandwich,327.01
2026-04-27,BL-260427-12742,Swiggy,Blueberry Muffin,146.15
2026-04-27,BL-260427-12743,Zomato,Chocolate Brownie,161.75
2026-04-27,BL-260427-12744,Zomato,Avocado Toast,280.92
2026-04-27,BL-260427-12744,Zomato,Iced Latte,246.17
2026-04-27,BL-260427-12750,Zomato,Avocado Toast,283.83
2026-04-27,BL-260427-12750,Zomato,Croissant,122.52
2026-04-27,BL-260427-12750,Zomato,Cappuccino,359.6
2026-04-27,BL-260427-12752,Swiggy,Veg Wrap,267.97
2026-04-27,BL-260427-12752,Swiggy,Veg Wrap,521.78
2026-04-27,BL-260427-12754,Zomato,Seasonal Special,362.27
2026-04-27,BL-260427-12755,Zomato,Espresso,154.2
2026-04-27,BL-260427-12755,Zomato,Latte,208.3
2026-04-27,BL-260427-12764,Swiggy,Chocolate Brownie,164.99
2026-04-27,BL-260427-12764,Swiggy,Avocado Toast,279.76
2026-04-27,BL-260427-12764,Swiggy,Iced Latte,246.79
2026-04-27,BL-260427-12767,Zomato,Veg Wrap,265.53
2026-04-27,BL-260427-12767,Zomato,Seasonal Special,353.51
2026-04-27,BL-260427-12768,Zomato,Veg Wrap,264.9
2026-04-27,BL-260427-12771,Swiggy,Avocado Toast,289.07
2026-04-27,BL-260427-12772,Swiggy,Iced Latte,244.04
2026-04-27,BL-260427-12772,Swiggy,Cold Brew,219.64
2026-04-27,BL-260427-12773,Zomato,Iced Latte,240.87
2026-04-27,BL-260427-12773,Zomato,Seasonal Special,706.93
2026-04-27,BL-260427-12773,Zomato,Cold Brew,224.83
2026-04-27,BL-260427-12779,Swiggy,Chocolate Brownie,161.43
2026-04-27,BL-260427-12779,Swiggy,Veg Wrap,528.54
2026-04-27,BL-260427-12788,Zomato,Latte,204.17
2026-04-27,BL-260427-12788,Zomato,Veg Wrap,271.16
2026-04-27,BL-260427-12789,Zomato,Veg Wrap,261.21
2026-04-27,BL-260427-12789,Zomato,Veg Wrap,259.97
2026-04-27,BL-260427-12791,Swiggy,Avocado Toast,583.64
2026-04-27,BL-260427-12791,Swiggy,Seasonal Special,351.09
2026-04-27,BL-260427-12793,Zomato,Espresso,312.34
2026-04-27,BL-260427-12793,Zomato,Seasonal Special,362.61
2026-04-28,BL-260428-12796,Zomato,Club Sandwich,667.14
2026-04-28,BL-260428-12796,Zomato,Club Sandwich,331.07
2026-04-28,BL-260428-12799,Zomato,Club Sandwich,329.67
2026-04-28,BL-260428-12799,Zomato,Blueberry Muffin,139.67
2026-04-28,BL-260428-12802,Zomato,Iced Latte,240.86
2026-04-28,BL-260428-12802,Zomato,Chocolate Brownie,161.65
2026-04-28,BL-260428-12802,Zomato,Avocado Toast,283.23
2026-04-28,BL-260428-12804,Zomato,Club Sandwich,335.63
2026-04-28,BL-260428-12805,Swiggy,Iced Latte,503.21
2026-04-28,BL-260428-12808,Swiggy,Seasonal Special,699.8
2026-04-28,BL-260428-12808,Swiggy,Masala Chai,163.3
2026-04-28,BL-260428-12809,Zomato,Club Sandwich,666.14
2026-04-28,BL-260428-12809,Zomato,Latte,415.24
2026-04-28,BL-260428-12809,Zomato,Veg Wrap,533.71
2026-04-28,BL-260428-12810,Swiggy,Masala Chai,81.54
2026-04-28,BL-260428-12810,Swiggy,Espresso,151.54
2026-04-28,BL-260428-12811,Zomato,Seasonal Special,350.16
2026-04-28,BL-260428-12813,Zomato,Iced Latte,244.81
2026-04-28,BL-260428-12816,Zomato,Veg Wrap,269.18
2026-04-28,BL-260428-12821,Swiggy,Blueberry Muffin,143.13
2026-04-28,BL-260428-12825,Zomato,Croissant,121.44
2026-04-28,BL-260428-12828,Swiggy,Masala Chai,83.74
2026-04-28,BL-260428-12833,Swiggy,Masala Chai,83.74
2026-04-28,BL-260428-12833,Swiggy,Espresso,154.49
2026-04-28,BL-260428-12834,Zomato,Blueberry Muffin,145.08
2026-04-28,BL-260428-12838,Swiggy,Avocado Toast,283.58
2026-04-28,BL-260428-12838,Swiggy,Cold Brew,227.48
2026-04-28,BL-260428-12843,Zomato,Masala Chai,83.35
2026-04-28,BL-260428-12844,Zomato,Club Sandwich,331.48
2026-04-28,BL-260428-12844,Zomato,Blueberry Muffin,141.03
2026-04-28,BL-260428-12845,Swiggy,Avocado Toast,287.44
2026-04-28,BL-260428-12849,Swiggy,Iced Latte,245.13
2026-04-28,BL-260428-12851-R,Swiggy,Masala Chai,81.65
2026-04-28,BL-260428-12851-R,Swiggy,Cappuccino,184.88
2026-04-28,BL-260428-12852,Zomato,Latte,203.12
2026-04-28,BL-260428-12854,Swiggy,Veg Wrap,265.52
2026-04-28,BL-260428-12854,Swiggy,Espresso,150.55
2026-04-28,BL-260428-12854,Swiggy,Cappuccino,182.56
2026-04-28,BL-260428-12856,Swiggy,Iced Latte,242.95
2026-04-28,BL-260428-12856,Swiggy,Latte,199.81
2026-04-28,BL-260428-12857,Swiggy,Croissant,250.41
2026-04-28,BL-260428-12869,Swiggy,Latte,206.2
2026-04-28,BL-260428-12869,Swiggy,Espresso,153.96
2026-04-28,BL-260428-12870,Zomato,Chocolate Brownie,333.79
2026-04-28,BL-260428-12872,Zomato,Masala Chai,83.31
2026-04-28,BL-260428-12872,Zomato,Avocado Toast,566.28
2026-04-28,BL-260428-12874,Zomato,Espresso,301.2
2026-04-28,BL-260428-12875-R,Swiggy,Latte,203.36
2026-04-28,BL-260428-12875-R,Swiggy,Croissant,247.67
2026-04-28,BL-260428-12875-R,Swiggy,Blueberry Muffin,143.79
2026-04-28,BL-260428-12875-R,Swiggy,Cappuccino,184.4
2026-04-28,BL-260428-12876,Zomato,Blueberry Muffin,287.69
2026-04-28,BL-260428-12876,Zomato,Latte,203.56
2026-04-28,BL-260428-12876,Zomato,Chocolate Brownie,161.21
2026-04-28,BL-260428-12880,Zomato,Blueberry Muffin,146.93
2026-04-28,BL-260428-12880,Zomato,Iced Latte,243.25
2026-04-28,BL-260428-12881,Zomato,Seasonal Special,357.41
2026-04-28,BL-260428-12881,Zomato,Veg Wrap,266.25
2026-04-28,BL-260428-12881,Zomato,Blueberry Muffin,144.94
2026-04-28,BL-260428-12888,Zomato,Club Sandwich,321.55
2026-04-28,BL-260428-12888,Zomato,Veg Wrap,263.81
2026-04-28,BL-260428-12891,Zomato,Espresso,153.97
2026-04-28,BL-260428-12891,Zomato,Veg Wrap,266.8
2026-04-29,BL-260429-12893,Zomato,Iced Latte,244.61
2026-04-29,BL-260429-12893,Zomato,Iced Latte,246.62
2026-04-29,BL-260429-12894,Swiggy,Latte,201.3
2026-04-29,BL-260429-12894,Swiggy,Masala Chai,83.25
2026-04-29,BL-260429-12896,Zomato,Veg Wrap,535.47
2026-04-29,BL-260429-12896,Zomato,Blueberry Muffin,143.87
2026-04-29,BL-260429-12897,Zomato,Latte,202.96
2026-04-29,BL-260429-12897,Zomato,Chocolate Brownie,162.51
2026-04-29,BL-260429-12900,Zomato,Seasonal Special,367.45
2026-04-29,BL-260429-12905,Swiggy,Latte,205.71
2026-04-29,BL-260429-12905,Swiggy,Cappuccino,185.04
2026-04-29,BL-260429-12906,Zomato,Latte,199.7
2026-04-29,BL-260429-12907,Swiggy,Cold Brew,230.6
2026-04-29,BL-260429-12907,Swiggy,Croissant,122.07
2026-04-29,BL-260429-12907,Swiggy,Masala Chai,80.87
2026-04-29,BL-260429-12910,Zomato,Espresso,155.55
2026-04-29,BL-260429-12913,Swiggy,Club Sandwich,327.57
2026-04-29,BL-260429-12915,Swiggy,Seasonal Special,365.97
2026-04-29,BL-260429-12915,Swiggy,Espresso,154.86
2026-04-29,BL-260429-12915,Swiggy,Avocado Toast,568.68
2026-04-29,BL-260429-12917,Zomato,Chocolate Brownie,161.05
2026-04-29,BL-260429-12919,Zomato,Cappuccino,179.69
2026-04-29,BL-260429-12920,Swiggy,Veg Wrap,269.85
2026-04-29,BL-260429-12921,Swiggy,Masala Chai,83.17
2026-04-29,BL-260429-12921,Swiggy,Croissant,122.11
2026-04-29,BL-260429-12922,Zomato,Cold Brew,224.51
2026-04-29,BL-260429-12923,Zomato,Cold Brew,224.96
2026-04-29,BL-260429-12923,Zomato,Croissant,121.94
2026-04-29,BL-260429-12924,Swiggy,Cappuccino,188.44
2026-04-29,BL-260429-12927,Swiggy,Chocolate Brownie,325.23
2026-04-29,BL-260429-12928-R,Zomato,Blueberry Muffin,143.69
2026-04-29,BL-260429-12928-R,Zomato,Chocolate Brownie,167.09
2026-04-29,BL-260429-12928-R,Zomato,Seasonal Special,356.16
2026-04-29,BL-260429-12932,Zomato,Blueberry Muffin,144.18
2026-04-29,BL-260429-12932,Zomato,Veg Wrap,265.83
2026-04-29,BL-260429-12933,Zomato,Club Sandwich,329.17
2026-04-29,BL-260429-12933,Zomato,Veg Wrap,261.66
2026-04-29,BL-260429-12933,Zomato,Croissant,121.18
2026-04-29,BL-260429-12942,Zomato,Blueberry Muffin,143.02
2026-04-29,BL-260429-12944,Zomato,Club Sandwich,322.52
2026-04-29,BL-260429-12944,Zomato,Iced Latte,246.03
2026-04-29,BL-260429-12946,Swiggy,Chocolate Brownie,165.46
2026-04-29,BL-260429-12951,Swiggy,Cappuccino,182.79
2026-04-29,BL-260429-12952,Swiggy,Croissant,122.77
2026-04-29,BL-260429-12958,Swiggy,Croissant,125.04
2026-04-29,BL-260429-12958,Swiggy,Cappuccino,179.76
2026-04-29,BL-260429-12959,Zomato,Latte,401.95
2026-04-29,BL-260429-12959,Zomato,Avocado Toast,288.71
2026-04-29,BL-260429-12960,Swiggy,Veg Wrap,271.55
2026-04-29,BL-260429-12960,Swiggy,Seasonal Special,354.11
2026-04-29,BL-260429-12960,Swiggy,Veg Wrap,268.1
2026-04-29,BL-260429-12961,Swiggy,Iced Latte,483.93
2026-04-29,BL-260429-12961,Swiggy,Blueberry Muffin,142.39
2026-04-29,BL-260429-12961,Swiggy,Veg Wrap,259.84
2026-04-29,BL-260429-12961,Swiggy,Club Sandwich,327.83
2026-04-29,BL-260429-12962,Swiggy,Cappuccino,186.99
2026-04-29,BL-260429-12965,Swiggy,Croissant,124.42
2026-04-29,BL-260429-12965,Swiggy,Cold Brew,220.87
2026-04-29,BL-260429-12966,Swiggy,Seasonal Special,361.72
2026-04-29,BL-260429-12967,Swiggy,Avocado Toast,571.27
2026-04-29,BL-260429-12967,Swiggy,Cappuccino,183.02
2026-04-29,BL-260429-12973,Swiggy,Iced Latte,246.88
2026-04-29,BL-260429-12973,Swiggy,Veg Wrap,270.41
2026-04-29,BL-260429-12973,Swiggy,Club Sandwich,639.76
2026-04-29,BL-260429-12980,Swiggy,Latte,201.57
2026-04-29,BL-260429-12983,Swiggy,Latte,205.16
2026-04-29,BL-260429-12983,Swiggy,Avocado Toast,289.41
2026-04-29,BL-260429-12984,Zomato,Cold Brew,224.2
2026-04-29,BL-260429-12984,Zomato,Club Sandwich,325.74
2026-04-30,BL-260430-12986,Swiggy,Chocolate Brownie,162.47
2026-04-30,BL-260430-12989,Zomato,Blueberry Muffin,140.72
2026-04-30,BL-260430-12990,Zomato,Espresso,151.59
2026-04-30,BL-260430-12990,Zomato,Cappuccino,188.21
2026-04-30,BL-260430-12990,Zomato,Iced Latte,245.71
2026-04-30,BL-260430-12995,Swiggy,Blueberry Muffin,140.53
2026-04-30,BL-260430-12997,Zomato,Veg Wrap,259.87
2026-04-30,BL-260430-12997,Zomato,Cappuccino,183.99
2026-04-30,BL-260430-12998,Swiggy,Cappuccino,187.47
2026-04-30,BL-260430-12998,Swiggy,Iced Latte,242.6
2026-04-30,BL-260430-13000,Swiggy,Masala Chai,83.19
2026-04-30,BL-260430-13000,Swiggy,Chocolate Brownie,161.94
2026-04-30,BL-260430-13000,Swiggy,Club Sandwich,323.97
2026-04-30,BL-260430-13002,Zomato,Chocolate Brownie,166.74
2026-04-30,BL-260430-13004,Zomato,Cappuccino,186.28
2026-04-30,BL-260430-13005,Zomato,Club Sandwich,650.54
2026-04-30,BL-260430-13006,Zomato,Masala Chai,82.11
2026-04-30,BL-260430-13006,Zomato,Masala Chai,83.65
2026-04-30,BL-260430-13008,Swiggy,Club Sandwich,329.74
2026-04-30,BL-260430-13009,Zomato,Veg Wrap,272.59
2026-04-30,BL-260430-13009,Zomato,Espresso,151.36
2026-04-30,BL-260430-13016,Swiggy,Croissant,120.76
2026-04-30,BL-260430-13016,Swiggy,Club Sandwich,327.15
2026-04-30,BL-260430-13022,Swiggy,Club Sandwich,329.82
2026-04-30,BL-260430-13022,Swiggy,Club Sandwich,321.55
2026-04-30,BL-260430-13022,Swiggy,Cold Brew,223.11
2026-04-30,BL-260430-13024-R,Zomato,Croissant,123.36
2026-04-30,BL-260430-13024-R,Zomato,Latte,201.96
2026-04-30,BL-260430-13025,Zomato,Seasonal Special,365.94
2026-04-30,BL-260430-13025,Zomato,Veg Wrap,266.12
2026-04-30,BL-260430-13026,Swiggy,Veg Wrap,261.16
2026-04-30,BL-260430-13031,Zomato,Latte,205.39
2026-04-30,BL-260430-13033,Swiggy,Cold Brew,226.28
2026-04-30,BL-260430-13033,Swiggy,Avocado Toast,281.79
2026-04-30,BL-260430-13034,Swiggy,Croissant,124.93
2026-04-30,BL-260430-13038,Zomato,Avocado Toast,285.64
2026-04-30,BL-260430-13038,Zomato,Club Sandwich,333.04
2026-04-30,BL-260430-13038,Zomato,Croissant,125.35
2026-04-30,BL-260430-13039,Zomato,Seasonal Special,358.72
2026-04-30,BL-260430-13042,Zomato,Seasonal Special,364.23
2026-04-30,BL-260430-13044,Swiggy,Iced Latte,248.18
2026-04-30,BL-260430-13044,Swiggy,Masala Chai,82.12
2026-04-30,BL-260430-13047,Swiggy,Cappuccino,185.65
2026-04-30,BL-260430-13049,Swiggy,Espresso,299.33
2026-04-30,BL-260430-13052,Zomato,Croissant,121.29
2026-04-30,BL-260430-13052,Zomato,Croissant,122.44
2026-04-30,BL-260430-13052,Zomato,Iced Latte,247.62
2026-04-30,BL-260430-13053,Zomato,Cold Brew,224.02
2026-04-30,BL-260430-13053,Zomato,Espresso,156.82
2026-04-30,BL-260430-13058,Swiggy,Latte,204.24
2026-04-30,BL-260430-13063,Zomato,Latte,204.03
2026-04-30,BL-260430-13065,Zomato,Iced Latte,248.09
2026-04-30,BL-260430-13065,Zomato,Cappuccino,187.55
2026-04-30,BL-260430-13067,Swiggy,Cappuccino,185.98
2026-04-30,BL-260430-13074,Swiggy,Cappuccino,183.49
2026-04-30,BL-260430-13074,Swiggy,Avocado Toast,283.18
2026-04-30,BL-260430-13075,Swiggy,Masala Chai,81.53
2026-04-30,BL-260430-13075,Swiggy,Cold Brew,219.69
2026-04-30,BL-260430-13076,Zomato,Veg Wrap,267.17
2026-04-30,BL-260430-13076,Zomato,Seasonal Special,349.7
2026-04-30,BL-260430-13078,Swiggy,Latte,209.31
2026-04-30,BL-260430-13081,Swiggy,Masala Chai,162.38
2026-04-30,BL-260430-13081,Swiggy,Cappuccino,185.35
2026-04-30,BL-260430-13083,Swiggy,Cappuccino,181.45
2026-04-30,BL-260430-13083,Swiggy,Latte,202.73
2026-04-30,BL-260430-13084,Zomato,Veg Wrap,272.14
2026-04-30,BL-260430-13084,Zomato,Seasonal Special,363.02
2026-04-30,BL-260430-13084,Zomato,Cappuccino,184.85
2026-04-30,BL-260430-13088,Swiggy,Veg Wrap,259.75
2026-04-30,BL-260430-13089,Swiggy,Avocado Toast,285.65
2026-04-30,BL-260430-13093,Swiggy,Veg Wrap,266.92
2026-04-30,BL-260430-13094,Swiggy,Iced Latte,246.71
2026-04-30,BL-260430-13094,Swiggy,Espresso,307.03
2026-04-30,BL-260430-13094,Swiggy,Seasonal Special,707.65
2026-04-30,BL-260430-13096,Swiggy,Masala Chai,83.8
2026-04-30,BL-260430-13096,Swiggy,Seasonal Special,350.07
2026-04-30,BL-260430-13100,Swiggy,Croissant,121.23
2026-05-01,BL-260501-13101,Zomato,Croissant,119.71
2026-05-01,BL-260501-13105,Zomato,Cold Brew,220.07
2026-05-01,BL-260501-13105,Zomato,Iced Latte,242.33
2026-05-01,BL-260501-13106,Swiggy,Espresso,153.67
2026-05-01,BL-260501-13107,Zomato,Latte,206.41
2026-05-01,BL-260501-13107,Zomato,Latte,204.78
2026-05-01,BL-260501-13108,Swiggy,Veg Wrap,264.29
2026-05-01,BL-260501-13109,Zomato,Cappuccino,373.0
2026-05-01,BL-260501-13112,Zomato,Cold Brew,219.89
2026-05-01,BL-260501-13113,Zomato,Avocado Toast,281.98
2026-05-01,BL-260501-13117,Swiggy,Masala Chai,81.59
2026-05-01,BL-260501-13117,Swiggy,Avocado Toast,286.22
2026-05-01,BL-260501-13129-R,Swiggy,Avocado Toast,293.4
2026-05-01,BL-260501-13129-R,Swiggy,Cappuccino,185.17
2026-05-01,BL-260501-13129-R,Swiggy,Latte,204.75
2026-05-01,BL-260501-13129-R,Swiggy,Blueberry Muffin,141.28
2026-05-01,BL-260501-13134,Zomato,Masala Chai,81.13
2026-05-01,BL-260501-13134,Zomato,Club Sandwich,329.19
2026-05-01,BL-260501-13139,Swiggy,Chocolate Brownie,165.82
2026-05-01,BL-260501-13139,Swiggy,Veg Wrap,260.84
2026-05-01,BL-260501-13139,Swiggy,Espresso,154.01
2026-05-01,BL-260501-13139,Swiggy,Blueberry Muffin,292.37
2026-05-01,BL-260501-13141,Zomato,Chocolate Brownie,325.51
2026-05-01,BL-260501-13141,Zomato,Latte,209.29
2026-05-01,BL-260501-13141,Zomato,Croissant,125.89
2026-05-01,BL-260501-13143,Swiggy,Iced Latte,251.77
2026-05-01,BL-260501-13146,Swiggy,Croissant,122.36
2026-05-01,BL-260501-13146,Swiggy,Veg Wrap,260.85
2026-05-01,BL-260501-13148,Zomato,Club Sandwich,322.21
2026-05-01,BL-260501-13150,Zomato,Veg Wrap,269.27
2026-05-01,BL-260501-13150,Zomato,Cappuccino,184.4
2026-05-01,BL-260501-13152,Zomato,Espresso,312.49
2026-05-01,BL-260501-13152,Zomato,Espresso,153.61
2026-05-01,BL-260501-13156,Swiggy,Seasonal Special,365.92
2026-05-01,BL-260501-13158,Zomato,Avocado Toast,282.83
2026-05-01,BL-260501-13158,Zomato,Cappuccino,184.44
2026-05-01,BL-260501-13158,Zomato,Iced Latte,247.16
2026-05-01,BL-260501-13158,Zomato,Masala Chai,80.46
2026-05-01,BL-260501-13162,Zomato,Latte,202.47
2026-05-01,BL-260501-13162,Zomato,Cold Brew,220.73
2026-05-01,BL-260501-13163,Zomato,Masala Chai,82.53
2026-05-01,BL-260501-13163,Zomato,Croissant,249.34
2026-05-01,BL-260501-13165,Zomato,Chocolate Brownie,164.4
2026-05-01,BL-260501-13167,Zomato,Blueberry Muffin,140.06
2026-05-01,BL-260501-13167,Zomato,Club Sandwich,333.62
2026-05-01,BL-260501-13168,Swiggy,Latte,202.01
2026-05-01,BL-260501-13170,Zomato,Veg Wrap,260.98
2026-05-01,BL-260501-13172,Zomato,Cold Brew,446.42
2026-05-01,BL-260501-13172,Zomato,Avocado Toast,585.17
2026-05-01,BL-260501-13181,Swiggy,Chocolate Brownie,166.36
2026-05-01,BL-260501-13181,Swiggy,Croissant,247.27
2026-05-01,BL-260501-13184,Swiggy,Latte,209.0
2026-05-01,BL-260501-13187,Zomato,Iced Latte,251.08
2026-05-01,BL-260501-13187,Zomato,Seasonal Special,350.01
2026-05-01,BL-260501-13187,Zomato,Latte,207.3
2026-05-01,BL-260501-13190,Swiggy,Blueberry Muffin,143.01
2026-05-02,BL-260502-13196,Swiggy,Club Sandwich,333.11
2026-05-02,BL-260502-13198,Swiggy,Espresso,157.16
2026-05-02,BL-260502-13198,Swiggy,Espresso,150.34
2026-05-02,BL-260502-13201,Zomato,Cold Brew,230.26
2026-05-02,BL-260502-13205,Zomato,Croissant,121.6
2026-05-02,BL-260502-13205,Zomato,Iced Latte,250.0
2026-05-02,BL-260502-13208,Swiggy,Blueberry Muffin,141.21
2026-05-02,BL-260502-13208,Swiggy,Seasonal Special,349.67
2026-05-02,BL-260502-13209,Zomato,Veg Wrap,272.07
2026-05-02,BL-260502-13210,Zomato,Croissant,120.36
2026-05-02,BL-260502-13210,Zomato,Cold Brew,228.54
2026-05-02,BL-260502-13213,Swiggy,Club Sandwich,655.94
2026-05-02,BL-260502-13214-R,Swiggy,Blueberry Muffin,146.74
2026-05-02,BL-260502-13214-R,Swiggy,Croissant,120.75
2026-05-02,BL-260502-13215,Zomato,Blueberry Muffin,140.16
2026-05-02,BL-260502-13215,Zomato,Avocado Toast,285.87
2026-05-02,BL-260502-13223,Swiggy,Masala Chai,167.35
2026-05-02,BL-260502-13223,Swiggy,Club Sandwich,651.13
2026-05-02,BL-260502-13224,Swiggy,Cappuccino,179.78
2026-05-02,BL-260502-13224,Swiggy,Veg Wrap,270.84
2026-05-02,BL-260502-13224,Swiggy,Cold Brew,221.7
2026-05-02,BL-260502-13225,Swiggy,Masala Chai,83.53
2026-05-02,BL-260502-13225,Swiggy,Veg Wrap,265.56
2026-05-02,BL-260502-13225,Swiggy,Chocolate Brownie,165.27
2026-05-02,BL-260502-13229,Zomato,Blueberry Muffin,140.08
2026-05-02,BL-260502-13229,Zomato,Veg Wrap,259.78
2026-05-02,BL-260502-13229,Zomato,Seasonal Special,354.52
2026-05-02,BL-260502-13232,Zomato,Club Sandwich,330.03
2026-05-02,BL-260502-13232,Zomato,Seasonal Special,362.51
2026-05-02,BL-260502-13233,Swiggy,Blueberry Muffin,146.14
2026-05-02,BL-260502-13241,Swiggy,Chocolate Brownie,160.79
2026-05-02,BL-260502-13243,Swiggy,Chocolate Brownie,335.27
2026-05-02,BL-260502-13243,Swiggy,Espresso,150.71
2026-05-02,BL-260502-13245,Swiggy,Club Sandwich,331.0
2026-05-02,BL-260502-13253,Swiggy,Iced Latte,240.74
2026-05-02,BL-260502-13259,Zomato,Latte,200.23
2026-05-02,BL-260502-13259,Zomato,Blueberry Muffin,282.91
2026-05-02,BL-260502-13261,Zomato,Espresso,151.34
2026-05-02,BL-260502-13261,Zomato,Veg Wrap,269.86
2026-05-02,BL-260502-13261,Zomato,Masala Chai,82.14
2026-05-02,BL-260502-13264,Swiggy,Cold Brew,227.44
2026-05-02,BL-260502-13264,Swiggy,Seasonal Special,351.22
2026-05-02,BL-260502-13268,Swiggy,Seasonal Special,351.65
2026-05-02,BL-260502-13268,Swiggy,Chocolate Brownie,165.33
2026-05-02,BL-260502-13269,Zomato,Avocado Toast,290.44
2026-05-02,BL-260502-13269,Zomato,Seasonal Special,351.93
2026-05-02,BL-260502-13269,Zomato,Latte,206.01
2026-05-02,BL-260502-13270,Zomato,Club Sandwich,333.64
2026-05-02,BL-260502-13270,Zomato,Espresso,154.69
2026-05-02,BL-260502-13270,Zomato,Latte,201.92
2026-05-02,BL-260502-13271,Zomato,Espresso,152.8
2026-05-02,BL-260502-13271,Zomato,Veg Wrap,263.16
2026-05-02,BL-260502-13274,Zomato,Latte,206.01
2026-05-02,BL-260502-13274,Zomato,Espresso,312.82
2026-05-02,BL-260502-13275,Zomato,Croissant,241.14
2026-05-02,BL-260502-13275,Zomato,Iced Latte,248.31
2026-05-02,BL-260502-13276,Swiggy,Blueberry Muffin,140.93
2026-05-02,BL-260502-13276,Swiggy,Cappuccino,182.58
2026-05-02,BL-260502-13277,Swiggy,Cold Brew,230.66
2026-05-02,BL-260502-13279,Swiggy,Croissant,123.21
2026-05-02,BL-260502-13279,Swiggy,Cappuccino,184.65
2026-05-02,BL-260502-13279,Swiggy,Veg Wrap,261.87
2026-05-02,BL-260502-13282,Zomato,Espresso,151.97
2026-05-02,BL-260502-13282,Zomato,Latte,203.05
2026-05-02,BL-260502-13283,Swiggy,Masala Chai,79.99
2026-05-02,BL-260502-13283,Swiggy,Veg Wrap,266.81
2026-05-02,BL-260502-13287,Zomato,Masala Chai,83.28
2026-05-02,BL-260502-13288,Swiggy,Latte,202.88
2026-05-02,BL-260502-13289,Zomato,Veg Wrap,272.01
2026-05-02,BL-260502-13289,Zomato,Latte,206.3
2026-05-02,BL-260502-13291,Swiggy,Avocado Toast,282.12
2026-05-02,BL-260502-13296,Swiggy,Latte,202.18
2026-05-02,BL-260502-13296,Swiggy,Cappuccino,185.27
2026-05-02,BL-260502-13297,Swiggy,Club Sandwich,654.29
2026-05-02,BL-260502-13299,Zomato,Cappuccino,183.63
2026-05-02,BL-260502-13299,Zomato,Avocado Toast,280.57
2026-05-02,BL-260502-13301,Zomato,Espresso,312.16
2026-05-02,BL-260502-13301,Zomato,Espresso,150.56
2026-05-02,BL-260502-13301,Zomato,Club Sandwich,321.78
2026-05-02,BL-260502-13306,Zomato,Club Sandwich,331.72
2026-05-02,BL-260502-13306,Zomato,Croissant,120.85
2026-05-02,BL-260502-13306,Zomato,Iced Latte,241.39
2026-05-02,BL-260502-13307,Swiggy,Masala Chai,83.64
2026-05-02,BL-260502-13307,Swiggy,Club Sandwich,328.25
2026-05-02,BL-260502-13309,Zomato,Avocado Toast,283.08
2026-05-02,BL-260502-13311,Swiggy,Seasonal Special,361.17
2026-05-02,BL-260502-13311,Swiggy,Espresso,156.89
2026-05-02,BL-260502-13313,Swiggy,Masala Chai,83.41
2026-05-02,BL-260502-13313,Swiggy,Cold Brew,225.71
2026-05-02,BL-260502-13316,Swiggy,Blueberry Muffin,142.58
2026-05-02,BL-260502-13318,Swiggy,Chocolate Brownie,163.16
2026-05-02,BL-260502-13320,Zomato,Club Sandwich,319.74
2026-05-02,BL-260502-13320,Zomato,Latte,204.66
2026-05-02,BL-260502-13320,Zomato,Latte,207.99
2026-05-02,BL-260502-13324,Swiggy,Blueberry Muffin,145.05
2026-05-02,BL-260502-13332,Zomato,Seasonal Special,357.4
2026-05-02,BL-260502-13332,Zomato,Croissant,125.85
2026-05-02,BL-260502-13332,Zomato,Club Sandwich,323.9
2026-05-02,BL-260502-13332,Zomato,Cold Brew,222.58
2026-05-02,BL-260502-13335,Zomato,Latte,209.11
2026-05-02,BL-260502-13335,Zomato,Veg Wrap,266.11
2026-05-02,BL-260502-13336,Swiggy,Espresso,155.56
2026-05-02,BL-260502-13336,Swiggy,Cold Brew,457.46
2026-05-02,BL-260502-13337,Zomato,Iced Latte,251.3
2026-05-02,BL-260502-13339,Swiggy,Cappuccino,182.45
2026-05-02,BL-260502-13342,Swiggy,Blueberry Muffin,142.96
2026-05-02,BL-260502-13342,Swiggy,Croissant,125.4
2026-05-03,BL-260503-13344,Zomato,Espresso,156.83
2026-05-03,BL-260503-13345,Zomato,Avocado Toast,290.55
2026-05-03,BL-260503-13345,Zomato,Croissant,122.04
2026-05-03,BL-260503-13346,Zomato,Cappuccino,182.46
2026-05-03,BL-260503-13346,Zomato,Croissant,119.83
2026-05-03,BL-260503-13347,Swiggy,Croissant,121.22
2026-05-03,BL-260503-13349,Swiggy,Cold Brew,220.29
2026-05-03,BL-260503-13349,Swiggy,Iced Latte,242.26
2026-05-03,BL-260503-13351,Swiggy,Latte,203.42
2026-05-03,BL-260503-13353-R,Swiggy,Iced Latte,239.79
2026-05-03,BL-260503-13354,Zomato,Croissant,119.74
2026-05-03,BL-260503-13354,Zomato,Seasonal Special,701.77
2026-05-03,BL-260503-13354,Zomato,Blueberry Muffin,141.91
2026-05-03,BL-260503-13356,Zomato,Latte,209.26
2026-05-03,BL-260503-13356,Zomato,Latte,200.33
2026-05-03,BL-260503-13357,Zomato,Avocado Toast,288.65
2026-05-03,BL-260503-13362,Zomato,Cappuccino,185.4
2026-05-03,BL-260503-13363,Swiggy,Veg Wrap,259.43
2026-05-03,BL-260503-13365,Swiggy,Seasonal Special,350.86
2026-05-03,BL-260503-13365,Swiggy,Seasonal Special,721.62
2026-05-03,BL-260503-13366,Swiggy,Latte,208.03
2026-05-03,BL-260503-13366,Swiggy,Club Sandwich,332.94
2026-05-03,BL-260503-13368,Zomato,Cold Brew,220.01
2026-05-03,BL-260503-13368,Zomato,Masala Chai,83.16
2026-05-03,BL-260503-13371,Zomato,Seasonal Special,364.72
2026-05-03,BL-260503-13371,Zomato,Espresso,150.64
2026-05-03,BL-260503-13373,Zomato,Espresso,309.01
2026-05-03,BL-260503-13373,Zomato,Latte,205.29
2026-05-03,BL-260503-13374,Zomato,Avocado Toast,288.85
2026-05-03,BL-260503-13374,Zomato,Masala Chai,83.36
2026-05-03,BL-260503-13375,Swiggy,Espresso,153.05
2026-05-03,BL-260503-13375,Swiggy,Seasonal Special,359.41
2026-05-03,BL-260503-13376,Zomato,Avocado Toast,292.27
2026-05-03,BL-260503-13378,Swiggy,Latte,207.72
2026-05-03,BL-260503-13378,Swiggy,Croissant,120.33
2026-05-03,BL-260503-13380,Swiggy,Latte,205.98
2026-05-03,BL-260503-13380,Swiggy,Avocado Toast,289.48
2026-05-03,BL-260503-13383,Zomato,Latte,410.2
2026-05-03,BL-260503-13387,Swiggy,Cappuccino,182.91
2026-05-03,BL-260503-13388,Swiggy,Latte,202.76
2026-05-03,BL-260503-13390,Zomato,Cappuccino,183.74
2026-05-03,BL-260503-13392,Zomato,Croissant,121.61
2026-05-03,BL-260503-13392,Zomato,Seasonal Special,712.48
2026-05-03,BL-260503-13393,Zomato,Iced Latte,249.6
2026-05-03,BL-260503-13394,Swiggy,Croissant,125.49
2026-05-03,BL-260503-13395,Zomato,Club Sandwich,323.61
2026-05-03,BL-260503-13395,Zomato,Espresso,155.05
2026-05-03,BL-260503-13405,Zomato,Chocolate Brownie,162.39
2026-05-03,BL-260503-13405,Zomato,Latte,208.79
2026-05-03,BL-260503-13410-R,Zomato,Veg Wrap,263.79
2026-05-03,BL-260503-13410-R,Zomato,Avocado Toast,292.6
2026-05-03,BL-260503-13411,Swiggy,Club Sandwich,334.71
2026-05-03,BL-260503-13411,Swiggy,Cold Brew,221.08
2026-05-03,BL-260503-13417,Swiggy,Cappuccino,187.56
2026-05-03,BL-260503-13418,Zomato,Chocolate Brownie,163.75
2026-05-03,BL-260503-13420,Swiggy,Croissant,122.96
2026-05-03,BL-260503-13420,Swiggy,Cappuccino,188.63
2026-05-03,BL-260503-13423,Swiggy,Croissant,123.82
2026-05-03,BL-260503-13423,Swiggy,Blueberry Muffin,144.9
2026-05-03,BL-260503-13426,Swiggy,Cold Brew,228.98
2026-05-03,BL-260503-13426,Swiggy,Seasonal Special,364.94
2026-05-03,BL-260503-13431,Swiggy,Espresso,154.18
2026-05-03,BL-260503-13431,Swiggy,Avocado Toast,289.7
2026-05-03,BL-260503-13435,Swiggy,Iced Latte,250.36
2026-05-03,BL-260503-13435,Swiggy,Masala Chai,83.82
2026-05-03,BL-260503-13435,Swiggy,Chocolate Brownie,160.62
2026-05-03,BL-260503-13436,Zomato,Masala Chai,81.11
2026-05-03,BL-260503-13438,Zomato,Latte,200.7
2026-05-03,BL-260503-13438,Zomato,Veg Wrap,271.04
2026-05-03,BL-260503-13439,Swiggy,Cappuccino,185.28
2026-05-03,BL-260503-13439,Swiggy,Avocado Toast,286.58
2026-05-03,BL-260503-13439,Swiggy,Veg Wrap,266.78
2026-05-03,BL-260503-13441,Swiggy,Iced Latte,249.02
2026-05-03,BL-260503-13441,Swiggy,Croissant,250.94
2026-05-03,BL-260503-13442,Zomato,Cappuccino,187.03
2026-05-03,BL-260503-13442,Zomato,Cappuccino,366.02
2026-05-03,BL-260503-13442,Zomato,Chocolate Brownie,163.95
2026-05-03,BL-260503-13445,Swiggy,Chocolate Brownie,167.23
2026-05-03,BL-260503-13445,Swiggy,Club Sandwich,325.34
2026-05-03,BL-260503-13457-R,Zomato,Espresso,306.27
2026-05-03,BL-260503-13457-R,Zomato,Croissant,125.21
2026-05-03,BL-260503-13458,Swiggy,Croissant,120.28
2026-05-03,BL-260503-13458,Swiggy,Iced Latte,250.77
2026-05-03,BL-260503-13458,Swiggy,Veg Wrap,533.38
2026-05-03,BL-260503-13461,Zomato,Masala Chai,162.23
2026-05-03,BL-260503-13467,Zomato,Espresso,308.11
2026-05-03,BL-260503-13469,Zomato,Chocolate Brownie,167.49
2026-05-03,BL-260503-13469,Zomato,Veg Wrap,264.31
2026-05-03,BL-260503-13473,Zomato,Masala Chai,81.44
2026-05-03,BL-260503-13480,Zomato,Seasonal Special,349.52
2026-05-03,BL-260503-13481,Swiggy,Avocado Toast,284.1
2026-05-03,BL-260503-13481,Swiggy,Veg Wrap,261.59
2026-05-03,BL-260503-13481,Swiggy,Blueberry Muffin,145.13
2026-05-03,BL-260503-13484,Zomato,Croissant,122.21
2026-05-03,BL-260503-13484,Zomato,Blueberry Muffin,281.99
2026-05-03,BL-260503-13484,Zomato,Seasonal Special,349.56
2026-05-03,BL-260503-13485,Zomato,Blueberry Muffin,140.79
2026-05-04,BL-260504-13487,Zomato,Masala Chai,83.57
2026-05-04,BL-260504-13487,Zomato,Cold Brew,221.64
2026-05-04,BL-260504-13488,Zomato,Croissant,123.26
2026-05-04,BL-260504-13488,Zomato,Espresso,312.25
2026-05-04,BL-260504-13489,Swiggy,Espresso,301.15
2026-05-04,BL-260504-13489,Swiggy,Cold Brew,457.99
2026-05-04,BL-260504-13490,Swiggy,Croissant,122.32
2026-05-04,BL-260504-13491,Zomato,Croissant,123.01
2026-05-04,BL-260504-13491,Zomato,Masala Chai,81.35
2026-05-04,BL-260504-13491,Zomato,Veg Wrap,264.67
2026-05-04,BL-260504-13492,Zomato,Croissant,123.04
2026-05-04,BL-260504-13501,Swiggy,Avocado Toast,292.06
2026-05-04,BL-260504-13501,Swiggy,Latte,209.22
2026-05-04,BL-260504-13502-R,Zomato,Avocado Toast,292.76
2026-05-04,BL-260504-13504,Swiggy,Club Sandwich,328.99
2026-05-04,BL-260504-13504,Swiggy,Chocolate Brownie,166.89
2026-05-04,BL-260504-13517,Swiggy,Cappuccino,187.34
2026-05-04,BL-260504-13517,Swiggy,Chocolate Brownie,325.77
2026-05-04,BL-260504-13519,Zomato,Iced Latte,245.01
2026-05-04,BL-260504-13519,Zomato,Avocado Toast,578.64
2026-05-04,BL-260504-13522,Swiggy,Veg Wrap,270.13
2026-05-04,BL-260504-13522,Swiggy,Cold Brew,225.91
2026-05-04,BL-260504-13523,Swiggy,Espresso,302.72
2026-05-04,BL-260504-13523,Swiggy,Masala Chai,83.93
2026-05-04,BL-260504-13526,Zomato,Veg Wrap,263.99
2026-05-04,BL-260504-13527,Zomato,Latte,205.12
2026-05-04,BL-260504-13528,Zomato,Club Sandwich,321.06
2026-05-04,BL-260504-13528,Zomato,Cold Brew,219.97
2026-05-04,BL-260504-13528,Zomato,Club Sandwich,333.02
2026-05-04,BL-260504-13529,Swiggy,Cappuccino,180.24
2026-05-04,BL-260504-13529,Swiggy,Avocado Toast,581.79
2026-05-04,BL-260504-13532,Swiggy,Seasonal Special,349.44
2026-05-04,BL-260504-13532,Swiggy,Espresso,150.04
2026-05-04,BL-260504-13532,Swiggy,Masala Chai,82.83
2026-05-04,BL-260504-13533,Swiggy,Espresso,156.17
2026-05-04,BL-260504-13534,Zomato,Cold Brew,457.64
2026-05-04,BL-260504-13534,Zomato,Latte,207.04
2026-05-04,BL-260504-13534,Zomato,Masala Chai,80.44
2026-05-04,BL-260504-13534,Zomato,Club Sandwich,320.67
2026-05-04,BL-260504-13536,Swiggy,Blueberry Muffin,145.61
2026-05-04,BL-260504-13538,Swiggy,Seasonal Special,363.74
2026-05-04,BL-260504-13539,Swiggy,Latte,205.57
2026-05-04,BL-260504-13539,Swiggy,Latte,205.43
2026-05-04,BL-260504-13540,Zomato,Seasonal Special,357.44
2026-05-04,BL-260504-13541,Zomato,Veg Wrap,261.33
2026-05-04,BL-260504-13548,Zomato,Chocolate Brownie,162.52
2026-05-04,BL-260504-13549,Swiggy,Cold Brew,460.87
2026-05-04,BL-260504-13549,Swiggy,Club Sandwich,661.13
2026-05-04,BL-260504-13551,Swiggy,Avocado Toast,293.05
2026-05-04,BL-260504-13554,Swiggy,Latte,200.54
2026-05-04,BL-260504-13554,Swiggy,Seasonal Special,733.03
2026-05-04,BL-260504-13557,Swiggy,Masala Chai,80.53
2026-05-04,BL-260504-13557,Swiggy,Chocolate Brownie,162.3
2026-05-04,BL-260504-13558,Zomato,Seasonal Special,366.35
2026-05-04,BL-260504-13563,Zomato,Veg Wrap,530.41
2026-05-04,BL-260504-13564,Zomato,Iced Latte,246.61
2026-05-04,BL-260504-13565,Swiggy,Masala Chai,161.9
2026-05-04,BL-260504-13566,Zomato,Blueberry Muffin,141.41
2026-05-04,BL-260504-13567,Swiggy,Chocolate Brownie,166.85
2026-05-04,BL-260504-13567,Swiggy,Avocado Toast,293.34
2026-05-04,BL-260504-13569,Swiggy,Club Sandwich,325.44
2026-05-04,BL-260504-13570,Swiggy,Veg Wrap,541.55
2026-05-04,BL-260504-13574,Zomato,Seasonal Special,725.96
2026-05-04,BL-260504-13574,Zomato,Blueberry Muffin,288.0
2026-05-04,BL-260504-13575,Swiggy,Avocado Toast,281.5
2026-05-04,BL-260504-13575,Swiggy,Cappuccino,364.33
2026-05-04,BL-260504-13576,Swiggy,Seasonal Special,733.23
2026-05-04,BL-260504-13576,Swiggy,Iced Latte,489.74
2026-05-04,BL-260504-13578,Swiggy,Club Sandwich,330.78
2026-05-04,BL-260504-13578,Swiggy,Espresso,153.36
2026-05-04,BL-260504-13578,Swiggy,Espresso,155.39
2026-05-04,BL-260504-13580,Zomato,Espresso,151.46
2026-05-04,BL-260504-13580,Zomato,Croissant,121.06
2026-05-04,BL-260504-13584,Zomato,Masala Chai,81.29
2026-05-04,BL-260504-13585,Swiggy,Club Sandwich,333.45
2026-05-04,BL-260504-13585,Swiggy,Club Sandwich,319.32
2026-05-04,BL-260504-13587,Zomato,Blueberry Muffin,144.1
2026-05-04,BL-260504-13587,Zomato,Croissant,124.65
2026-05-04,BL-260504-13588,Zomato,Cold Brew,457.01
2026-05-04,BL-260504-13588,Zomato,Veg Wrap,259.98
2026-05-04,BL-260504-13591,Swiggy,Seasonal Special,358.83
2026-05-04,BL-260504-13593,Swiggy,Croissant,123.75
2026-05-04,BL-260504-13593,Swiggy,Cappuccino,188.28
2026-05-04,BL-260504-13594,Zomato,Masala Chai,167.61
2026-05-05,BL-260505-13599,Zomato,Cold Brew,230.76
2026-05-05,BL-260505-13599,Zomato,Blueberry Muffin,145.74
2026-05-05,BL-260505-13600,Swiggy,Club Sandwich,323.66
2026-05-05,BL-260505-13600,Swiggy,Cold Brew,226.32
2026-05-05,BL-260505-13602,Zomato,Avocado Toast,287.91
2026-05-05,BL-260505-13604,Swiggy,Cappuccino,362.72
2026-05-05,BL-260505-13604,Swiggy,Avocado Toast,293.32
2026-05-05,BL-260505-13608,Zomato,Club Sandwich,334.56
2026-05-05,BL-260505-13611,Swiggy,Seasonal Special,350.93
2026-05-05,BL-260505-13611,Swiggy,Cappuccino,187.76
2026-05-05,BL-260505-13614,Zomato,Cappuccino,181.0
2026-05-05,BL-260505-13614,Zomato,Croissant,120.74
2026-05-05,BL-260505-13615,Swiggy,Seasonal Special,732.41
2026-05-05,BL-260505-13615,Swiggy,Croissant,250.67
2026-05-05,BL-260505-13615,Swiggy,Chocolate Brownie,164.07
2026-05-05,BL-260505-13625,Swiggy,Club Sandwich,321.16
2026-05-05,BL-260505-13625,Swiggy,Chocolate Brownie,164.37
2026-05-05,BL-260505-13628,Zomato,Club Sandwich,668.81
2026-05-05,BL-260505-13633,Swiggy,Croissant,248.36
2026-05-05,BL-260505-13636,Swiggy,Masala Chai,82.23
2026-05-05,BL-260505-13638,Swiggy,Croissant,121.23
2026-05-05,BL-260505-13638,Swiggy,Chocolate Brownie,161.7
2026-05-05,BL-260505-13642,Zomato,Veg Wrap,270.1
2026-05-05,BL-260505-13642,Zomato,Veg Wrap,268.18
2026-05-05,BL-260505-13644,Swiggy,Masala Chai,161.87
2026-05-05,BL-260505-13644,Swiggy,Avocado Toast,288.86
2026-05-05,BL-260505-13644,Swiggy,Cappuccino,367.28
2026-05-05,BL-260505-13644,Swiggy,Cold Brew,222.66
2026-05-05,BL-260505-13646,Swiggy,Club Sandwich,334.19
2026-05-05,BL-260505-13646,Swiggy,Masala Chai,81.3
2026-05-05,BL-260505-13649,Zomato,Latte,209.35
2026-05-05,BL-260505-13649,Zomato,Iced Latte,496.81
2026-05-05,BL-260505-13649,Zomato,Masala Chai,82.62
2026-05-05,BL-260505-13650,Swiggy,Cappuccino,184.24
2026-05-05,BL-260505-13659,Swiggy,Cappuccino,188.66
2026-05-05,BL-260505-13660,Swiggy,Croissant,124.21
2026-05-05,BL-260505-13660,Swiggy,Veg Wrap,261.05
2026-05-05,BL-260505-13661,Swiggy,Croissant,123.67
2026-05-05,BL-260505-13667,Zomato,Croissant,240.96
2026-05-05,BL-260505-13670,Zomato,Avocado Toast,570.56
2026-05-05,BL-260505-13670,Zomato,Blueberry Muffin,288.23
2026-05-05,BL-260505-13674,Zomato,Cold Brew,230.58
2026-05-05,BL-260505-13675,Zomato,Avocado Toast,558.66
2026-05-05,BL-260505-13676,Zomato,Club Sandwich,328.24
2026-05-05,BL-260505-13679,Swiggy,Avocado Toast,291.24
2026-05-05,BL-260505-13679,Swiggy,Blueberry Muffin,143.18
2026-05-05,BL-260505-13684,Zomato,Seasonal Special,362.56
2026-05-05,BL-260505-13684,Zomato,Croissant,123.75
2026-05-05,BL-260505-13686,Zomato,Cappuccino,184.73
2026-05-05,BL-260505-13686,Zomato,Cappuccino,363.07
2026-05-05,BL-260505-13690,Swiggy,Cold Brew,222.75
2026-05-05,BL-260505-13690,Swiggy,Iced Latte,249.88
2026-05-05,BL-260505-13692,Swiggy,Cappuccino,187.13
2026-05-05,BL-260505-13692,Swiggy,Chocolate Brownie,332.66
2026-05-05,BL-260505-13693,Swiggy,Masala Chai,80.25
2026-05-05,BL-260505-13693,Swiggy,Avocado Toast,291.96
2026-05-05,BL-260505-13695,Zomato,Club Sandwich,331.98
2026-05-06,BL-260506-13699,Swiggy,Cold Brew,220.69
2026-05-06,BL-260506-13702,Zomato,Club Sandwich,331.32
2026-05-06,BL-260506-13703,Swiggy,Avocado Toast,291.53
2026-05-06,BL-260506-13703,Swiggy,Masala Chai,79.93
2026-05-06,BL-260506-13704,Zomato,Cold Brew,227.76
2026-05-06,BL-260506-13705,Zomato,Veg Wrap,264.55
2026-05-06,BL-260506-13705,Zomato,Espresso,151.63
2026-05-06,BL-260506-13705,Zomato,Chocolate Brownie,165.92
2026-05-06,BL-260506-13709,Swiggy,Chocolate Brownie,162.66
2026-05-06,BL-260506-13710,Zomato,Cold Brew,226.76
2026-05-06,BL-260506-13710,Zomato,Club Sandwich,333.7
2026-05-06,BL-260506-13711,Swiggy,Seasonal Special,356.04
2026-05-06,BL-260506-13711,Swiggy,Masala Chai,81.69
2026-05-06,BL-260506-13712,Swiggy,Club Sandwich,321.75
2026-05-06,BL-260506-13712,Swiggy,Latte,204.08
2026-05-06,BL-260506-13713,Swiggy,Seasonal Special,366.5
2026-05-06,BL-260506-13713,Swiggy,Blueberry Muffin,286.9
2026-05-06,BL-260506-13713,Swiggy,Chocolate Brownie,167.57
2026-05-06,BL-260506-13714,Swiggy,Cappuccino,186.78
2026-05-06,BL-260506-13718,Swiggy,Cold Brew,227.98
2026-05-06,BL-260506-13718,Swiggy,Blueberry Muffin,290.73
2026-05-06,BL-260506-13721,Swiggy,Masala Chai,81.34
2026-05-06,BL-260506-13722,Swiggy,Cappuccino,186.0
2026-05-06,BL-260506-13722,Swiggy,Avocado Toast,288.14
2026-05-06,BL-260506-13723,Zomato,Blueberry Muffin,142.58
2026-05-06,BL-260506-13729,Zomato,Blueberry Muffin,145.44
2026-05-06,BL-260506-13729,Zomato,Iced Latte,249.14
2026-05-06,BL-260506-13730,Zomato,Croissant,122.83
2026-05-06,BL-260506-13730,Zomato,Cappuccino,184.41
2026-05-06,BL-260506-13731,Zomato,Iced Latte,239.61
2026-05-06,BL-260506-13733,Zomato,Espresso,310.66
2026-05-06,BL-260506-13733,Zomato,Club Sandwich,649.7
2026-05-06,BL-260506-13734,Zomato,Club Sandwich,322.15
2026-05-06,BL-260506-13734,Zomato,Latte,418.43
2026-05-06,BL-260506-13738,Swiggy,Iced Latte,244.94
2026-05-06,BL-260506-13738,Swiggy,Masala Chai,166.14
2026-05-06,BL-260506-13738,Swiggy,Croissant,125.3
2026-05-06,BL-260506-13740,Swiggy,Cold Brew,441.88
2026-05-06,BL-260506-13740,Swiggy,Cappuccino,185.13
2026-05-06,BL-260506-13741,Swiggy,Chocolate Brownie,159.89
2026-05-06,BL-260506-13741,Swiggy,Cappuccino,186.58
2026-05-06,BL-260506-13742,Swiggy,Latte,416.11
2026-05-06,BL-260506-13742,Swiggy,Club Sandwich,322.54
2026-05-06,BL-260506-13745,Zomato,Seasonal Special,364.28
2026-05-06,BL-260506-13745,Zomato,Croissant,125.69
2026-05-06,BL-260506-13745,Zomato,Iced Latte,240.4
2026-05-06,BL-260506-13747,Zomato,Club Sandwich,331.08
2026-05-06,BL-260506-13748,Zomato,Cold Brew,220.62
2026-05-06,BL-260506-13748,Zomato,Seasonal Special,362.66
2026-05-06,BL-260506-13748,Zomato,Cold Brew,226.91
2026-05-06,BL-260506-13750,Swiggy,Avocado Toast,292.8
2026-05-06,BL-260506-13750,Swiggy,Seasonal Special,362.67
2026-05-06,BL-260506-13757,Swiggy,Avocado Toast,571.13
2026-05-06,BL-260506-13759,Swiggy,Latte,206.49
2026-05-06,BL-260506-13759,Swiggy,Chocolate Brownie,321.48
2026-05-06,BL-260506-13759,Swiggy,Blueberry Muffin,140.81
2026-05-06,BL-260506-13762,Zomato,Espresso,156.01
2026-05-06,BL-260506-13762,Zomato,Latte,403.69
2026-05-06,BL-260506-13765,Zomato,Veg Wrap,263.31
2026-05-06,BL-260506-13767,Swiggy,Club Sandwich,333.92
2026-05-06,BL-260506-13769,Swiggy,Avocado Toast,564.4
2026-05-06,BL-260506-13769,Swiggy,Blueberry Muffin,283.8
2026-05-06,BL-260506-13770,Zomato,Croissant,121.37
2026-05-06,BL-260506-13770,Zomato,Latte,405.1
2026-05-06,BL-260506-13770,Zomato,Chocolate Brownie,165.41
2026-05-06,BL-260506-13773,Zomato,Seasonal Special,367.07
2026-05-06,BL-260506-13773,Zomato,Seasonal Special,358.06
2026-05-06,BL-260506-13776,Zomato,Cold Brew,221.54
2026-05-06,BL-260506-13776,Zomato,Chocolate Brownie,160.91
2026-05-06,BL-260506-13777,Zomato,Avocado Toast,291.08
2026-05-06,BL-260506-13777,Zomato,Masala Chai,80.43
2026-05-06,BL-260506-13777,Zomato,Cold Brew,223.33
2026-05-06,BL-260506-13780,Swiggy,Seasonal Special,353.63
2026-05-06,BL-260506-13780,Swiggy,Avocado Toast,285.77
2026-05-06,BL-260506-13782,Zomato,Croissant,123.42
2026-05-06,BL-260506-13782,Zomato,Veg Wrap,262.59
2026-05-06,BL-260506-13784,Zomato,Espresso,150.6
2026-05-06,BL-260506-13789,Zomato,Blueberry Muffin,143.34
2026-05-06,BL-260506-13789,Zomato,Masala Chai,161.08
2026-05-06,BL-260506-13790,Zomato,Latte,207.51
2026-05-06,BL-260506-13792,Swiggy,Masala Chai,82.36
2026-05-06,BL-260506-13792,Swiggy,Cappuccino,180.33
2026-05-06,BL-260506-13792,Swiggy,Cold Brew,222.65
2026-05-07,BL-260507-13799,Zomato,Blueberry Muffin,146.3
2026-05-07,BL-260507-13806,Swiggy,Veg Wrap,541.05
2026-05-07,BL-260507-13808,Swiggy,Latte,209.81
2026-05-07,BL-260507-13808,Swiggy,Cold Brew,220.46
2026-05-07,BL-260507-13812,Zomato,Blueberry Muffin,280.81
2026-05-07,BL-260507-13812,Zomato,Blueberry Muffin,146.07
2026-05-07,BL-260507-13813,Swiggy,Iced Latte,242.54
2026-05-07,BL-260507-13817,Swiggy,Masala Chai,81.02
2026-05-07,BL-260507-13817,Swiggy,Masala Chai,83.34
2026-05-07,BL-260507-13817,Swiggy,Cappuccino,186.31
2026-05-07,BL-260507-13820,Swiggy,Blueberry Muffin,142.49
2026-05-07,BL-260507-13820,Swiggy,Seasonal Special,352.7
2026-05-07,BL-260507-13820,Swiggy,Espresso,154.36
2026-05-07,BL-260507-13823,Swiggy,Club Sandwich,646.01
2026-05-07,BL-260507-13823,Swiggy,Latte,203.11
2026-05-07,BL-260507-13823,Swiggy,Blueberry Muffin,141.58
2026-05-07,BL-260507-13824,Swiggy,Veg Wrap,519.01
2026-05-07,BL-260507-13824,Swiggy,Chocolate Brownie,167.22
2026-05-07,BL-260507-13824,Swiggy,Seasonal Special,367.43
2026-05-07,BL-260507-13825,Swiggy,Cappuccino,183.8
2026-05-07,BL-260507-13825,Swiggy,Chocolate Brownie,166.29
2026-05-07,BL-260507-13825,Swiggy,Club Sandwich,328.55
2026-05-07,BL-260507-13827,Zomato,Avocado Toast,279.6
2026-05-07,BL-260507-13827,Zomato,Croissant,241.6
2026-05-07,BL-260507-13828,Zomato,Iced Latte,249.69
2026-05-07,BL-260507-13828,Zomato,Avocado Toast,284.49
2026-05-07,BL-260507-13832,Swiggy,Espresso,153.0
2026-05-07,BL-260507-13833,Swiggy,Veg Wrap,265.07
2026-05-07,BL-260507-13833,Swiggy,Espresso,151.18
2026-05-07,BL-260507-13833,Swiggy,Latte,209.55
2026-05-07,BL-260507-13834,Swiggy,Chocolate Brownie,160.63
2026-05-07,BL-260507-13835,Swiggy,Blueberry Muffin,139.98
2026-05-07,BL-260507-13835,Swiggy,Espresso,150.47
2026-05-07,BL-260507-13836,Swiggy,Masala Chai,83.49
2026-05-07,BL-260507-13839,Swiggy,Masala Chai,83.78
2026-05-07,BL-260507-13839,Swiggy,Masala Chai,80.24
2026-05-07,BL-260507-13840,Zomato,Masala Chai,160.96
2026-05-07,BL-260507-13840,Zomato,Seasonal Special,366.56
2026-05-07,BL-260507-13842,Swiggy,Chocolate Brownie,160.79
2026-05-07,BL-260507-13842,Swiggy,Chocolate Brownie,166.14
2026-05-07,BL-260507-13847,Swiggy,Latte,208.14
2026-05-07,BL-260507-13847,Swiggy,Chocolate Brownie,163.19
2026-05-07,BL-260507-13855,Swiggy,Cappuccino,182.77
2026-05-07,BL-260507-13856,Zomato,Masala Chai,80.07
2026-05-07,BL-260507-13857,Swiggy,Cold Brew,224.27
2026-05-07,BL-260507-13858,Zomato,Croissant,239.65
2026-05-07,BL-260507-13858,Zomato,Iced Latte,488.17
2026-05-07,BL-260507-13858,Zomato,Latte,204.59
2026-05-07,BL-260507-13859,Zomato,Blueberry Muffin,143.63
2026-05-07,BL-260507-13861,Swiggy,Veg Wrap,269.99
2026-05-07,BL-260507-13861,Swiggy,Masala Chai,163.84
2026-05-07,BL-260507-13861,Swiggy,Avocado Toast,290.05
2026-05-07,BL-260507-13863,Zomato,Seasonal Special,350.06
2026-05-07,BL-260507-13866,Swiggy,Croissant,122.13
2026-05-07,BL-260507-13866,Swiggy,Club Sandwich,330.22
2026-05-07,BL-260507-13874,Swiggy,Blueberry Muffin,146.79
2026-05-07,BL-260507-13874,Swiggy,Iced Latte,247.67
2026-05-07,BL-260507-13878,Zomato,Chocolate Brownie,167.93
2026-05-07,BL-260507-13878,Zomato,Masala Chai,82.99
2026-05-07,BL-260507-13878,Zomato,Latte,207.35
2026-05-07,BL-260507-13880,Swiggy,Espresso,301.23
2026-05-07,BL-260507-13882,Zomato,Cappuccino,187.68
2026-05-07,BL-260507-13882,Zomato,Avocado Toast,292.31
2026-05-07,BL-260507-13884,Swiggy,Cold Brew,219.68
2026-05-07,BL-260507-13884,Swiggy,Cold Brew,447.25
2026-05-08,BL-260508-13888,Zomato,Blueberry Muffin,142.76
2026-05-08,BL-260508-13888,Zomato,Avocado Toast,283.03
2026-05-08,BL-260508-13889,Swiggy,Cold Brew,230.21
2026-05-08,BL-260508-13889,Swiggy,Club Sandwich,639.45
2026-05-08,BL-260508-13892,Zomato,Cappuccino,360.6
2026-05-08,BL-260508-13894,Swiggy,Avocado Toast,284.95
2026-05-08,BL-260508-13894,Swiggy,Blueberry Muffin,142.41
2026-05-08,BL-260508-13894,Swiggy,Croissant,120.36
2026-05-08,BL-260508-13895,Zomato,Espresso,300.36
2026-05-08,BL-260508-13895,Zomato,Latte,205.51
2026-05-08,BL-260508-13902,Swiggy,Croissant,120.99
2026-05-08,BL-260508-13902,Swiggy,Veg Wrap,519.26
2026-05-08,BL-260508-13902,Swiggy,Avocado Toast,290.84
2026-05-08,BL-260508-13903,Zomato,Club Sandwich,328.88
2026-05-08,BL-260508-13903,Zomato,Club Sandwich,333.14
2026-05-08,BL-260508-13903,Zomato,Cold Brew,219.88
2026-05-08,BL-260508-13907,Zomato,Masala Chai,81.87
2026-05-08,BL-260508-13908,Swiggy,Masala Chai,80.27
2026-05-08,BL-260508-13908,Swiggy,Cappuccino,180.03
2026-05-08,BL-260508-13908,Swiggy,Avocado Toast,281.63
2026-05-08,BL-260508-13910-R,Swiggy,Club Sandwich,666.71
2026-05-08,BL-260508-13913,Zomato,Latte,207.8
2026-05-08,BL-260508-13913,Zomato,Chocolate Brownie,166.55
2026-05-08,BL-260508-13916,Zomato,Chocolate Brownie,162.74
2026-05-08,BL-260508-13917,Zomato,Espresso,152.86
2026-05-08,BL-260508-13917,Zomato,Club Sandwich,323.62
2026-05-08,BL-260508-13921,Zomato,Seasonal Special,364.16
2026-05-08,BL-260508-13921,Zomato,Croissant,121.24
2026-05-08,BL-260508-13926,Swiggy,Blueberry Muffin,142.33
2026-05-08,BL-260508-13934,Zomato,Croissant,121.92
2026-05-08,BL-260508-13934,Zomato,Cold Brew,224.45
2026-05-08,BL-260508-13938,Swiggy,Espresso,149.77
2026-05-08,BL-260508-13939,Swiggy,Seasonal Special,720.62
2026-05-08,BL-260508-13941,Zomato,Latte,202.39
2026-05-08,BL-260508-13941,Zomato,Seasonal Special,354.47
2026-05-08,BL-260508-13942,Zomato,Veg Wrap,269.67
2026-05-08,BL-260508-13942,Zomato,Cappuccino,186.19
2026-05-08,BL-260508-13943,Zomato,Cold Brew,221.18
2026-05-08,BL-260508-13943,Zomato,Avocado Toast,584.36
2026-05-08,BL-260508-13943,Zomato,Avocado Toast,284.76
2026-05-08,BL-260508-13946,Zomato,Blueberry Muffin,142.48
2026-05-08,BL-260508-13953,Swiggy,Espresso,156.93
2026-05-08,BL-260508-13956,Zomato,Espresso,150.27
2026-05-08,BL-260508-13956,Zomato,Avocado Toast,283.99
2026-05-08,BL-260508-13956,Zomato,Veg Wrap,265.08
2026-05-08,BL-260508-13958,Swiggy,Chocolate Brownie,159.62
2026-05-08,BL-260508-13958,Swiggy,Latte,205.66
2026-05-08,BL-260508-13960,Swiggy,Chocolate Brownie,162.19
2026-05-08,BL-260508-13960,Swiggy,Espresso,149.74
2026-05-08,BL-260508-13961,Swiggy,Iced Latte,241.36
2026-05-08,BL-260508-13963,Swiggy,Latte,204.3
2026-05-08,BL-260508-13963,Swiggy,Veg Wrap,262.99
2026-05-08,BL-260508-13964,Swiggy,Iced Latte,482.3
2026-05-08,BL-260508-13967,Swiggy,Croissant,120.07
2026-05-08,BL-260508-13967,Swiggy,Veg Wrap,272.48
2026-05-08,BL-260508-13968,Zomato,Espresso,157.0
2026-05-08,BL-260508-13969,Swiggy,Croissant,123.99
2026-05-08,BL-260508-13969,Swiggy,Chocolate Brownie,324.23
2026-05-08,BL-260508-13972,Swiggy,Avocado Toast,289.06
2026-05-08,BL-260508-13972,Swiggy,Cappuccino,181.31
2026-05-08,BL-260508-13975,Zomato,Chocolate Brownie,161.72
2026-05-08,BL-260508-13975,Zomato,Veg Wrap,266.13
2026-05-08,BL-260508-13975,Zomato,Veg Wrap,545.36
2026-05-08,BL-260508-13975,Zomato,Croissant,122.59
2026-05-08,BL-260508-13978,Zomato,Seasonal Special,367.35
2026-05-08,BL-260508-13979,Swiggy,Cappuccino,180.21
2026-05-08,BL-260508-13979,Swiggy,Iced Latte,249.77
2026-05-08,BL-260508-13981,Swiggy,Cold Brew,223.67
2026-05-08,BL-260508-13981,Swiggy,Blueberry Muffin,143.67
2026-05-08,BL-260508-13981,Swiggy,Avocado Toast,287.83
2026-05-08,BL-260508-13983,Zomato,Latte,200.04
2026-05-08,BL-260508-13984,Zomato,Avocado Toast,284.63
2026-05-08,BL-260508-13984,Zomato,Club Sandwich,321.77
2026-05-08,BL-260508-13985,Swiggy,Cappuccino,361.58
2026-05-08,BL-260508-13985,Swiggy,Seasonal Special,354.22
2026-05-08,BL-260508-13985,Swiggy,Latte,200.84
2026-05-08,BL-260508-13987,Swiggy,Iced Latte,251.29
2026-05-08,BL-260508-13987,Swiggy,Club Sandwich,333.47
2026-05-09,BL-260509-13990-R,Swiggy,Veg Wrap,545.72
2026-05-09,BL-260509-13990-R,Swiggy,Masala Chai,83.46
2026-05-09,BL-260509-13993,Zomato,Iced Latte,244.66
2026-05-09,BL-260509-13993,Zomato,Club Sandwich,669.75
2026-05-09,BL-260509-13995,Swiggy,Club Sandwich,661.21
2026-05-09,BL-260509-13995,Swiggy,Croissant,122.79
2026-05-09,BL-260509-13995,Swiggy,Espresso,154.55
2026-05-09,BL-260509-13997,Zomato,Veg Wrap,259.88
2026-05-09,BL-260509-13999,Zomato,Masala Chai,162.26
2026-05-09,BL-260509-13999,Zomato,Veg Wrap,271.47
2026-05-09,BL-260509-14001,Swiggy,Seasonal Special,717.23
2026-05-09,BL-260509-14004,Zomato,Seasonal Special,360.02
2026-05-09,BL-260509-14005,Zomato,Latte,205.68
2026-05-09,BL-260509-14009,Zomato,Chocolate Brownie,166.84
2026-05-09,BL-260509-14010,Zomato,Avocado Toast,280.39
2026-05-09,BL-260509-14010,Zomato,Club Sandwich,331.13
2026-05-09,BL-260509-14010,Zomato,Cold Brew,448.46
2026-05-09,BL-260509-14011,Swiggy,Croissant,121.17
2026-05-09,BL-260509-14011,Swiggy,Cappuccino,185.59
2026-05-09,BL-260509-14012,Zomato,Masala Chai,81.26
2026-05-09,BL-260509-14012,Zomato,Club Sandwich,324.46
2026-05-09,BL-260509-14015,Swiggy,Iced Latte,491.71
2026-05-09,BL-260509-14016,Zomato,Blueberry Muffin,139.72
2026-05-09,BL-260509-14017,Zomato,Chocolate Brownie,161.8
2026-05-09,BL-260509-14017,Zomato,Chocolate Brownie,324.78
2026-05-09,BL-260509-14018,Zomato,Avocado Toast,285.01
2026-05-09,BL-260509-14019,Swiggy,Veg Wrap,272.32
2026-05-09,BL-260509-14019,Swiggy,Chocolate Brownie,165.65
2026-05-09,BL-260509-14020,Swiggy,Avocado Toast,293.2
2026-05-09,BL-260509-14020,Swiggy,Latte,202.35
2026-05-09,BL-260509-14023,Zomato,Iced Latte,249.85
2026-05-09,BL-260509-14023,Zomato,Club Sandwich,666.11
2026-05-09,BL-260509-14023,Zomato,Veg Wrap,270.28
2026-05-09,BL-260509-14026,Zomato,Espresso,154.36
2026-05-09,BL-260509-14026,Zomato,Croissant,119.72
2026-05-09,BL-260509-14028,Swiggy,Latte,209.73
2026-05-09,BL-260509-14028,Swiggy,Blueberry Muffin,145.81
2026-05-09,BL-260509-14028,Swiggy,Croissant,120.28
2026-05-09,BL-260509-14031,Zomato,Iced Latte,248.66
2026-05-09,BL-260509-14031,Zomato,Cold Brew,226.78
2026-05-09,BL-260509-14032,Zomato,Latte,209.72
2026-05-09,BL-260509-14035,Swiggy,Masala Chai,81.08
2026-05-09,BL-260509-14035,Swiggy,Espresso,157.43
2026-05-09,BL-260509-14038,Swiggy,Latte,209.59
2026-05-09,BL-260509-14039-R,Swiggy,Cappuccino,187.09
2026-05-09,BL-260509-14039-R,Swiggy,Cappuccino,184.7
2026-05-09,BL-260509-14039-R,Swiggy,Cold Brew,226.02
2026-05-09,BL-260509-14043,Swiggy,Club Sandwich,330.89
2026-05-09,BL-260509-14043,Swiggy,Club Sandwich,335.61
2026-05-09,BL-260509-14045,Swiggy,Seasonal Special,353.71
2026-05-09,BL-260509-14045,Swiggy,Espresso,152.47
2026-05-09,BL-260509-14049,Swiggy,Avocado Toast,280.57
2026-05-09,BL-260509-14054,Swiggy,Cold Brew,228.03
2026-05-09,BL-260509-14056,Swiggy,Avocado Toast,568.17
2026-05-09,BL-260509-14056,Swiggy,Cold Brew,229.15
2026-05-09,BL-260509-14057,Zomato,Croissant,124.38
2026-05-09,BL-260509-14059,Swiggy,Club Sandwich,329.16
2026-05-09,BL-260509-14059,Swiggy,Seasonal Special,702.49
2026-05-09,BL-260509-14060,Zomato,Masala Chai,80.81
2026-05-09,BL-260509-14060,Zomato,Espresso,157.3
2026-05-09,BL-260509-14061,Swiggy,Avocado Toast,292.75
2026-05-09,BL-260509-14062,Zomato,Blueberry Muffin,279.71
2026-05-09,BL-260509-14062,Zomato,Avocado Toast,293.83
2026-05-09,BL-260509-14067,Swiggy,Espresso,150.8
2026-05-09,BL-260509-14070,Zomato,Cappuccino,182.55
2026-05-09,BL-260509-14070,Zomato,Cappuccino,182.37
2026-05-09,BL-260509-14074,Swiggy,Avocado Toast,292.01
2026-05-09,BL-260509-14075,Zomato,Iced Latte,489.79
2026-05-09,BL-260509-14076,Swiggy,Avocado Toast,581.94
2026-05-09,BL-260509-14076,Swiggy,Club Sandwich,324.99
2026-05-09,BL-260509-14077,Swiggy,Espresso,152.02
2026-05-09,BL-260509-14080,Zomato,Blueberry Muffin,146.16
2026-05-09,BL-260509-14081,Zomato,Croissant,124.35
2026-05-09,BL-260509-14083,Swiggy,Avocado Toast,293.71
2026-05-09,BL-260509-14087,Zomato,Espresso,149.97
2026-05-09,BL-260509-14087,Zomato,Veg Wrap,268.82
2026-05-09,BL-260509-14089,Swiggy,Veg Wrap,538.93
2026-05-09,BL-260509-14089,Swiggy,Cappuccino,186.56
2026-05-09,BL-260509-14091,Swiggy,Chocolate Brownie,335.64
2026-05-09,BL-260509-14091,Swiggy,Latte,202.35
2026-05-09,BL-260509-14091,Swiggy,Cold Brew,220.54
2026-05-09,BL-260509-14091,Swiggy,Masala Chai,81.5
2026-05-09,BL-260509-14093,Swiggy,Iced Latte,247.39
2026-05-09,BL-260509-14096,Swiggy,Avocado Toast,286.52
2026-05-09,BL-260509-14099,Zomato,Avocado Toast,279.35
2026-05-09,BL-260509-14101,Zomato,Veg Wrap,266.45
2026-05-09,BL-260509-14101,Zomato,Cold Brew,220.4
2026-05-09,BL-260509-14102,Swiggy,Club Sandwich,335.54
2026-05-09,BL-260509-14102,Swiggy,Masala Chai,80.03
2026-05-09,BL-260509-14103,Zomato,Espresso,150.97
2026-05-09,BL-260509-14103,Zomato,Masala Chai,82.5
2026-05-09,BL-260509-14103,Zomato,Iced Latte,479.73
2026-05-09,BL-260509-14106,Swiggy,Cold Brew,225.29
2026-05-09,BL-260509-14110,Swiggy,Chocolate Brownie,165.56
2026-05-09,BL-260509-14110,Swiggy,Iced Latte,240.43
2026-05-09,BL-260509-14111,Swiggy,Chocolate Brownie,167.08
2026-05-09,BL-260509-14111,Swiggy,Chocolate Brownie,165.48
2026-05-09,BL-260509-14111,Swiggy,Chocolate Brownie,162.08
2026-05-09,BL-260509-14113,Swiggy,Cappuccino,182.34
2026-05-09,BL-260509-14113,Swiggy,Club Sandwich,324.24
2026-05-09,BL-260509-14114,Swiggy,Veg Wrap,265.71
2026-05-09,BL-260509-14114,Swiggy,Cold Brew,222.97
2026-05-09,BL-260509-14114,Swiggy,Cold Brew,448.84
2026-05-09,BL-260509-14115,Swiggy,Veg Wrap,262.66
2026-05-09,BL-260509-14116,Swiggy,Club Sandwich,323.72
2026-05-09,BL-260509-14119,Swiggy,Club Sandwich,319.3
2026-05-09,BL-260509-14119,Swiggy,Veg Wrap,527.19
2026-05-09,BL-260509-14119,Swiggy,Cappuccino,181.82
2026-05-09,BL-260509-14122,Swiggy,Latte,203.87
2026-05-09,BL-260509-14123,Zomato,Croissant,125.76
2026-05-09,BL-260509-14123,Zomato,Avocado Toast,293.01
2026-05-09,BL-260509-14126,Zomato,Veg Wrap,271.45
2026-05-09,BL-260509-14126,Zomato,Cold Brew,228.52
2026-05-09,BL-260509-14126,Zomato,Cappuccino,183.87
2026-05-09,BL-260509-14129,Swiggy,Croissant,122.83
2026-05-09,BL-260509-14129,Swiggy,Iced Latte,251.96
2026-05-09,BL-260509-14131,Swiggy,Chocolate Brownie,165.34
2026-05-09,BL-260509-14131,Swiggy,Cold Brew,226.97
2026-05-09,BL-260509-14132,Zomato,Veg Wrap,272.44
2026-05-09,BL-260509-14132,Zomato,Seasonal Special,352.54
2026-05-10,BL-260510-14134,Swiggy,Avocado Toast,287.21
2026-05-10,BL-260510-14135-R,Swiggy,Espresso,151.7
2026-05-10,BL-260510-14135-R,Swiggy,Blueberry Muffin,139.71
2026-05-10,BL-260510-14136,Swiggy,Club Sandwich,325.79
2026-05-10,BL-260510-14136,Swiggy,Blueberry Muffin,292.98
2026-05-10,BL-260510-14142,Swiggy,Croissant,121.38
2026-05-10,BL-260510-14142,Swiggy,Croissant,122.22
2026-05-10,BL-260510-14143,Swiggy,Blueberry Muffin,141.68
2026-05-10,BL-260510-14146,Swiggy,Iced Latte,244.36
2026-05-10,BL-260510-14148-R,Zomato,Blueberry Muffin,141.07
2026-05-10,BL-260510-14148-R,Zomato,Avocado Toast,292.6
2026-05-10,BL-260510-14152,Zomato,Club Sandwich,667.13
2026-05-10,BL-260510-14152,Zomato,Veg Wrap,272.57
2026-05-10,BL-260510-14153,Zomato,Blueberry Muffin,144.29
2026-05-10,BL-260510-14153,Zomato,Croissant,123.12
2026-05-10,BL-260510-14156,Swiggy,Club Sandwich,322.68
2026-05-10,BL-260510-14156,Swiggy,Club Sandwich,324.8
2026-05-10,BL-260510-14156,Swiggy,Iced Latte,240.53
2026-05-10,BL-260510-14158,Swiggy,Espresso,153.48
2026-05-10,BL-260510-14158,Swiggy,Avocado Toast,569.97
2026-05-10,BL-260510-14160,Zomato,Veg Wrap,541.41
2026-05-10,BL-260510-14160,Zomato,Masala Chai,82.92
2026-05-10,BL-260510-14161,Swiggy,Club Sandwich,326.04
2026-05-10,BL-260510-14161,Swiggy,Latte,209.53
2026-05-10,BL-260510-14161,Swiggy,Latte,208.1
2026-05-10,BL-260510-14162,Swiggy,Espresso,153.6
2026-05-10,BL-260510-14163,Zomato,Espresso,150.06
2026-05-10,BL-260510-14163,Zomato,Espresso,152.32
2026-05-10,BL-260510-14170,Zomato,Seasonal Special,366.99
2026-05-10,BL-260510-14170,Zomato,Seasonal Special,355.84
2026-05-10,BL-260510-14170,Zomato,Blueberry Muffin,142.17
2026-05-10,BL-260510-14171,Swiggy,Iced Latte,246.2
2026-05-10,BL-260510-14171,Swiggy,Iced Latte,480.66
2026-05-10,BL-260510-14173,Zomato,Cappuccino,187.02
2026-05-10,BL-260510-14177,Zomato,Croissant,121.94
2026-05-10,BL-260510-14178,Swiggy,Chocolate Brownie,162.85
2026-05-10,BL-260510-14178,Swiggy,Seasonal Special,366.85
2026-05-10,BL-260510-14179,Zomato,Cold Brew,230.63
2026-05-10,BL-260510-14181,Swiggy,Masala Chai,164.3
2026-05-10,BL-260510-14182,Zomato,Croissant,124.12
2026-05-10,BL-260510-14182,Zomato,Cold Brew,229.26
2026-05-10,BL-260510-14182,Zomato,Seasonal Special,363.86
2026-05-10,BL-260510-14184,Zomato,Club Sandwich,327.03
2026-05-10,BL-260510-14187,Swiggy,Croissant,120.26
2026-05-10,BL-260510-14187,Swiggy,Cappuccino,181.1
2026-05-10,BL-260510-14188,Swiggy,Blueberry Muffin,290.06
2026-05-10,BL-260510-14189,Swiggy,Chocolate Brownie,160.95
2026-05-10,BL-260510-14189,Swiggy,Veg Wrap,527.7
2026-05-10,BL-260510-14190,Zomato,Cold Brew,228.06
2026-05-10,BL-260510-14190,Zomato,Espresso,156.5
2026-05-10,BL-260510-14190,Zomato,Veg Wrap,267.5
2026-05-10,BL-260510-14192,Zomato,Club Sandwich,328.17
2026-05-10,BL-260510-14194,Swiggy,Cold Brew,220.66
2026-05-10,BL-260510-14194,Swiggy,Cold Brew,223.41
2026-05-10,BL-260510-14197,Swiggy,Iced Latte,247.56
2026-05-10,BL-260510-14197,Swiggy,Chocolate Brownie,159.85
2026-05-10,BL-260510-14197,Swiggy,Blueberry Muffin,146.25
2026-05-10,BL-260510-14198,Zomato,Seasonal Special,351.52
2026-05-10,BL-260510-14202,Swiggy,Veg Wrap,263.32
2026-05-10,BL-260510-14203,Zomato,Latte,208.11
2026-05-10,BL-260510-14203,Zomato,Latte,203.58
2026-05-10,BL-260510-14205,Swiggy,Chocolate Brownie,166.87
2026-05-10,BL-260510-14206,Zomato,Cappuccino,181.2
2026-05-10,BL-260510-14206,Zomato,Veg Wrap,262.08
2026-05-10,BL-260510-14206,Zomato,Masala Chai,83.92
2026-05-10,BL-260510-14212,Swiggy,Cold Brew,226.78
2026-05-10,BL-260510-14212,Swiggy,Cappuccino,188.71
2026-05-10,BL-260510-14213,Zomato,Seasonal Special,349.32
2026-05-10,BL-260510-14218,Swiggy,Croissant,122.35
2026-05-10,BL-260510-14219,Swiggy,Avocado Toast,282.6
2026-05-10,BL-260510-14219,Swiggy,Masala Chai,81.58
2026-05-10,BL-260510-14222,Swiggy,Avocado Toast,292.41
2026-05-10,BL-260510-14223,Zomato,Club Sandwich,325.49
2026-05-10,BL-260510-14223,Zomato,Cold Brew,226.48
2026-05-10,BL-260510-14226,Swiggy,Veg Wrap,260.09
2026-05-10,BL-260510-14226,Swiggy,Masala Chai,83.18
2026-05-10,BL-260510-14228,Zomato,Veg Wrap,260.8
2026-05-10,BL-260510-14230,Zomato,Veg Wrap,260.51
2026-05-10,BL-260510-14230,Zomato,Avocado Toast,293.85
2026-05-10,BL-260510-14238,Swiggy,Latte,208.35
2026-05-10,BL-260510-14240,Swiggy,Veg Wrap,262.14
2026-05-10,BL-260510-14241,Swiggy,Avocado Toast,292.2
2026-05-10,BL-260510-14241,Swiggy,Cappuccino,179.98
2026-05-10,BL-260510-14242,Zomato,Latte,202.79
2026-05-10,BL-260510-14246,Swiggy,Croissant,121.02
2026-05-10,BL-260510-14246,Swiggy,Latte,208.4
2026-05-10,BL-260510-14246,Swiggy,Croissant,122.11
2026-05-10,BL-260510-14247,Zomato,Cappuccino,184.92
2026-05-10,BL-260510-14248,Swiggy,Espresso,155.96
2026-05-10,BL-260510-14250,Swiggy,Masala Chai,81.46
2026-05-10,BL-260510-14250,Swiggy,Seasonal Special,359.8
2026-05-10,BL-260510-14253,Zomato,Iced Latte,242.14
2026-05-10,BL-260510-14255,Swiggy,Blueberry Muffin,144.01
2026-05-10,BL-260510-14255,Swiggy,Cappuccino,181.45
2026-05-10,BL-260510-14256,Zomato,Blueberry Muffin,144.63
2026-05-10,BL-260510-14256,Zomato,Avocado Toast,281.0
2026-05-10,BL-260510-14256,Zomato,Veg Wrap,260.23
2026-05-10,BL-260510-14257,Swiggy,Club Sandwich,326.54
2026-05-10,BL-260510-14258,Swiggy,Club Sandwich,333.14
2026-05-10,BL-260510-14258,Swiggy,Avocado Toast,282.37
2026-05-11,BL-260511-14263,Zomato,Chocolate Brownie,163.16
2026-05-11,BL-260511-14263,Zomato,Cold Brew,230.3
2026-05-11,BL-260511-14263,Zomato,Avocado Toast,286.16
2026-05-11,BL-260511-14264,Swiggy,Espresso,153.75
2026-05-11,BL-260511-14264,Swiggy,Espresso,153.79
2026-05-11,BL-260511-14266,Zomato,Seasonal Special,361.64
2026-05-11,BL-260511-14266,Zomato,Blueberry Muffin,144.04
2026-05-11,BL-260511-14267,Swiggy,Croissant,123.13
2026-05-11,BL-260511-14267,Swiggy,Cappuccino,182.43
2026-05-11,BL-260511-14267,Swiggy,Chocolate Brownie,164.74
2026-05-11,BL-260511-14268,Swiggy,Masala Chai,82.73
2026-05-11,BL-260511-14270,Zomato,Blueberry Muffin,146.3
2026-05-11,BL-260511-14276,Zomato,Blueberry Muffin,288.48
2026-05-11,BL-260511-14278,Swiggy,Croissant,120.36
2026-05-11,BL-260511-14278,Swiggy,Blueberry Muffin,290.11
2026-05-11,BL-260511-14278,Swiggy,Masala Chai,82.1
2026-05-11,BL-260511-14280,Swiggy,Avocado Toast,280.38
2026-05-11,BL-260511-14287,Swiggy,Iced Latte,242.95
2026-05-11,BL-260511-14287,Swiggy,Blueberry Muffin,293.42
2026-05-11,BL-260511-14287,Swiggy,Cappuccino,180.39
2026-05-11,BL-260511-14289,Swiggy,Espresso,302.51
2026-05-11,BL-260511-14289,Swiggy,Espresso,153.84
2026-05-11,BL-260511-14294,Zomato,Club Sandwich,325.03
2026-05-11,BL-260511-14296,Zomato,Cappuccino,371.65
2026-05-11,BL-260511-14296,Zomato,Blueberry Muffin,146.28
2026-05-11,BL-260511-14298,Zomato,Veg Wrap,261.3
2026-05-11,BL-260511-14298,Zomato,Veg Wrap,269.03
2026-05-11,BL-260511-14298,Zomato,Avocado Toast,288.76
2026-05-11,BL-260511-14299,Swiggy,Latte,406.94
2026-05-11,BL-260511-14301,Swiggy,Iced Latte,243.31
2026-05-11,BL-260511-14301,Swiggy,Club Sandwich,328.92
2026-05-11,BL-260511-14302,Zomato,Seasonal Special,361.5
2026-05-11,BL-260511-14302,Zomato,Latte,201.06
2026-05-11,BL-260511-14307,Zomato,Avocado Toast,279.65
2026-05-11,BL-260511-14307,Zomato,Latte,203.12
2026-05-11,BL-260511-14312,Swiggy,Veg Wrap,543.68
2026-05-11,BL-260511-14312,Swiggy,Masala Chai,81.98
2026-05-11,BL-260511-14313,Swiggy,Iced Latte,251.65
2026-05-11,BL-260511-14313,Swiggy,Masala Chai,166.43
2026-05-11,BL-260511-14313,Swiggy,Veg Wrap,261.1
2026-05-11,BL-260511-14315,Swiggy,Chocolate Brownie,333.89
2026-05-11,BL-260511-14315,Swiggy,Seasonal Special,353.58
2026-05-11,BL-260511-14315,Swiggy,Cold Brew,223.23
2026-05-11,BL-260511-14318,Zomato,Chocolate Brownie,167.74
2026-05-11,BL-260511-14318,Zomato,Chocolate Brownie,161.23
2026-05-11,BL-260511-14318,Zomato,Blueberry Muffin,146.07
2026-05-11,BL-260511-14319,Swiggy,Iced Latte,495.57
2026-05-11,BL-260511-14319,Swiggy,Club Sandwich,333.2
2026-05-11,BL-260511-14323,Swiggy,Veg Wrap,266.01
2026-05-11,BL-260511-14323,Swiggy,Seasonal Special,366.6
2026-05-11,BL-260511-14326,Zomato,Espresso,151.8
2026-05-11,BL-260511-14326,Zomato,Espresso,156.05
2026-05-11,BL-260511-14329,Zomato,Chocolate Brownie,167.69
2026-05-11,BL-260511-14329,Zomato,Avocado Toast,282.56
2026-05-11,BL-260511-14335,Swiggy,Club Sandwich,328.18
2026-05-11,BL-260511-14336,Zomato,Masala Chai,83.62
2026-05-11,BL-260511-14337,Zomato,Cold Brew,219.69
2026-05-11,BL-260511-14337,Zomato,Iced Latte,486.69
2026-05-11,BL-260511-14339,Zomato,Espresso,152.12
2026-05-11,BL-260511-14339,Zomato,Avocado Toast,283.61
2026-05-11,BL-260511-14340,Swiggy,Cappuccino,187.07
2026-05-11,BL-260511-14341,Zomato,Iced Latte,483.79
2026-05-11,BL-260511-14344,Zomato,Croissant,120.02
2026-05-11,BL-260511-14344,Zomato,Cold Brew,225.85
2026-05-11,BL-260511-14345,Swiggy,Blueberry Muffin,145.76
2026-05-11,BL-260511-14345,Swiggy,Avocado Toast,283.98
2026-05-11,BL-260511-14346,Zomato,Veg Wrap,263.7
2026-05-11,BL-260511-14346,Zomato,Latte,204.73
2026-05-11,BL-260511-14346,Zomato,Latte,204.09
2026-05-11,BL-260511-14354,Zomato,Cold Brew,459.33
2026-05-11,BL-260511-14354,Zomato,Cappuccino,181.02
2026-05-11,BL-260511-14354,Zomato,Croissant,124.86
2026-05-11,BL-260511-14355,Zomato,Croissant,120.51
2026-05-11,BL-260511-14355,Zomato,Blueberry Muffin,284.32
2026-05-11,BL-260511-14357,Swiggy,Seasonal Special,354.2
2026-05-11,BL-260511-14357,Swiggy,Cold Brew,227.8
2026-05-11,BL-260511-14359,Zomato,Espresso,150.8
2026-05-11,BL-260511-14360,Swiggy,Latte,407.91
2026-05-11,BL-260511-14365,Zomato,Masala Chai,83.53
2026-05-11,BL-260511-14365,Zomato,Seasonal Special,352.34
2026-05-12,BL-260512-14367,Swiggy,Cold Brew,229.57
2026-05-12,BL-260512-14373,Swiggy,Latte,405.23
2026-05-12,BL-260512-14379,Swiggy,Latte,205.75
2026-05-12,BL-260512-14379,Swiggy,Croissant,123.84
2026-05-12,BL-260512-14384,Swiggy,Seasonal Special,362.12
2026-05-12,BL-260512-14384,Swiggy,Avocado Toast,286.05
2026-05-12,BL-260512-14384,Swiggy,Club Sandwich,332.42
2026-05-12,BL-260512-14386,Zomato,Blueberry Muffin,292.95
2026-05-12,BL-260512-14388,Swiggy,Veg Wrap,261.81
2026-05-12,BL-260512-14389,Swiggy,Blueberry Muffin,144.32
2026-05-12,BL-260512-14389,Swiggy,Espresso,311.06
2026-05-12,BL-260512-14391,Zomato,Latte,203.39
2026-05-12,BL-260512-14392,Zomato,Avocado Toast,280.8
2026-05-12,BL-260512-14392,Zomato,Blueberry Muffin,287.97
2026-05-12,BL-260512-14395,Swiggy,Masala Chai,80.88
2026-05-12,BL-260512-14399,Zomato,Croissant,122.4
2026-05-12,BL-260512-14399,Zomato,Avocado Toast,291.58
2026-05-12,BL-260512-14399,Zomato,Cold Brew,221.34
2026-05-12,BL-260512-14400,Zomato,Cappuccino,362.58
2026-05-12,BL-260512-14400,Zomato,Iced Latte,251.44
2026-05-12,BL-260512-14402,Swiggy,Veg Wrap,259.99
2026-05-12,BL-260512-14407,Zomato,Club Sandwich,320.19
2026-05-12,BL-260512-14407,Zomato,Croissant,122.61
2026-05-12,BL-260512-14408,Zomato,Cold Brew,221.87
2026-05-12,BL-260512-14411,Zomato,Iced Latte,243.53
2026-05-12,BL-260512-14411,Zomato,Club Sandwich,328.13
2026-05-12,BL-260512-14413,Swiggy,Chocolate Brownie,161.49
2026-05-12,BL-260512-14413,Swiggy,Club Sandwich,335.71
2026-05-12,BL-260512-14414,Zomato,Club Sandwich,332.17
2026-05-12,BL-260512-14418,Swiggy,Seasonal Special,359.88
2026-05-12,BL-260512-14418,Swiggy,Avocado Toast,288.26
2026-05-12,BL-260512-14418,Swiggy,Club Sandwich,324.7
2026-05-12,BL-260512-14428,Swiggy,Cappuccino,185.99
2026-05-12,BL-260512-14428,Swiggy,Veg Wrap,269.33
2026-05-12,BL-260512-14430,Zomato,Iced Latte,243.37
2026-05-12,BL-260512-14430,Zomato,Iced Latte,502.54
2026-05-12,BL-260512-14431,Zomato,Croissant,120.54
2026-05-12,BL-260512-14431,Zomato,Latte,201.21
2026-05-12,BL-260512-14432,Zomato,Latte,205.12
2026-05-12,BL-260512-14432,Zomato,Masala Chai,83.05
2026-05-12,BL-260512-14432,Zomato,Chocolate Brownie,167.16
2026-05-12,BL-260512-14434,Swiggy,Seasonal Special,360.59
2026-05-12,BL-260512-14434,Swiggy,Cappuccino,188.67
2026-05-12,BL-260512-14435,Zomato,Blueberry Muffin,145.46
2026-05-12,BL-260512-14435,Zomato,Blueberry Muffin,144.15
2026-05-12,BL-260512-14435,Zomato,Croissant,123.47
2026-05-12,BL-260512-14438,Zomato,Croissant,121.22
2026-05-12,BL-260512-14438,Zomato,Cappuccino,360.91
2026-05-12,BL-260512-14440,Zomato,Veg Wrap,266.76
2026-05-12,BL-260512-14440,Zomato,Cappuccino,188.02
2026-05-12,BL-260512-14440,Zomato,Espresso,156.11
2026-05-12,BL-260512-14443,Zomato,Veg Wrap,264.12
2026-05-12,BL-260512-14443,Zomato,Avocado Toast,280.22
2026-05-12,BL-260512-14443,Zomato,Espresso,155.54
2026-05-12,BL-260512-14447,Zomato,Espresso,153.25
2026-05-12,BL-260512-14447,Zomato,Croissant,242.83
2026-05-12,BL-260512-14448,Swiggy,Blueberry Muffin,139.66
2026-05-12,BL-260512-14448,Swiggy,Iced Latte,245.55
2026-05-12,BL-260512-14449,Zomato,Croissant,122.12
2026-05-12,BL-260512-14449,Zomato,Veg Wrap,528.77
2026-05-12,BL-260512-14455,Swiggy,Cold Brew,228.7
2026-05-12,BL-260512-14455,Swiggy,Cold Brew,226.93
2026-05-12,BL-260512-14462,Zomato,Cappuccino,187.15
2026-05-12,BL-260512-14462,Zomato,Chocolate Brownie,166.21
2026-05-12,BL-260512-14463,Zomato,Chocolate Brownie,167.33
2026-05-12,BL-260512-14463,Zomato,Club Sandwich,333.59
2026-05-12,BL-260512-14464,Swiggy,Seasonal Special,352.46
2026-05-12,BL-260512-14464,Swiggy,Espresso,157.1
2026-05-13,BL-260513-14466,Zomato,Blueberry Muffin,141.76
2026-05-13,BL-260513-14469,Swiggy,Croissant,121.83
2026-05-13,BL-260513-14469,Swiggy,Cold Brew,225.24
2026-05-13,BL-260513-14469,Swiggy,Cappuccino,183.69
2026-05-13,BL-260513-14469,Swiggy,Seasonal Special,366.71
2026-05-13,BL-260513-14470,Swiggy,Espresso,153.14
2026-05-13,BL-260513-14470,Swiggy,Cold Brew,227.84
2026-05-13,BL-260513-14471,Zomato,Avocado Toast,281.15
2026-05-13,BL-260513-14472,Zomato,Cold Brew,229.55
2026-05-13,BL-260513-14472,Zomato,Latte,403.82
2026-05-13,BL-260513-14474,Zomato,Avocado Toast,567.28
2026-05-13,BL-260513-14474,Zomato,Masala Chai,83.11
2026-05-13,BL-260513-14474,Zomato,Avocado Toast,282.69
2026-05-13,BL-260513-14478,Zomato,Cappuccino,182.22
2026-05-13,BL-260513-14481,Zomato,Espresso,155.49
2026-05-13,BL-260513-14481,Zomato,Masala Chai,81.96
2026-05-13,BL-260513-14481,Zomato,Latte,202.07
2026-05-13,BL-260513-14483,Zomato,Blueberry Muffin,140.18
2026-05-13,BL-260513-14484,Swiggy,Seasonal Special,358.18
2026-05-13,BL-260513-14485,Zomato,Masala Chai,82.29
2026-05-13,BL-260513-14486,Zomato,Masala Chai,80.39
2026-05-13,BL-260513-14487,Swiggy,Club Sandwich,325.76
2026-05-13,BL-260513-14487,Swiggy,Club Sandwich,321.95
2026-05-13,BL-260513-14487,Swiggy,Blueberry Muffin,140.35
2026-05-13,BL-260513-14490,Zomato,Club Sandwich,324.91
2026-05-13,BL-260513-14492,Zomato,Veg Wrap,267.27
2026-05-13,BL-260513-14495,Swiggy,Latte,199.58
2026-05-13,BL-260513-14495,Swiggy,Croissant,122.86
2026-05-13,BL-260513-14495,Swiggy,Cold Brew,230.14
2026-05-13,BL-260513-14496,Zomato,Croissant,120.48
2026-05-13,BL-260513-14496,Zomato,Blueberry Muffin,140.73
2026-05-13,BL-260513-14502,Swiggy,Chocolate Brownie,159.92
2026-05-13,BL-260513-14505,Swiggy,Avocado Toast,288.19
2026-05-13,BL-260513-14505,Swiggy,Veg Wrap,268.83
2026-05-13,BL-260513-14505,Swiggy,Cold Brew,456.79
2026-05-13,BL-260513-14506,Zomato,Espresso,154.5
2026-05-13,BL-260513-14506,Zomato,Iced Latte,500.07
2026-05-13,BL-260513-14509,Swiggy,Croissant,124.13
2026-05-13,BL-260513-14509,Swiggy,Club Sandwich,645.75
2026-05-13,BL-260513-14511,Swiggy,Espresso,155.51
2026-05-13,BL-260513-14511,Swiggy,Cappuccino,181.35
2026-05-13,BL-260513-14514,Zomato,Veg Wrap,266.14
2026-05-13,BL-260513-14514,Zomato,Cold Brew,221.69
2026-05-13,BL-260513-14517,Swiggy,Seasonal Special,349.63
2026-05-13,BL-260513-14517,Swiggy,Club Sandwich,331.37
2026-05-13,BL-260513-14523,Swiggy,Cappuccino,360.17
2026-05-13,BL-260513-14525,Swiggy,Espresso,150.77
2026-05-13,BL-260513-14525,Swiggy,Blueberry Muffin,143.41
2026-05-13,BL-260513-14526,Swiggy,Seasonal Special,360.71
2026-05-13,BL-260513-14526,Swiggy,Cold Brew,227.4
2026-05-13,BL-260513-14526,Swiggy,Veg Wrap,271.6
2026-05-13,BL-260513-14528,Swiggy,Chocolate Brownie,165.08
2026-05-13,BL-260513-14532-R,Zomato,Cold Brew,225.85
2026-05-13,BL-260513-14533,Swiggy,Masala Chai,81.71
2026-05-13,BL-260513-14537,Zomato,Espresso,304.08
2026-05-13,BL-260513-14537,Zomato,Seasonal Special,364.15
2026-05-13,BL-260513-14540,Zomato,Espresso,155.86
2026-05-13,BL-260513-14540,Zomato,Cappuccino,179.64
2026-05-13,BL-260513-14546,Zomato,Avocado Toast,285.3
2026-05-13,BL-260513-14546,Zomato,Cold Brew,459.07
2026-05-13,BL-260513-14547,Swiggy,Espresso,156.05
2026-05-13,BL-260513-14547,Swiggy,Veg Wrap,540.93
2026-05-13,BL-260513-14549,Zomato,Masala Chai,80.43
2026-05-13,BL-260513-14549,Zomato,Espresso,157.3
2026-05-13,BL-260513-14552,Zomato,Seasonal Special,355.23
2026-05-13,BL-260513-14553,Zomato,Cold Brew,220.78
2026-05-13,BL-260513-14553,Zomato,Cappuccino,182.66
2026-05-13,BL-260513-14555,Zomato,Espresso,152.13
2026-05-13,BL-260513-14555,Zomato,Croissant,242.33
2026-05-14,BL-260514-14560,Zomato,Cold Brew,222.38
2026-05-14,BL-260514-14561,Swiggy,Croissant,122.72
2026-05-14,BL-260514-14561,Swiggy,Chocolate Brownie,164.54
2026-05-14,BL-260514-14562,Zomato,Blueberry Muffin,145.08
2026-05-14,BL-260514-14563,Zomato,Masala Chai,80.58
2026-05-14,BL-260514-14563,Zomato,Cappuccino,186.33
2026-05-14,BL-260514-14565,Zomato,Veg Wrap,531.41
2026-05-14,BL-260514-14565,Zomato,Iced Latte,250.9
2026-05-14,BL-260514-14565,Zomato,Seasonal Special,356.92
2026-05-14,BL-260514-14566,Swiggy,Blueberry Muffin,143.51
2026-05-14,BL-260514-14566,Swiggy,Espresso,155.11
2026-05-14,BL-260514-14566,Swiggy,Masala Chai,82.05
2026-05-14,BL-260514-14567,Swiggy,Avocado Toast,289.52
2026-05-14,BL-260514-14567,Swiggy,Cappuccino,376.95
2026-05-14,BL-260514-14569,Swiggy,Veg Wrap,539.67
2026-05-14,BL-260514-14569,Swiggy,Seasonal Special,356.72
2026-05-14,BL-260514-14571,Swiggy,Latte,209.77
2026-05-14,BL-260514-14571,Swiggy,Avocado Toast,282.55
2026-05-14,BL-260514-14571,Swiggy,Latte,203.08
2026-05-14,BL-260514-14581,Swiggy,Croissant,125.19
2026-05-14,BL-260514-14581,Swiggy,Chocolate Brownie,164.26
2026-05-14,BL-260514-14586,Zomato,Espresso,151.05
2026-05-14,BL-260514-14589,Swiggy,Espresso,157.38
2026-05-14,BL-260514-14589,Swiggy,Iced Latte,243.91
2026-05-14,BL-260514-14591,Zomato,Blueberry Muffin,286.6
2026-05-14,BL-260514-14591,Zomato,Club Sandwich,331.53
2026-05-14,BL-260514-14594,Swiggy,Cold Brew,222.03
2026-05-14,BL-260514-14595,Zomato,Seasonal Special,362.6
2026-05-14,BL-260514-14595,Zomato,Avocado Toast,288.38
2026-05-14,BL-260514-14596,Zomato,Espresso,157.36
2026-05-14,BL-260514-14596,Zomato,Cold Brew,229.61
2026-05-14,BL-260514-14599,Zomato,Latte,205.16
2026-05-14,BL-260514-14600,Swiggy,Cold Brew,225.15
2026-05-14,BL-260514-14600,Swiggy,Club Sandwich,321.4
2026-05-14,BL-260514-14605,Swiggy,Chocolate Brownie,335.72
2026-05-14,BL-260514-14605,Swiggy,Avocado Toast,288.4
2026-05-14,BL-260514-14606,Zomato,Iced Latte,245.45
2026-05-14,BL-260514-14606,Zomato,Blueberry Muffin,146.21
2026-05-14,BL-260514-14607,Zomato,Club Sandwich,332.63
2026-05-14,BL-260514-14607,Zomato,Blueberry Muffin,140.74
2026-05-14,BL-260514-14610,Zomato,Seasonal Special,354.52
2026-05-14,BL-260514-14611,Swiggy,Latte,202.07
2026-05-14,BL-260514-14613,Swiggy,Chocolate Brownie,161.37
2026-05-14,BL-260514-14613,Swiggy,Espresso,155.55
2026-05-14,BL-260514-14614,Zomato,Blueberry Muffin,144.23
2026-05-14,BL-260514-14614,Zomato,Seasonal Special,366.4
2026-05-14,BL-260514-14614,Zomato,Croissant,249.02
2026-05-14,BL-260514-14616,Swiggy,Cold Brew,220.11
2026-05-14,BL-260514-14616,Swiggy,Veg Wrap,545.33
2026-05-14,BL-260514-14617,Zomato,Iced Latte,240.42
2026-05-14,BL-260514-14618,Swiggy,Cold Brew,221.29
2026-05-14,BL-260514-14618,Swiggy,Masala Chai,81.62
2026-05-14,BL-260514-14618,Swiggy,Veg Wrap,272.16
2026-05-14,BL-260514-14621,Zomato,Chocolate Brownie,160.66
2026-05-14,BL-260514-14621,Zomato,Avocado Toast,285.21
2026-05-14,BL-260514-14622,Swiggy,Club Sandwich,321.74
2026-05-14,BL-260514-14623,Swiggy,Latte,200.77
2026-05-14,BL-260514-14623,Swiggy,Croissant,125.44
2026-05-14,BL-260514-14627,Zomato,Avocado Toast,288.87
2026-05-14,BL-260514-14629,Zomato,Blueberry Muffin,140.57
2026-05-14,BL-260514-14634,Swiggy,Latte,208.59
2026-05-14,BL-260514-14634,Swiggy,Latte,407.91
2026-05-14,BL-260514-14637,Swiggy,Cold Brew,223.83
2026-05-14,BL-260514-14637,Swiggy,Latte,199.92
2026-05-14,BL-260514-14638,Zomato,Latte,207.01
2026-05-14,BL-260514-14638,Zomato,Club Sandwich,654.45
2026-05-15,BL-260515-14646,Zomato,Masala Chai,81.87
2026-05-15,BL-260515-14646,Zomato,Seasonal Special,714.03
2026-05-15,BL-260515-14647,Zomato,Iced Latte,485.46
2026-05-15,BL-260515-14647,Zomato,Cold Brew,456.52
2026-05-15,BL-260515-14649,Zomato,Chocolate Brownie,160.11
2026-05-15,BL-260515-14650,Zomato,Avocado Toast,293.4
2026-05-15,BL-260515-14654,Swiggy,Seasonal Special,361.41
2026-05-15,BL-260515-14654,Swiggy,Espresso,151.14
2026-05-15,BL-260515-14655,Swiggy,Masala Chai,81.3
2026-05-15,BL-260515-14655,Swiggy,Veg Wrap,271.77
2026-05-15,BL-260515-14657,Zomato,Espresso,157.04
2026-05-15,BL-260515-14657,Zomato,Veg Wrap,265.07
2026-05-15,BL-260515-14657,Zomato,Iced Latte,248.92
2026-05-15,BL-260515-14658,Zomato,Espresso,151.16
2026-05-15,BL-260515-14658,Zomato,Avocado Toast,284.73
2026-05-15,BL-260515-14658,Zomato,Cappuccino,186.87
2026-05-15,BL-260515-14659,Zomato,Iced Latte,479.64
2026-05-15,BL-260515-14669,Zomato,Avocado Toast,282.92
2026-05-15,BL-260515-14669,Zomato,Cappuccino,364.58
2026-05-15,BL-260515-14671,Swiggy,Masala Chai,81.64
2026-05-15,BL-260515-14671,Swiggy,Veg Wrap,261.03
2026-05-15,BL-260515-14673,Zomato,Latte,208.37
2026-05-15,BL-260515-14679,Zomato,Espresso,154.06
2026-05-15,BL-260515-14681,Swiggy,Veg Wrap,259.52
2026-05-15,BL-260515-14684,Zomato,Avocado Toast,280.02
2026-05-15,BL-260515-14684,Zomato,Chocolate Brownie,164.76
2026-05-15,BL-260515-14685,Zomato,Masala Chai,80.54
2026-05-15,BL-260515-14685,Zomato,Blueberry Muffin,145.53
2026-05-15,BL-260515-14688,Zomato,Blueberry Muffin,141.83
2026-05-15,BL-260515-14688,Zomato,Blueberry Muffin,145.85
2026-05-15,BL-260515-14696,Zomato,Iced Latte,248.82
2026-05-15,BL-260515-14696,Zomato,Espresso,153.77
2026-05-15,BL-260515-14700,Swiggy,Blueberry Muffin,139.97
2026-05-15,BL-260515-14700,Swiggy,Avocado Toast,585.4
2026-05-15,BL-260515-14702,Zomato,Latte,199.57
2026-05-15,BL-260515-14703,Zomato,Cappuccino,188.21
2026-05-15,BL-260515-14703,Zomato,Latte,206.72
2026-05-15,BL-260515-14706,Swiggy,Croissant,240.84
2026-05-15,BL-260515-14706,Swiggy,Veg Wrap,270.82
2026-05-15,BL-260515-14707,Zomato,Masala Chai,80.57
2026-05-15,BL-260515-14709,Zomato,Blueberry Muffin,142.45
2026-05-15,BL-260515-14710,Swiggy,Blueberry Muffin,146.52
2026-05-15,BL-260515-14713,Zomato,Cold Brew,227.26
2026-05-15,BL-260515-14713,Zomato,Croissant,245.92
2026-05-15,BL-260515-14717,Swiggy,Club Sandwich,333.84
2026-05-15,BL-260515-14717,Swiggy,Avocado Toast,284.24
2026-05-15,BL-260515-14719,Zomato,Seasonal Special,354.46
2026-05-15,BL-260515-14719,Zomato,Cappuccino,187.0
2026-05-15,BL-260515-14721,Zomato,Chocolate Brownie,162.18
2026-05-15,BL-260515-14721,Zomato,Latte,207.22
2026-05-15,BL-260515-14723,Zomato,Blueberry Muffin,145.65
2026-05-15,BL-260515-14723,Zomato,Latte,199.58
2026-05-15,BL-260515-14723,Zomato,Blueberry Muffin,144.49
2026-05-15,BL-260515-14725,Zomato,Avocado Toast,283.64
2026-05-15,BL-260515-14729,Swiggy,Club Sandwich,659.56
2026-05-15,BL-260515-14729,Swiggy,Blueberry Muffin,141.64
2026-05-15,BL-260515-14732,Swiggy,Avocado Toast,292.87
2026-05-15,BL-260515-14733,Swiggy,Masala Chai,80.6
2026-05-15,BL-260515-14738,Zomato,Club Sandwich,335.51
2026-05-15,BL-260515-14741,Swiggy,Espresso,151.76
2026-05-15,BL-260515-14743,Zomato,Cappuccino,181.52
2026-05-15,BL-260515-14743,Zomato,Club Sandwich,334.48
2026-05-15,BL-260515-14743,Zomato,Chocolate Brownie,331.5
2026-05-15,BL-260515-14744,Zomato,Croissant,125.12
2026-05-15,BL-260515-14744,Zomato,Cold Brew,454.23
2026-05-16,BL-260516-14752,Swiggy,Avocado Toast,293.84
2026-05-16,BL-260516-14756,Zomato,Blueberry Muffin,141.31
2026-05-16,BL-260516-14756,Zomato,Avocado Toast,282.51
2026-05-16,BL-260516-14758,Swiggy,Cappuccino,182.95
2026-05-16,BL-260516-14758,Swiggy,Espresso,156.26
2026-05-16,BL-260516-14758,Swiggy,Cold Brew,444.49
2026-05-16,BL-260516-14759,Swiggy,Cappuccino,187.91
2026-05-16,BL-260516-14759,Swiggy,Croissant,251.27
2026-05-16,BL-260516-14763,Zomato,Croissant,245.33
2026-05-16,BL-260516-14767,Swiggy,Seasonal Special,362.43
2026-05-16,BL-260516-14769,Zomato,Chocolate Brownie,330.93
2026-05-16,BL-260516-14781,Zomato,Iced Latte,240.92
2026-05-16,BL-260516-14781,Zomato,Latte,206.18
2026-05-16,BL-260516-14782,Swiggy,Iced Latte,249.72
2026-05-16,BL-260516-14782,Swiggy,Cold Brew,225.41
2026-05-16,BL-260516-14783,Swiggy,Club Sandwich,328.27
2026-05-16,BL-260516-14783,Swiggy,Espresso,150.63
2026-05-16,BL-260516-14793,Zomato,Veg Wrap,269.79
2026-05-16,BL-260516-14804,Zomato,Cappuccino,187.49
2026-05-16,BL-260516-14804,Zomato,Blueberry Muffin,139.88
2026-05-16,BL-260516-14805,Zomato,Croissant,122.37
2026-05-16,BL-260516-14805,Zomato,Croissant,120.2
2026-05-16,BL-260516-14806,Zomato,Chocolate Brownie,162.92
2026-05-16,BL-260516-14806,Zomato,Veg Wrap,261.94
2026-05-16,BL-260516-14807,Swiggy,Croissant,125.58
2026-05-16,BL-260516-14807,Swiggy,Avocado Toast,284.43
2026-05-16,BL-260516-14812,Swiggy,Blueberry Muffin,141.35
2026-05-16,BL-260516-14812,Swiggy,Veg Wrap,264.84
2026-05-16,BL-260516-14812,Swiggy,Iced Latte,243.79
2026-05-16,BL-260516-14817,Swiggy,Club Sandwich,661.39
2026-05-16,BL-260516-14819,Swiggy,Chocolate Brownie,164.99
2026-05-16,BL-260516-14821,Zomato,Blueberry Muffin,290.44
2026-05-16,BL-260516-14821,Zomato,Cold Brew,226.09
2026-05-16,BL-260516-14823,Swiggy,Croissant,123.97
2026-05-16,BL-260516-14824,Swiggy,Croissant,122.53
2026-05-16,BL-260516-14824,Swiggy,Avocado Toast,284.34
2026-05-16,BL-260516-14825,Swiggy,Avocado Toast,283.55
2026-05-16,BL-260516-14825,Swiggy,Club Sandwich,320.9
2026-05-16,BL-260516-14825,Swiggy,Croissant,124.01
2026-05-16,BL-260516-14826,Swiggy,Croissant,124.91
2026-05-16,BL-260516-14826,Swiggy,Masala Chai,83.51
2026-05-16,BL-260516-14829,Zomato,Chocolate Brownie,160.73
2026-05-16,BL-260516-14830,Zomato,Espresso,150.87
2026-05-16,BL-260516-14830,Zomato,Croissant,123.73
2026-05-16,BL-260516-14830,Zomato,Iced Latte,247.18
2026-05-16,BL-260516-14831,Zomato,Masala Chai,81.01
2026-05-16,BL-260516-14832,Swiggy,Iced Latte,247.26
2026-05-16,BL-260516-14838,Zomato,Latte,409.43
2026-05-16,BL-260516-14839,Swiggy,Chocolate Brownie,166.61
2026-05-16,BL-260516-14839,Swiggy,Masala Chai,83.05
2026-05-16,BL-260516-14842,Swiggy,Cappuccino,359.7
2026-05-16,BL-260516-14842,Swiggy,Croissant,122.44
2026-05-16,BL-260516-14843,Swiggy,Cappuccino,185.8
2026-05-16,BL-260516-14843,Swiggy,Cold Brew,230.51
2026-05-16,BL-260516-14844,Swiggy,Blueberry Muffin,145.07
2026-05-16,BL-260516-14844,Swiggy,Veg Wrap,268.41
2026-05-16,BL-260516-14852,Swiggy,Blueberry Muffin,143.98
2026-05-16,BL-260516-14852,Swiggy,Club Sandwich,332.36
2026-05-16,BL-260516-14854,Zomato,Croissant,125.91
2026-05-16,BL-260516-14854,Zomato,Espresso,154.56
2026-05-16,BL-260516-14856,Swiggy,Seasonal Special,349.73
2026-05-16,BL-260516-14856,Swiggy,Avocado Toast,280.8
2026-05-16,BL-260516-14856,Swiggy,Club Sandwich,334.78
2026-05-16,BL-260516-14862,Swiggy,Cold Brew,456.14
2026-05-16,BL-260516-14862,Swiggy,Veg Wrap,520.03
2026-05-16,BL-260516-14865,Swiggy,Avocado Toast,279.62
2026-05-16,BL-260516-14865,Swiggy,Avocado Toast,293.98
2026-05-16,BL-260516-14865,Swiggy,Cappuccino,368.36
2026-05-16,BL-260516-14867,Swiggy,Masala Chai,80.29
2026-05-16,BL-260516-14870,Swiggy,Veg Wrap,272.67
2026-05-16,BL-260516-14870,Swiggy,Seasonal Special,353.33
2026-05-16,BL-260516-14873,Zomato,Avocado Toast,287.73
2026-05-16,BL-260516-14873,Zomato,Espresso,156.24
2026-05-16,BL-260516-14873,Zomato,Cappuccino,180.11
2026-05-16,BL-260516-14876,Swiggy,Croissant,119.92
2026-05-16,BL-260516-14876,Swiggy,Espresso,157.03
2026-05-16,BL-260516-14877,Zomato,Club Sandwich,322.93
2026-05-16,BL-260516-14877,Zomato,Avocado Toast,579.5
2026-05-16,BL-260516-14877,Zomato,Seasonal Special,716.02
2026-05-16,BL-260516-14878,Swiggy,Latte,204.55
2026-05-16,BL-260516-14878,Swiggy,Club Sandwich,331.54
2026-05-16,BL-260516-14880,Swiggy,Masala Chai,80.97
2026-05-16,BL-260516-14880,Swiggy,Latte,209.11
2026-05-16,BL-260516-14882,Swiggy,Cold Brew,226.08
2026-05-17,BL-260517-14890,Swiggy,Chocolate Brownie,160.85
2026-05-17,BL-260517-14893,Swiggy,Veg Wrap,520.16
2026-05-17,BL-260517-14894,Swiggy,Seasonal Special,359.78
2026-05-17,BL-260517-14894,Swiggy,Masala Chai,83.8
2026-05-17,BL-260517-14896,Zomato,Croissant,120.09
2026-05-17,BL-260517-14896,Zomato,Iced Latte,248.45
2026-05-17,BL-260517-14903,Swiggy,Masala Chai,81.11
2026-05-17,BL-260517-14903,Swiggy,Latte,203.66
2026-05-17,BL-260517-14903,Swiggy,Croissant,121.03
2026-05-17,BL-260517-14906,Swiggy,Espresso,151.0
2026-05-17,BL-260517-14906,Swiggy,Cold Brew,224.57
2026-05-17,BL-260517-14906,Swiggy,Veg Wrap,266.51
2026-05-17,BL-260517-14907,Swiggy,Seasonal Special,366.8
2026-05-17,BL-260517-14907,Swiggy,Iced Latte,243.16
2026-05-17,BL-260517-14911,Zomato,Chocolate Brownie,160.87
2026-05-17,BL-260517-14911,Zomato,Cold Brew,229.08
2026-05-17,BL-260517-14912,Swiggy,Iced Latte,501.96
2026-05-17,BL-260517-14912,Swiggy,Cappuccino,363.61
2026-05-17,BL-260517-14913,Swiggy,Avocado Toast,289.43
2026-05-17,BL-260517-14916,Zomato,Iced Latte,248.42
2026-05-17,BL-260517-14916,Zomato,Cappuccino,180.36
2026-05-17,BL-260517-14917,Zomato,Cappuccino,186.86
2026-05-17,BL-260517-14925,Zomato,Croissant,250.84
2026-05-17,BL-260517-14929,Swiggy,Cappuccino,179.77
2026-05-17,BL-260517-14929,Swiggy,Cappuccino,369.42
2026-05-17,BL-260517-14929,Swiggy,Espresso,156.68
2026-05-17,BL-260517-14932,Zomato,Latte,419.5
2026-05-17,BL-260517-14941,Zomato,Chocolate Brownie,160.06
2026-05-17,BL-260517-14941,Zomato,Masala Chai,164.77
2026-05-17,BL-260517-14941,Zomato,Club Sandwich,332.66
2026-05-17,BL-260517-14950,Zomato,Veg Wrap,261.02
2026-05-17,BL-260517-14951,Swiggy,Seasonal Special,362.56
2026-05-17,BL-260517-14951,Swiggy,Club Sandwich,329.04
2026-05-17,BL-260517-14956,Zomato,Veg Wrap,260.59
2026-05-17,BL-260517-14963,Swiggy,Seasonal Special,355.46
2026-05-17,BL-260517-14963,Swiggy,Blueberry Muffin,140.96
2026-05-17,BL-260517-14966,Zomato,Cold Brew,228.69
2026-05-17,BL-260517-14966,Zomato,Croissant,124.08
2026-05-17,BL-260517-14966,Zomato,Masala Chai,83.78
2026-05-17,BL-260517-14967,Swiggy,Chocolate Brownie,166.93
2026-05-17,BL-260517-14967,Swiggy,Cappuccino,181.96
2026-05-17,BL-260517-14968,Swiggy,Espresso,150.74
2026-05-17,BL-260517-14975,Zomato,Cappuccino,182.18
2026-05-17,BL-260517-14985,Zomato,Club Sandwich,320.49
2026-05-17,BL-260517-14987,Swiggy,Cappuccino,181.73
2026-05-17,BL-260517-14988,Zomato,Iced Latte,480.74
2026-05-17,BL-260517-14990,Swiggy,Seasonal Special,353.63
2026-05-17,BL-260517-14990,Swiggy,Veg Wrap,269.65
2026-05-17,BL-260517-14990,Swiggy,Avocado Toast,568.28
2026-05-17,BL-260517-14990,Swiggy,Croissant,121.37
2026-05-17,BL-260517-14992,Zomato,Latte,203.51
2026-05-17,BL-260517-14997,Zomato,Iced Latte,241.22
2026-05-17,BL-260517-14997,Zomato,Seasonal Special,350.2
2026-05-17,BL-260517-14997,Zomato,Veg Wrap,264.64
2026-05-17,BL-260517-14997,Zomato,Croissant,123.31
2026-05-17,BL-260517-15002,Zomato,Croissant,123.12
2026-05-17,BL-260517-15004,Swiggy,Croissant,124.74
2026-05-17,BL-260517-15004,Swiggy,Masala Chai,83.14
2026-05-17,BL-260517-15004,Swiggy,Chocolate Brownie,164.2
2026-05-17,BL-260517-15005,Swiggy,Chocolate Brownie,167.52
2026-05-17,BL-260517-15005,Swiggy,Espresso,151.33
2026-05-17,BL-260517-15008,Zomato,Club Sandwich,327.6
2026-05-17,BL-260517-15008,Zomato,Masala Chai,82.38
2026-05-17,BL-260517-15009,Swiggy,Club Sandwich,330.86
2026-05-17,BL-260517-15011,Swiggy,Cold Brew,452.13
2026-05-17,BL-260517-15011,Swiggy,Blueberry Muffin,145.83
2026-05-17,BL-260517-15012,Swiggy,Chocolate Brownie,165.73
2026-05-17,BL-260517-15012,Swiggy,Latte,200.66
2026-05-18,BL-260518-15018,Swiggy,Croissant,121.41
2026-05-18,BL-260518-15019,Zomato,Espresso,154.13
2026-05-18,BL-260518-15019,Zomato,Espresso,155.52
2026-05-18,BL-260518-15021,Zomato,Espresso,149.72
2026-05-18,BL-260518-15021,Zomato,Croissant,120.86
2026-05-18,BL-260518-15030,Zomato,Masala Chai,82.65
2026-05-18,BL-260518-15032,Swiggy,Avocado Toast,577.51
2026-05-18,BL-260518-15032,Swiggy,Avocado Toast,290.79
2026-05-18,BL-260518-15032,Swiggy,Veg Wrap,262.3
2026-05-18,BL-260518-15033,Swiggy,Cold Brew,460.97
2026-05-18,BL-260518-15033,Swiggy,Chocolate Brownie,165.24
2026-05-18,BL-260518-15036,Zomato,Iced Latte,246.94
2026-05-18,BL-260518-15036,Zomato,Seasonal Special,357.97
2026-05-18,BL-260518-15038,Swiggy,Cappuccino,186.55
2026-05-18,BL-260518-15038,Swiggy,Latte,201.63
2026-05-18,BL-260518-15038,Swiggy,Chocolate Brownie,164.6
2026-05-18,BL-260518-15040,Swiggy,Avocado Toast,586.57
2026-05-18,BL-260518-15041,Zomato,Iced Latte,250.6
2026-05-18,BL-260518-15047,Zomato,Club Sandwich,332.36
2026-05-18,BL-260518-15047,Zomato,Chocolate Brownie,319.29
2026-05-18,BL-260518-15048,Swiggy,Masala Chai,80.73
2026-05-18,BL-260518-15048,Swiggy,Avocado Toast,279.31
2026-05-18,BL-260518-15048,Swiggy,Croissant,123.48
2026-05-18,BL-260518-15050,Zomato,Veg Wrap,271.58
2026-05-18,BL-260518-15050,Zomato,Veg Wrap,271.9
2026-05-18,BL-260518-15050,Zomato,Cappuccino,182.71
2026-05-18,BL-260518-15052,Zomato,Iced Latte,243.54
2026-05-18,BL-260518-15055,Swiggy,Latte,206.43
2026-05-18,BL-260518-15055,Swiggy,Latte,205.68
2026-05-18,BL-260518-15056,Zomato,Club Sandwich,329.43
2026-05-18,BL-260518-15056,Zomato,Club Sandwich,331.01
2026-05-18,BL-260518-15061,Zomato,Chocolate Brownie,160.65
2026-05-18,BL-260518-15064,Swiggy,Iced Latte,498.78
2026-05-18,BL-260518-15064,Swiggy,Seasonal Special,367.33
2026-05-18,BL-260518-15071,Swiggy,Latte,201.56
2026-05-18,BL-260518-15072,Zomato,Latte,204.4
2026-05-18,BL-260518-15072,Zomato,Cappuccino,367.21
2026-05-18,BL-260518-15073,Swiggy,Avocado Toast,281.45
2026-05-18,BL-260518-15073,Swiggy,Iced Latte,242.26
2026-05-18,BL-260518-15074,Swiggy,Cold Brew,229.66
2026-05-18,BL-260518-15074,Swiggy,Iced Latte,242.03
2026-05-18,BL-260518-15075,Zomato,Cold Brew,227.01
2026-05-18,BL-260518-15075,Zomato,Iced Latte,244.56
2026-05-18,BL-260518-15075,Zomato,Masala Chai,83.47
2026-05-18,BL-260518-15076,Swiggy,Espresso,149.99
2026-05-18,BL-260518-15077,Zomato,Espresso,152.97
2026-05-18,BL-260518-15077,Zomato,Cold Brew,219.54
2026-05-18,BL-260518-15081,Zomato,Iced Latte,242.16
2026-05-18,BL-260518-15085,Swiggy,Latte,404.81
2026-05-18,BL-260518-15086,Zomato,Veg Wrap,260.39
2026-05-18,BL-260518-15086,Zomato,Blueberry Muffin,141.14
2026-05-18,BL-260518-15096,Swiggy,Veg Wrap,272.62
2026-05-18,BL-260518-15096,Swiggy,Avocado Toast,289.79
2026-05-18,BL-260518-15103,Zomato,Croissant,250.11
2026-05-18,BL-260518-15105,Swiggy,Seasonal Special,727.74
2026-05-18,BL-260518-15105,Swiggy,Masala Chai,80.5
2026-05-18,BL-260518-15106,Swiggy,Latte,199.69
2026-05-18,BL-260518-15106,Swiggy,Iced Latte,250.54
2026-05-18,BL-260518-15109,Zomato,Cappuccino,179.98
2026-05-18,BL-260518-15109,Zomato,Chocolate Brownie,160.29
2026-05-18,BL-260518-15110,Zomato,Veg Wrap,263.97
2026-05-18,BL-260518-15112,Zomato,Cappuccino,180.2
2026-05-18,BL-260518-15115,Swiggy,Cold Brew,230.07
2026-05-18,BL-260518-15115,Swiggy,Avocado Toast,291.27
2026-05-18,BL-260518-15115,Swiggy,Cappuccino,179.73
2026-05-18,BL-260518-15116,Zomato,Iced Latte,241.55
2026-05-18,BL-260518-15116,Zomato,Avocado Toast,280.89
2026-05-18,BL-260518-15118,Zomato,Cold Brew,228.77
2026-05-18,BL-260518-15121,Zomato,Blueberry Muffin,144.31
2026-05-19,BL-260519-15122,Zomato,Club Sandwich,335.94
2026-05-19,BL-260519-15122,Zomato,Cappuccino,183.12
2026-05-19,BL-260519-15122,Zomato,Club Sandwich,322.42
2026-05-19,BL-260519-15122,Zomato,Seasonal Special,356.59
2026-05-19,BL-260519-15123,Swiggy,Club Sandwich,650.3
2026-05-19,BL-260519-15125,Swiggy,Veg Wrap,272.1
2026-05-19,BL-260519-15125,Swiggy,Espresso,312.63
2026-05-19,BL-260519-15125,Swiggy,Cold Brew,229.95
2026-05-19,BL-260519-15126,Zomato,Espresso,152.76
2026-05-19,BL-260519-15126,Zomato,Latte,201.29
2026-05-19,BL-260519-15131,Swiggy,Masala Chai,80.47
2026-05-19,BL-260519-15131,Swiggy,Veg Wrap,260.08
2026-05-19,BL-260519-15132-R,Zomato,Masala Chai,81.97
2026-05-19,BL-260519-15132-R,Zomato,Masala Chai,82.33
2026-05-19,BL-260519-15140,Zomato,Iced Latte,248.94
2026-05-19,BL-260519-15141,Zomato,Croissant,120.14
2026-05-19,BL-260519-15141,Zomato,Avocado Toast,292.83
2026-05-19,BL-260519-15142,Swiggy,Blueberry Muffin,146.41
2026-05-19,BL-260519-15143,Zomato,Espresso,150.63
2026-05-19,BL-260519-15143,Zomato,Masala Chai,81.59
2026-05-19,BL-260519-15144,Zomato,Iced Latte,241.34
2026-05-19,BL-260519-15146,Swiggy,Chocolate Brownie,322.23
2026-05-19,BL-260519-15146,Swiggy,Blueberry Muffin,139.86
2026-05-19,BL-260519-15146,Swiggy,Croissant,248.02
2026-05-19,BL-260519-15147,Swiggy,Cappuccino,183.02
2026-05-19,BL-260519-15153,Swiggy,Club Sandwich,671.07
2026-05-19,BL-260519-15154,Swiggy,Latte,412.56
2026-05-19,BL-260519-15154,Swiggy,Cappuccino,185.3
2026-05-19,BL-260519-15154,Swiggy,Blueberry Muffin,141.3
2026-05-19,BL-260519-15160,Swiggy,Iced Latte,245.45
2026-05-19,BL-260519-15160,Swiggy,Veg Wrap,261.86
2026-05-19,BL-260519-15165,Zomato,Club Sandwich,324.0
2026-05-19,BL-260519-15167,Swiggy,Avocado Toast,282.98
2026-05-19,BL-260519-15167,Swiggy,Blueberry Muffin,285.08
2026-05-19,BL-260519-15170,Zomato,Iced Latte,246.45
2026-05-19,BL-260519-15171,Zomato,Cold Brew,442.87
2026-05-19,BL-260519-15171,Zomato,Cappuccino,180.39
2026-05-19,BL-260519-15173,Zomato,Cold Brew,228.65
2026-05-19,BL-260519-15173,Zomato,Cold Brew,224.6
2026-05-19,BL-260519-15175,Zomato,Iced Latte,496.4
2026-05-19,BL-260519-15175,Zomato,Blueberry Muffin,144.2
2026-05-19,BL-260519-15175,Zomato,Blueberry Muffin,145.32
2026-05-19,BL-260519-15176,Zomato,Chocolate Brownie,165.9
2026-05-19,BL-260519-15176,Zomato,Cappuccino,183.22
2026-05-19,BL-260519-15176,Zomato,Masala Chai,83.17
2026-05-19,BL-260519-15181,Swiggy,Croissant,125.2
2026-05-19,BL-260519-15181,Swiggy,Avocado Toast,291.66
2026-05-19,BL-260519-15182,Swiggy,Masala Chai,81.68
2026-05-19,BL-260519-15182,Swiggy,Club Sandwich,320.53
2026-05-19,BL-260519-15183,Swiggy,Latte,206.19
2026-05-19,BL-260519-15188,Zomato,Latte,199.88
2026-05-19,BL-260519-15188,Zomato,Croissant,120.54
2026-05-19,BL-260519-15188,Zomato,Chocolate Brownie,160.87
2026-05-19,BL-260519-15189,Zomato,Latte,203.24
2026-05-19,BL-260519-15189,Zomato,Chocolate Brownie,167.87
2026-05-19,BL-260519-15189,Zomato,Latte,201.24
2026-05-19,BL-260519-15190,Zomato,Avocado Toast,290.33
2026-05-19,BL-260519-15190,Zomato,Club Sandwich,320.6
2026-05-19,BL-260519-15191,Swiggy,Latte,204.91
2026-05-19,BL-260519-15191,Swiggy,Masala Chai,81.58
2026-05-19,BL-260519-15192,Zomato,Cold Brew,220.27
2026-05-19,BL-260519-15192,Zomato,Veg Wrap,528.47
2026-05-19,BL-260519-15193,Zomato,Chocolate Brownie,163.65
2026-05-19,BL-260519-15193,Zomato,Club Sandwich,650.41
2026-05-19,BL-260519-15195,Swiggy,Espresso,150.4
2026-05-19,BL-260519-15201,Swiggy,Seasonal Special,361.85
2026-05-19,BL-260519-15201,Swiggy,Chocolate Brownie,328.53
2026-05-19,BL-260519-15201,Swiggy,Blueberry Muffin,145.32
2026-05-19,BL-260519-15202,Zomato,Blueberry Muffin,144.76
2026-05-19,BL-260519-15205,Zomato,Cold Brew,220.27
2026-05-19,BL-260519-15212,Swiggy,Latte,401.19
2026-05-19,BL-260519-15217,Zomato,Croissant,121.87
2026-05-19,BL-260519-15219,Zomato,Latte,407.52
2026-05-19,BL-260519-15219,Zomato,Avocado Toast,281.69
2026-05-19,BL-260519-15227,Swiggy,Latte,205.45
2026-05-19,BL-260519-15227,Swiggy,Blueberry Muffin,145.93
2026-05-19,BL-260519-15230,Zomato,Avocado Toast,285.29
2026-05-19,BL-260519-15231,Zomato,Veg Wrap,260.72
2026-05-19,BL-260519-15231,Zomato,Chocolate Brownie,167.65
2026-05-19,BL-260519-15234,Zomato,Masala Chai,164.52
2026-05-19,BL-260519-15234,Zomato,Seasonal Special,353.8
2026-05-20,BL-260520-15236,Zomato,Veg Wrap,270.68
2026-05-20,BL-260520-15237,Swiggy,Croissant,247.96
2026-05-20,BL-260520-15238,Swiggy,Blueberry Muffin,140.66
2026-05-20,BL-260520-15238,Swiggy,Iced Latte,241.04
2026-05-20,BL-260520-15238,Swiggy,Croissant,120.74
2026-05-20,BL-260520-15239,Zomato,Avocado Toast,292.1
2026-05-20,BL-260520-15239,Zomato,Chocolate Brownie,163.47
2026-05-20,BL-260520-15240,Swiggy,Latte,201.52
2026-05-20,BL-260520-15242,Zomato,Latte,205.3
2026-05-20,BL-260520-15244,Swiggy,Iced Latte,250.36
2026-05-20,BL-260520-15244,Swiggy,Club Sandwich,332.13
2026-05-20,BL-260520-15246,Zomato,Veg Wrap,272.59
2026-05-20,BL-260520-15248,Swiggy,Croissant,123.2
2026-05-20,BL-260520-15248,Swiggy,Blueberry Muffin,142.59
2026-05-20,BL-260520-15251,Swiggy,Masala Chai,80.87
2026-05-20,BL-260520-15252,Swiggy,Iced Latte,245.71
2026-05-20,BL-260520-15252,Swiggy,Veg Wrap,260.74
2026-05-20,BL-260520-15252,Swiggy,Avocado Toast,286.96
2026-05-20,BL-260520-15254,Zomato,Croissant,122.98
2026-05-20,BL-260520-15254,Zomato,Espresso,150.38
2026-05-20,BL-260520-15258,Zomato,Seasonal Special,349.2
2026-05-20,BL-260520-15258,Zomato,Seasonal Special,353.4
2026-05-20,BL-260520-15259,Swiggy,Masala Chai,83.36
2026-05-20,BL-260520-15260,Zomato,Seasonal Special,351.73
2026-05-20,BL-260520-15260,Zomato,Seasonal Special,351.98
2026-05-20,BL-260520-15261,Swiggy,Blueberry Muffin,140.1
2026-05-20,BL-260520-15261,Swiggy,Croissant,123.67
2026-05-20,BL-260520-15262,Swiggy,Veg Wrap,262.11
2026-05-20,BL-260520-15262,Swiggy,Seasonal Special,364.07
2026-05-20,BL-260520-15263,Swiggy,Club Sandwich,332.58
2026-05-20,BL-260520-15272,Swiggy,Club Sandwich,331.81
2026-05-20,BL-260520-15272,Swiggy,Blueberry Muffin,287.74
2026-05-20,BL-260520-15275,Zomato,Chocolate Brownie,164.48
2026-05-20,BL-260520-15275,Zomato,Veg Wrap,262.26
2026-05-20,BL-260520-15276,Zomato,Club Sandwich,326.76
2026-05-20,BL-260520-15276,Zomato,Cappuccino,362.47
2026-05-20,BL-260520-15279,Swiggy,Cappuccino,186.97
2026-05-20,BL-260520-15279,Swiggy,Club Sandwich,334.91
2026-05-20,BL-260520-15280,Zomato,Avocado Toast,293.56
2026-05-20,BL-260520-15280,Zomato,Avocado Toast,291.8
2026-05-20,BL-260520-15280,Zomato,Seasonal Special,699.53
2026-05-20,BL-260520-15281,Swiggy,Seasonal Special,364.56
2026-05-20,BL-260520-15283,Swiggy,Iced Latte,242.28
2026-05-20,BL-260520-15283,Swiggy,Cappuccino,185.07
2026-05-20,BL-260520-15284,Zomato,Espresso,153.23
2026-05-20,BL-260520-15284,Zomato,Iced Latte,245.07
2026-05-20,BL-260520-15284,Zomato,Chocolate Brownie,159.94
2026-05-20,BL-260520-15285,Swiggy,Masala Chai,80.97
2026-05-20,BL-260520-15285,Swiggy,Cappuccino,185.34
2026-05-20,BL-260520-15286,Swiggy,Iced Latte,242.15
2026-05-20,BL-260520-15286,Swiggy,Espresso,155.1
2026-05-20,BL-260520-15286,Swiggy,Iced Latte,245.96
2026-05-20,BL-260520-15291,Zomato,Avocado Toast,287.75
2026-05-20,BL-260520-15293,Swiggy,Chocolate Brownie,160.21
2026-05-20,BL-260520-15293,Swiggy,Latte,204.45
2026-05-20,BL-260520-15293,Swiggy,Iced Latte,242.18
2026-05-20,BL-260520-15294,Swiggy,Croissant,120.18
2026-05-20,BL-260520-15295,Zomato,Veg Wrap,271.55
2026-05-20,BL-260520-15295,Zomato,Cappuccino,188.74
2026-05-20,BL-260520-15301,Swiggy,Seasonal Special,349.23
2026-05-20,BL-260520-15301,Swiggy,Cappuccino,188.4
2026-05-20,BL-260520-15306,Swiggy,Cold Brew,227.71
2026-05-20,BL-260520-15306,Swiggy,Croissant,119.98
2026-05-20,BL-260520-15309,Swiggy,Club Sandwich,642.18
2026-05-20,BL-260520-15311,Swiggy,Avocado Toast,288.36
2026-05-20,BL-260520-15312,Swiggy,Club Sandwich,326.1
2026-05-20,BL-260520-15312,Swiggy,Chocolate Brownie,165.95
2026-05-20,BL-260520-15313,Zomato,Avocado Toast,578.71
2026-05-20,BL-260520-15317,Zomato,Seasonal Special,359.04
2026-05-20,BL-260520-15317,Zomato,Croissant,124.2
2026-05-20,BL-260520-15318,Zomato,Seasonal Special,706.49
2026-05-20,BL-260520-15319,Swiggy,Avocado Toast,573.51
2026-05-20,BL-260520-15319,Swiggy,Avocado Toast,292.95
2026-05-20,BL-260520-15320,Zomato,Cappuccino,182.56
2026-05-20,BL-260520-15320,Zomato,Club Sandwich,321.94
2026-05-20,BL-260520-15322,Swiggy,Espresso,153.69
2026-05-20,BL-260520-15326,Swiggy,Blueberry Muffin,146.31
2026-05-20,BL-260520-15326,Swiggy,Iced Latte,249.29
2026-05-20,BL-260520-15328,Zomato,Latte,204.77
2026-05-20,BL-260520-15328,Zomato,Blueberry Muffin,145.93
2026-05-20,BL-260520-15334,Zomato,Croissant,121.96
2026-05-20,BL-260520-15334,Zomato,Veg Wrap,261.03
2026-05-21,BL-260521-15336,Swiggy,Avocado Toast,282.74
2026-05-21,BL-260521-15336,Swiggy,Iced Latte,246.57
2026-05-21,BL-260521-15337,Swiggy,Latte,404.71
2026-05-21,BL-260521-15338,Swiggy,Avocado Toast,290.63
2026-05-21,BL-260521-15338,Swiggy,Iced Latte,239.83
2026-05-21,BL-260521-15342,Swiggy,Veg Wrap,260.32
2026-05-21,BL-260521-15342,Swiggy,Cold Brew,456.25
2026-05-21,BL-260521-15345,Zomato,Veg Wrap,272.05
2026-05-21,BL-260521-15345,Zomato,Veg Wrap,533.67
2026-05-21,BL-260521-15348,Swiggy,Cold Brew,229.1
2026-05-21,BL-260521-15348,Swiggy,Masala Chai,81.73
2026-05-21,BL-260521-15348,Swiggy,Cold Brew,225.07
2026-05-21,BL-260521-15352,Zomato,Croissant,122.94
2026-05-21,BL-260521-15352,Zomato,Cold Brew,227.67
2026-05-21,BL-260521-15355,Swiggy,Espresso,152.32
2026-05-21,BL-260521-15355,Swiggy,Seasonal Special,356.54
2026-05-21,BL-260521-15360,Swiggy,Blueberry Muffin,145.4
2026-05-21,BL-260521-15360,Swiggy,Blueberry Muffin,140.37
2026-05-21,BL-260521-15360,Swiggy,Iced Latte,249.54
2026-05-21,BL-260521-15363-R,Swiggy,Club Sandwich,332.7
2026-05-21,BL-260521-15363-R,Swiggy,Avocado Toast,282.85
2026-05-21,BL-260521-15365,Zomato,Cappuccino,184.89
2026-05-21,BL-260521-15366,Swiggy,Veg Wrap,266.61
2026-05-21,BL-260521-15366,Swiggy,Masala Chai,83.37
2026-05-21,BL-260521-15366,Swiggy,Cappuccino,186.53
2026-05-21,BL-260521-15372,Zomato,Avocado Toast,292.65
2026-05-21,BL-260521-15374,Swiggy,Croissant,124.43
2026-05-21,BL-260521-15374,Swiggy,Veg Wrap,263.28
2026-05-21,BL-260521-15375,Zomato,Espresso,301.77
2026-05-21,BL-260521-15375,Zomato,Avocado Toast,292.08
2026-05-21,BL-260521-15376,Zomato,Espresso,310.48
2026-05-21,BL-260521-15376,Zomato,Veg Wrap,264.32
2026-05-21,BL-260521-15376,Zomato,Cold Brew,225.16
2026-05-21,BL-260521-15377,Swiggy,Cappuccino,374.38
2026-05-21,BL-260521-15378,Swiggy,Espresso,150.81
2026-05-21,BL-260521-15378,Swiggy,Blueberry Muffin,143.5
2026-05-21,BL-260521-15379,Zomato,Croissant,122.26
2026-05-21,BL-260521-15379,Zomato,Blueberry Muffin,140.66
2026-05-21,BL-260521-15381,Swiggy,Seasonal Special,712.76
2026-05-21,BL-260521-15382,Zomato,Avocado Toast,281.64
2026-05-21,BL-260521-15382,Zomato,Masala Chai,83.59
2026-05-21,BL-260521-15383,Zomato,Club Sandwich,328.76
2026-05-21,BL-260521-15383,Zomato,Blueberry Muffin,146.51
2026-05-21,BL-260521-15384,Zomato,Cold Brew,461.2
2026-05-21,BL-260521-15384,Zomato,Cold Brew,228.63
2026-05-21,BL-260521-15391,Zomato,Cold Brew,230.07
2026-05-21,BL-260521-15391,Zomato,Espresso,155.89
2026-05-21,BL-260521-15391,Zomato,Chocolate Brownie,167.98
2026-05-21,BL-260521-15393,Zomato,Club Sandwich,325.27
2026-05-21,BL-260521-15395,Zomato,Avocado Toast,289.72
2026-05-21,BL-260521-15395,Zomato,Seasonal Special,350.55
2026-05-21,BL-260521-15396,Swiggy,Latte,403.28
2026-05-21,BL-260521-15397,Zomato,Cappuccino,180.58
2026-05-21,BL-260521-15397,Zomato,Blueberry Muffin,145.78
2026-05-21,BL-260521-15397,Zomato,Veg Wrap,270.93
2026-05-21,BL-260521-15398,Zomato,Espresso,150.05
2026-05-21,BL-260521-15398,Zomato,Espresso,150.05
2026-05-21,BL-260521-15403,Zomato,Croissant,125.74
2026-05-21,BL-260521-15403,Zomato,Cappuccino,186.74
2026-05-21,BL-260521-15403,Zomato,Avocado Toast,285.27
2026-05-21,BL-260521-15404,Zomato,Seasonal Special,350.81
2026-05-21,BL-260521-15404,Zomato,Cappuccino,372.46
2026-05-21,BL-260521-15404,Zomato,Iced Latte,247.33
2026-05-21,BL-260521-15406,Zomato,Club Sandwich,325.45
2026-05-21,BL-260521-15406,Zomato,Avocado Toast,583.49
2026-05-21,BL-260521-15408,Zomato,Seasonal Special,366.22
2026-05-21,BL-260521-15409,Swiggy,Veg Wrap,268.37
2026-05-21,BL-260521-15410,Zomato,Cold Brew,229.15
2026-05-21,BL-260521-15411,Swiggy,Blueberry Muffin,145.13
2026-05-21,BL-260521-15411,Swiggy,Masala Chai,83.31
2026-05-21,BL-260521-15412,Zomato,Seasonal Special,362.58
2026-05-21,BL-260521-15412,Zomato,Masala Chai,161.95
2026-05-21,BL-260521-15412,Zomato,Espresso,155.3
2026-05-21,BL-260521-15415,Zomato,Croissant,241.15
2026-05-21,BL-260521-15415,Zomato,Chocolate Brownie,160.22
2026-05-21,BL-260521-15415,Zomato,Masala Chai,81.54
2026-05-21,BL-260521-15419,Swiggy,Latte,202.43
2026-05-21,BL-260521-15419,Swiggy,Avocado Toast,291.61
2026-05-21,BL-260521-15419,Swiggy,Veg Wrap,264.38
2026-05-21,BL-260521-15421,Swiggy,Cold Brew,228.22
2026-05-21,BL-260521-15423,Swiggy,Croissant,122.36
2026-05-21,BL-260521-15424,Zomato,Veg Wrap,526.73
2026-05-21,BL-260521-15426,Zomato,Chocolate Brownie,159.72
2026-05-21,BL-260521-15426,Zomato,Chocolate Brownie,162.06
2026-05-22,BL-260522-15432,Swiggy,Masala Chai,82.46
2026-05-22,BL-260522-15432,Swiggy,Iced Latte,246.72
2026-05-22,BL-260522-15436,Zomato,Blueberry Muffin,139.91
2026-05-22,BL-260522-15436,Zomato,Espresso,153.84
2026-05-22,BL-260522-15436,Zomato,Veg Wrap,261.66
2026-05-22,BL-260522-15437,Zomato,Cold Brew,230.82
2026-05-22,BL-260522-15437,Zomato,Cold Brew,223.49
2026-05-22,BL-260522-15438,Zomato,Iced Latte,486.27
2026-05-22,BL-260522-15438,Zomato,Cappuccino,181.83
2026-05-22,BL-260522-15443,Swiggy,Avocado Toast,281.34
2026-05-22,BL-260522-15447,Swiggy,Veg Wrap,268.46
2026-05-22,BL-260522-15450,Zomato,Veg Wrap,261.4
2026-05-22,BL-260522-15450,Zomato,Espresso,150.54
2026-05-22,BL-260522-15454,Zomato,Club Sandwich,639.46
2026-05-22,BL-260522-15454,Zomato,Chocolate Brownie,165.81
2026-05-22,BL-260522-15458,Swiggy,Masala Chai,80.78
2026-05-22,BL-260522-15458,Swiggy,Veg Wrap,268.22
2026-05-22,BL-260522-15458,Swiggy,Chocolate Brownie,332.72
2026-05-22,BL-260522-15459,Zomato,Chocolate Brownie,159.67
2026-05-22,BL-260522-15459,Zomato,Cappuccino,182.28
2026-05-22,BL-260522-15461,Swiggy,Veg Wrap,269.97
2026-05-22,BL-260522-15468,Zomato,Latte,208.1
2026-05-22,BL-260522-15468,Zomato,Blueberry Muffin,143.29
2026-05-22,BL-260522-15469,Swiggy,Avocado Toast,559.6
2026-05-22,BL-260522-15469,Swiggy,Seasonal Special,365.09
2026-05-22,BL-260522-15470,Zomato,Avocado Toast,286.75
2026-05-22,BL-260522-15470,Zomato,Croissant,120.64
2026-05-22,BL-260522-15470,Zomato,Latte,200.51
2026-05-22,BL-260522-15471,Swiggy,Veg Wrap,267.32
2026-05-22,BL-260522-15472,Zomato,Club Sandwich,328.69
2026-05-22,BL-260522-15472,Zomato,Cappuccino,179.96
2026-05-22,BL-260522-15472,Zomato,Chocolate Brownie,165.83
2026-05-22,BL-260522-15477,Swiggy,Croissant,246.66
2026-05-22,BL-260522-15479,Swiggy,Iced Latte,249.12
2026-05-22,BL-260522-15480,Swiggy,Veg Wrap,534.56
2026-05-22,BL-260522-15480,Swiggy,Cappuccino,359.61
2026-05-22,BL-260522-15480,Swiggy,Cold Brew,220.78
2026-05-22,BL-260522-15481,Swiggy,Cappuccino,187.6
2026-05-22,BL-260522-15481,Swiggy,Cold Brew,222.82
2026-05-22,BL-260522-15482,Swiggy,Club Sandwich,323.42
2026-05-22,BL-260522-15482,Swiggy,Masala Chai,83.11
2026-05-22,BL-260522-15486,Zomato,Espresso,150.49
2026-05-22,BL-260522-15487,Zomato,Masala Chai,165.0
2026-05-22,BL-260522-15488,Swiggy,Club Sandwich,334.91
2026-05-22,BL-260522-15492,Swiggy,Cappuccino,183.16
2026-05-22,BL-260522-15492,Swiggy,Avocado Toast,283.35
2026-05-22,BL-260522-15495,Swiggy,Latte,406.87
2026-05-22,BL-260522-15500,Swiggy,Espresso,155.23
2026-05-22,BL-260522-15500,Swiggy,Club Sandwich,323.66
2026-05-22,BL-260522-15506,Zomato,Croissant,123.73
2026-05-22,BL-260522-15506,Zomato,Espresso,305.33
2026-05-22,BL-260522-15507,Zomato,Masala Chai,82.79
2026-05-22,BL-260522-15507,Zomato,Latte,201.24
2026-05-22,BL-260522-15507,Zomato,Avocado Toast,287.26
2026-05-22,BL-260522-15511,Zomato,Espresso,153.32
2026-05-22,BL-260522-15511,Zomato,Cold Brew,226.24
2026-05-22,BL-260522-15513,Swiggy,Croissant,124.71
2026-05-22,BL-260522-15513,Swiggy,Avocado Toast,288.19
2026-05-22,BL-260522-15516,Zomato,Cappuccino,377.28
2026-05-22,BL-260522-15519,Zomato,Chocolate Brownie,333.88
2026-05-22,BL-260522-15520,Zomato,Espresso,155.93
2026-05-22,BL-260522-15520,Zomato,Croissant,122.91
2026-05-23,BL-260523-15521,Zomato,Latte,204.27
2026-05-23,BL-260523-15521,Zomato,Croissant,121.75
2026-05-23,BL-260523-15522,Zomato,Masala Chai,81.38
2026-05-23,BL-260523-15526,Zomato,Veg Wrap,259.57
2026-05-23,BL-260523-15529,Zomato,Croissant,123.6
2026-05-23,BL-260523-15534,Swiggy,Iced Latte,248.83
2026-05-23,BL-260523-15535,Swiggy,Croissant,244.05
2026-05-23,BL-260523-15535,Swiggy,Cappuccino,183.83
2026-05-23,BL-260523-15537,Swiggy,Club Sandwich,334.73
2026-05-23,BL-260523-15537,Swiggy,Cappuccino,368.66
2026-05-23,BL-260523-15539,Swiggy,Seasonal Special,357.72
2026-05-23,BL-260523-15539,Swiggy,Latte,201.71
2026-05-23,BL-260523-15539,Swiggy,Chocolate Brownie,319.75
2026-05-23,BL-260523-15539,Swiggy,Croissant,123.54
2026-05-23,BL-260523-15543,Zomato,Croissant,123.89
2026-05-23,BL-260523-15547,Swiggy,Cappuccino,186.09
2026-05-23,BL-260523-15548,Zomato,Club Sandwich,335.7
2026-05-23,BL-260523-15549,Zomato,Iced Latte,249.84
2026-05-23,BL-260523-15549,Zomato,Croissant,123.25
2026-05-23,BL-260523-15549,Zomato,Club Sandwich,334.6
2026-05-23,BL-260523-15552,Swiggy,Club Sandwich,321.63
2026-05-23,BL-260523-15554,Swiggy,Latte,209.31
2026-05-23,BL-260523-15554,Swiggy,Iced Latte,246.97
2026-05-23,BL-260523-15554,Swiggy,Latte,206.31
2026-05-23,BL-260523-15557,Zomato,Chocolate Brownie,159.73
2026-05-23,BL-260523-15557,Zomato,Club Sandwich,329.53
2026-05-23,BL-260523-15557,Zomato,Latte,208.91
2026-05-23,BL-260523-15559,Swiggy,Club Sandwich,335.07
2026-05-23,BL-260523-15559,Swiggy,Espresso,155.42
2026-05-23,BL-260523-15559,Swiggy,Club Sandwich,329.55
2026-05-23,BL-260523-15562,Swiggy,Blueberry Muffin,140.67
2026-05-23,BL-260523-15562,Swiggy,Club Sandwich,656.92
2026-05-23,BL-260523-15563,Swiggy,Latte,207.58
2026-05-23,BL-260523-15563,Swiggy,Croissant,119.87
2026-05-23,BL-260523-15563,Swiggy,Chocolate Brownie,166.23
2026-05-23,BL-260523-15565,Zomato,Blueberry Muffin,143.19
2026-05-23,BL-260523-15565,Zomato,Cold Brew,227.22
2026-05-23,BL-260523-15565,Zomato,Cappuccino,179.98
2026-05-23,BL-260523-15567,Zomato,Cappuccino,180.28
2026-05-23,BL-260523-15567,Zomato,Cold Brew,221.45
2026-05-23,BL-260523-15571,Zomato,Club Sandwich,320.31
2026-05-23,BL-260523-15572,Zomato,Chocolate Brownie,161.41
2026-05-23,BL-260523-15572,Zomato,Avocado Toast,292.28
2026-05-23,BL-260523-15575,Zomato,Latte,199.84
2026-05-23,BL-260523-15576,Swiggy,Latte,200.85
2026-05-23,BL-260523-15576,Swiggy,Club Sandwich,324.59
2026-05-23,BL-260523-15576,Swiggy,Latte,204.79
2026-05-23,BL-260523-15578,Zomato,Cappuccino,184.53
2026-05-23,BL-260523-15585,Zomato,Cappuccino,181.73
2026-05-23,BL-260523-15585,Zomato,Chocolate Brownie,164.41
2026-05-23,BL-260523-15587,Zomato,Cold Brew,227.61
2026-05-23,BL-260523-15587,Zomato,Veg Wrap,272.26
2026-05-23,BL-260523-15589,Swiggy,Masala Chai,82.31
2026-05-23,BL-260523-15589,Swiggy,Seasonal Special,356.04
2026-05-23,BL-260523-15589,Swiggy,Cold Brew,227.09
2026-05-23,BL-260523-15589,Swiggy,Seasonal Special,361.67
2026-05-23,BL-260523-15592,Swiggy,Masala Chai,80.12
2026-05-23,BL-260523-15592,Swiggy,Avocado Toast,285.87
2026-05-23,BL-260523-15593,Swiggy,Croissant,120.34
2026-05-23,BL-260523-15594,Swiggy,Cold Brew,230.0
2026-05-23,BL-260523-15594,Swiggy,Cold Brew,226.53
2026-05-23,BL-260523-15596,Zomato,Cappuccino,183.71
2026-05-23,BL-260523-15598,Swiggy,Latte,208.03
2026-05-23,BL-260523-15598,Swiggy,Croissant,240.5
2026-05-23,BL-260523-15598,Swiggy,Croissant,243.67
2026-05-23,BL-260523-15599,Swiggy,Latte,202.39
2026-05-23,BL-260523-15599,Swiggy,Veg Wrap,271.69
2026-05-23,BL-260523-15599,Swiggy,Cappuccino,375.06
2026-05-23,BL-260523-15599,Swiggy,Avocado Toast,579.21
2026-05-23,BL-260523-15600,Swiggy,Blueberry Muffin,142.02
2026-05-23,BL-260523-15600,Swiggy,Blueberry Muffin,143.43
2026-05-23,BL-260523-15602,Zomato,Chocolate Brownie,161.77
2026-05-23,BL-260523-15602,Zomato,Cold Brew,223.54
2026-05-23,BL-260523-15603,Swiggy,Veg Wrap,270.98
2026-05-23,BL-260523-15605,Zomato,Seasonal Special,355.37
2026-05-23,BL-260523-15610,Zomato,Seasonal Special,367.11
2026-05-23,BL-260523-15610,Zomato,Veg Wrap,269.82
2026-05-23,BL-260523-15613,Swiggy,Chocolate Brownie,163.36
2026-05-23,BL-260523-15620,Zomato,Masala Chai,80.44
2026-05-23,BL-260523-15620,Zomato,Cappuccino,188.33
2026-05-23,BL-260523-15626,Zomato,Blueberry Muffin,140.97
2026-05-23,BL-260523-15627,Zomato,Cold Brew,226.0
2026-05-23,BL-260523-15627,Zomato,Cold Brew,230.74
2026-05-23,BL-260523-15628,Swiggy,Espresso,154.74
2026-05-23,BL-260523-15633,Zomato,Club Sandwich,656.47
2026-05-23,BL-260523-15636,Zomato,Croissant,245.19
2026-05-23,BL-260523-15637,Zomato,Cold Brew,223.38
2026-05-23,BL-260523-15637,Zomato,Veg Wrap,266.5
2026-05-23,BL-260523-15637,Zomato,Chocolate Brownie,163.24
2026-05-23,BL-260523-15640,Swiggy,Latte,200.23
2026-05-23,BL-260523-15641,Zomato,Iced Latte,490.24
2026-05-23,BL-260523-15641,Zomato,Avocado Toast,280.87
2026-05-23,BL-260523-15641,Zomato,Veg Wrap,271.11
2026-05-24,BL-260524-15646,Swiggy,Cold Brew,225.54
2026-05-24,BL-260524-15646,Swiggy,Masala Chai,81.95
2026-05-24,BL-260524-15646,Swiggy,Cappuccino,179.76
2026-05-24,BL-260524-15648,Zomato,Blueberry Muffin,141.05
2026-05-24,BL-260524-15648,Zomato,Avocado Toast,577.32
2026-05-24,BL-260524-15652,Swiggy,Espresso,154.5
2026-05-24,BL-260524-15652,Swiggy,Cappuccino,187.54
2026-05-24,BL-260524-15653,Swiggy,Veg Wrap,264.24
2026-05-24,BL-260524-15653,Swiggy,Avocado Toast,282.02
2026-05-24,BL-260524-15655,Zomato,Seasonal Special,350.29
2026-05-24,BL-260524-15655,Zomato,Veg Wrap,526.7
2026-05-24,BL-260524-15657,Zomato,Club Sandwich,654.26
2026-05-24,BL-260524-15661,Zomato,Latte,200.81
2026-05-24,BL-260524-15661,Zomato,Espresso,308.74
2026-05-24,BL-260524-15663,Zomato,Avocado Toast,292.05
2026-05-24,BL-260524-15663,Zomato,Avocado Toast,284.06
2026-05-24,BL-260524-15664,Swiggy,Chocolate Brownie,164.54
2026-05-24,BL-260524-15666,Swiggy,Cold Brew,226.8
2026-05-24,BL-260524-15666,Swiggy,Cappuccino,184.71
2026-05-24,BL-260524-15668,Swiggy,Veg Wrap,264.19
2026-05-24,BL-260524-15668,Swiggy,Croissant,120.68
2026-05-24,BL-260524-15669,Swiggy,Avocado Toast,284.99
2026-05-24,BL-260524-15669,Swiggy,Blueberry Muffin,141.07
2026-05-24,BL-260524-15670,Swiggy,Iced Latte,246.27
2026-05-24,BL-260524-15670,Swiggy,Latte,199.76
2026-05-24,BL-260524-15672,Swiggy,Croissant,125.08
2026-05-24,BL-260524-15672,Swiggy,Avocado Toast,280.01
2026-05-24,BL-260524-15673,Zomato,Chocolate Brownie,161.56
2026-05-24,BL-260524-15675,Zomato,Espresso,154.52
2026-05-24,BL-260524-15675,Zomato,Cold Brew,230.07
2026-05-24,BL-260524-15679,Swiggy,Veg Wrap,262.48
2026-05-24,BL-260524-15680,Swiggy,Seasonal Special,355.95
2026-05-24,BL-260524-15680,Swiggy,Club Sandwich,320.04
2026-05-24,BL-260524-15681,Zomato,Iced Latte,239.61
2026-05-24,BL-260524-15689,Zomato,Blueberry Muffin,141.84
2026-05-24,BL-260524-15689,Zomato,Chocolate Brownie,323.04
2026-05-24,BL-260524-15690,Zomato,Veg Wrap,260.78
2026-05-24,BL-260524-15693,Swiggy,Avocado Toast,281.42
2026-05-24,BL-260524-15693,Swiggy,Masala Chai,81.15
2026-05-24,BL-260524-15699,Swiggy,Cappuccino,183.23
2026-05-24,BL-260524-15699,Swiggy,Cold Brew,222.07
2026-05-24,BL-260524-15700,Swiggy,Cold Brew,221.37
2026-05-24,BL-260524-15700,Swiggy,Seasonal Special,349.49
2026-05-24,BL-260524-15704,Swiggy,Latte,208.7
2026-05-24,BL-260524-15704,Swiggy,Espresso,151.84
2026-05-24,BL-260524-15706,Swiggy,Veg Wrap,266.44
2026-05-24,BL-260524-15710,Zomato,Avocado Toast,280.13
2026-05-24,BL-260524-15710,Zomato,Iced Latte,248.68
2026-05-24,BL-260524-15710,Zomato,Masala Chai,83.66
2026-05-24,BL-260524-15713,Zomato,Veg Wrap,266.02
2026-05-24,BL-260524-15716,Zomato,Cold Brew,227.22
2026-05-24,BL-260524-15716,Zomato,Blueberry Muffin,290.58
2026-05-24,BL-260524-15718,Zomato,Avocado Toast,572.2
2026-05-24,BL-260524-15718,Zomato,Avocado Toast,289.98
2026-05-24,BL-260524-15718,Zomato,Masala Chai,82.04
2026-05-24,BL-260524-15719,Swiggy,Masala Chai,161.31
2026-05-24,BL-260524-15719,Swiggy,Club Sandwich,332.93
2026-05-24,BL-260524-15723,Swiggy,Veg Wrap,269.94
2026-05-24,BL-260524-15723,Swiggy,Cappuccino,184.55
2026-05-24,BL-260524-15726,Swiggy,Club Sandwich,331.12
2026-05-24,BL-260524-15726,Swiggy,Cappuccino,184.2
2026-05-24,BL-260524-15728,Zomato,Iced Latte,247.0
2026-05-24,BL-260524-15728,Zomato,Espresso,152.53
2026-05-24,BL-260524-15733,Zomato,Avocado Toast,279.34
2026-05-24,BL-260524-15734,Swiggy,Cappuccino,183.02
2026-05-24,BL-260524-15734,Swiggy,Blueberry Muffin,141.16
2026-05-24,BL-260524-15737,Swiggy,Masala Chai,82.82
2026-05-24,BL-260524-15739,Swiggy,Avocado Toast,286.59
2026-05-24,BL-260524-15739,Swiggy,Chocolate Brownie,165.02
2026-05-24,BL-260524-15742,Zomato,Seasonal Special,364.41
2026-05-24,BL-260524-15743,Zomato,Chocolate Brownie,321.76
2026-05-24,BL-260524-15745,Zomato,Cappuccino,180.54
2026-05-24,BL-260524-15746,Swiggy,Avocado Toast,288.58
2026-05-24,BL-260524-15746,Swiggy,Masala Chai,83.21
2026-05-24,BL-260524-15749,Swiggy,Avocado Toast,280.16
2026-05-24,BL-260524-15751,Swiggy,Iced Latte,251.24
2026-05-24,BL-260524-15751,Swiggy,Espresso,152.93
2026-05-24,BL-260524-15756-R,Zomato,Cold Brew,220.12
2026-05-24,BL-260524-15756-R,Zomato,Club Sandwich,321.53
2026-05-24,BL-260524-15756-R,Zomato,Avocado Toast,291.6
2026-05-24,BL-260524-15757,Swiggy,Masala Chai,82.87
2026-05-24,BL-260524-15761,Zomato,Masala Chai,83.75
2026-05-24,BL-260524-15762,Zomato,Chocolate Brownie,161.99
2026-05-24,BL-260524-15762,Zomato,Chocolate Brownie,167.34
2026-05-24,BL-260524-15764,Swiggy,Avocado Toast,284.62
2026-05-24,BL-260524-15764,Swiggy,Latte,208.35
2026-05-25,BL-260525-15765,Swiggy,Masala Chai,81.33
2026-05-25,BL-260525-15769,Swiggy,Seasonal Special,350.92
2026-05-25,BL-260525-15769,Swiggy,Cold Brew,453.29
2026-05-25,BL-260525-15770,Zomato,Club Sandwich,656.61
2026-05-25,BL-260525-15770,Zomato,Cappuccino,184.83
2026-05-25,BL-260525-15773,Swiggy,Iced Latte,488.62
2026-05-25,BL-260525-15774,Zomato,Masala Chai,167.51
2026-05-25,BL-260525-15774,Zomato,Veg Wrap,264.29
2026-05-25,BL-260525-15775,Swiggy,Seasonal Special,360.46
2026-05-25,BL-260525-15776,Swiggy,Chocolate Brownie,166.74
2026-05-25,BL-260525-15776,Swiggy,Avocado Toast,575.25
2026-05-25,BL-260525-15779,Zomato,Croissant,123.55
2026-05-25,BL-260525-15781,Swiggy,Club Sandwich,323.9
2026-05-25,BL-260525-15781,Swiggy,Latte,201.51
2026-05-25,BL-260525-15781,Swiggy,Chocolate Brownie,165.05
2026-05-25,BL-260525-15782,Swiggy,Cold Brew,221.03
2026-05-25,BL-260525-15782,Swiggy,Cold Brew,226.53
2026-05-25,BL-260525-15788,Swiggy,Cappuccino,188.06
2026-05-25,BL-260525-15788,Swiggy,Espresso,152.37
2026-05-25,BL-260525-15789,Zomato,Croissant,125.2
2026-05-25,BL-260525-15789,Zomato,Masala Chai,81.17
2026-05-25,BL-260525-15793,Swiggy,Club Sandwich,335.6
2026-05-25,BL-260525-15798,Swiggy,Masala Chai,80.62
2026-05-25,BL-260525-15800,Swiggy,Croissant,123.49
2026-05-25,BL-260525-15806,Swiggy,Espresso,151.36
2026-05-25,BL-260525-15806,Swiggy,Masala Chai,80.0
2026-05-25,BL-260525-15806,Swiggy,Avocado Toast,291.72
2026-05-25,BL-260525-15807,Zomato,Latte,202.04
2026-05-25,BL-260525-15810,Zomato,Espresso,154.83
2026-05-25,BL-260525-15814,Zomato,Latte,206.43
2026-05-25,BL-260525-15814,Zomato,Iced Latte,250.74
2026-05-25,BL-260525-15815,Swiggy,Avocado Toast,282.51
2026-05-25,BL-260525-15815,Swiggy,Cold Brew,221.85
2026-05-25,BL-260525-15815,Swiggy,Chocolate Brownie,163.81
2026-05-25,BL-260525-15816,Swiggy,Avocado Toast,285.6
2026-05-25,BL-260525-15817,Zomato,Blueberry Muffin,141.47
2026-05-25,BL-260525-15817,Zomato,Blueberry Muffin,144.14
2026-05-25,BL-260525-15821,Swiggy,Veg Wrap,266.74
2026-05-25,BL-260525-15825,Zomato,Seasonal Special,360.82
2026-05-25,BL-260525-15826,Swiggy,Avocado Toast,282.71
2026-05-25,BL-260525-15826,Swiggy,Cappuccino,188.1
2026-05-25,BL-260525-15831,Zomato,Chocolate Brownie,161.82
2026-05-25,BL-260525-15831,Zomato,Iced Latte,243.89
2026-05-25,BL-260525-15833,Zomato,Seasonal Special,366.23
2026-05-25,BL-260525-15833,Zomato,Croissant,124.4
2026-05-25,BL-260525-15833,Zomato,Latte,208.17
2026-05-25,BL-260525-15836,Swiggy,Cappuccino,186.39
2026-05-25,BL-260525-15836,Swiggy,Club Sandwich,642.87
2026-05-25,BL-260525-15840,Zomato,Cappuccino,185.96
2026-05-25,BL-260525-15846,Zomato,Avocado Toast,281.8
2026-05-25,BL-260525-15846,Zomato,Croissant,125.88
2026-05-25,BL-260525-15847,Zomato,Croissant,250.8
2026-05-25,BL-260525-15849,Swiggy,Blueberry Muffin,142.27
2026-05-25,BL-260525-15850,Swiggy,Cappuccino,179.98
2026-05-25,BL-260525-15851,Zomato,Espresso,152.2
2026-05-25,BL-260525-15851,Zomato,Iced Latte,249.74
2026-05-25,BL-260525-15852,Swiggy,Seasonal Special,350.58
2026-05-25,BL-260525-15853,Swiggy,Veg Wrap,267.59
2026-05-25,BL-260525-15853,Swiggy,Avocado Toast,283.6
2026-05-25,BL-260525-15855,Zomato,Club Sandwich,649.47
2026-05-25,BL-260525-15857,Zomato,Avocado Toast,292.76
2026-05-25,BL-260525-15857,Zomato,Club Sandwich,328.72
2026-05-25,BL-260525-15859,Zomato,Seasonal Special,352.42
2026-05-25,BL-260525-15859,Zomato,Cold Brew,230.97
2026-05-25,BL-260525-15862,Swiggy,Veg Wrap,264.71
2026-05-25,BL-260525-15862,Swiggy,Veg Wrap,532.6
2026-05-25,BL-260525-15864,Zomato,Latte,203.02
2026-05-25,BL-260525-15866,Swiggy,Veg Wrap,268.98
2026-05-25,BL-260525-15872,Swiggy,Masala Chai,82.77
2026-05-26,BL-260526-15873,Zomato,Seasonal Special,363.68
2026-05-26,BL-260526-15873,Zomato,Cold Brew,225.87
2026-05-26,BL-260526-15874,Swiggy,Masala Chai,83.93
2026-05-26,BL-260526-15874,Swiggy,Veg Wrap,259.84
2026-05-26,BL-260526-15874,Swiggy,Club Sandwich,642.25
2026-05-26,BL-260526-15878,Swiggy,Croissant,123.15
2026-05-26,BL-260526-15878,Swiggy,Veg Wrap,265.37
2026-05-26,BL-260526-15886,Swiggy,Iced Latte,483.99
2026-05-26,BL-260526-15886,Swiggy,Veg Wrap,544.69
2026-05-26,BL-260526-15887,Swiggy,Club Sandwich,324.1
2026-05-26,BL-260526-15887,Swiggy,Avocado Toast,284.93
2026-05-26,BL-260526-15889,Swiggy,Seasonal Special,357.22
2026-05-26,BL-260526-15889,Swiggy,Veg Wrap,535.85
2026-05-26,BL-260526-15889,Swiggy,Club Sandwich,334.7
2026-05-26,BL-260526-15892,Swiggy,Blueberry Muffin,144.58
2026-05-26,BL-260526-15892,Swiggy,Blueberry Muffin,141.08
2026-05-26,BL-260526-15892,Swiggy,Iced Latte,241.91
2026-05-26,BL-260526-15893,Zomato,Veg Wrap,538.7
2026-05-26,BL-260526-15894,Swiggy,Masala Chai,80.49
2026-05-26,BL-260526-15894,Swiggy,Latte,208.94
2026-05-26,BL-260526-15894,Swiggy,Veg Wrap,268.91
2026-05-26,BL-260526-15894,Swiggy,Blueberry Muffin,286.84
2026-05-26,BL-260526-15896,Zomato,Cappuccino,365.19
2026-05-26,BL-260526-15896,Zomato,Chocolate Brownie,166.13
2026-05-26,BL-260526-15898,Zomato,Avocado Toast,284.69
2026-05-26,BL-260526-15898,Zomato,Chocolate Brownie,165.81
2026-05-26,BL-260526-15901,Swiggy,Avocado Toast,279.55
2026-05-26,BL-260526-15901,Swiggy,Masala Chai,81.49
2026-05-26,BL-260526-15903,Swiggy,Cappuccino,185.17
2026-05-26,BL-260526-15906-R,Swiggy,Club Sandwich,670.39
2026-05-26,BL-260526-15906-R,Swiggy,Avocado Toast,288.23
2026-05-26,BL-260526-15907,Swiggy,Croissant,125.85
2026-05-26,BL-260526-15907,Swiggy,Chocolate Brownie,332.27
2026-05-26,BL-260526-15913,Swiggy,Iced Latte,244.31
2026-05-26,BL-260526-15913,Swiggy,Cappuccino,181.64
2026-05-26,BL-260526-15918,Zomato,Seasonal Special,724.09
2026-05-26,BL-260526-15918,Zomato,Chocolate Brownie,160.37
2026-05-26,BL-260526-15919,Swiggy,Croissant,124.47
2026-05-26,BL-260526-15924,Zomato,Chocolate Brownie,160.69
2026-05-26,BL-260526-15924,Zomato,Avocado Toast,585.99
2026-05-26,BL-260526-15924,Zomato,Cappuccino,365.66
2026-05-26,BL-260526-15924,Zomato,Club Sandwich,321.17
2026-05-26,BL-260526-15926,Zomato,Cappuccino,185.47
2026-05-26,BL-260526-15927,Swiggy,Seasonal Special,354.29
2026-05-26,BL-260526-15927,Swiggy,Croissant,122.93
2026-05-26,BL-260526-15927,Swiggy,Club Sandwich,333.66
2026-05-26,BL-260526-15928,Swiggy,Veg Wrap,266.11
2026-05-26,BL-260526-15929,Zomato,Chocolate Brownie,162.26
2026-05-26,BL-260526-15929,Zomato,Veg Wrap,519.64
2026-05-26,BL-260526-15931,Zomato,Avocado Toast,290.04
2026-05-26,BL-260526-15931,Zomato,Seasonal Special,365.41
2026-05-26,BL-260526-15931,Zomato,Club Sandwich,334.32
2026-05-26,BL-260526-15932,Zomato,Croissant,125.44
2026-05-26,BL-260526-15932,Zomato,Blueberry Muffin,142.31
2026-05-26,BL-260526-15934,Swiggy,Cappuccino,185.53
2026-05-26,BL-260526-15934,Swiggy,Cold Brew,222.36
2026-05-26,BL-260526-15936,Swiggy,Avocado Toast,288.64
2026-05-26,BL-260526-15940,Swiggy,Chocolate Brownie,167.43
2026-05-26,BL-260526-15945,Swiggy,Seasonal Special,349.61
2026-05-26,BL-260526-15946,Swiggy,Espresso,152.19
2026-05-26,BL-260526-15946,Swiggy,Croissant,124.58
2026-05-26,BL-260526-15946,Swiggy,Cold Brew,226.55
2026-05-26,BL-260526-15948,Zomato,Cappuccino,187.24
2026-05-26,BL-260526-15948,Zomato,Croissant,251.67
2026-05-26,BL-260526-15953,Zomato,Blueberry Muffin,145.52
2026-05-26,BL-260526-15953,Zomato,Chocolate Brownie,319.87
2026-05-26,BL-260526-15956,Swiggy,Club Sandwich,321.13
2026-05-26,BL-260526-15956,Swiggy,Iced Latte,244.87
2026-05-26,BL-260526-15956,Swiggy,Blueberry Muffin,143.23
2026-05-26,BL-260526-15957,Swiggy,Iced Latte,245.67
2026-05-26,BL-260526-15957,Swiggy,Croissant,244.81
2026-05-26,BL-260526-15960,Swiggy,Iced Latte,239.98
2026-05-26,BL-260526-15960,Swiggy,Seasonal Special,352.36
2026-05-26,BL-260526-15964,Zomato,Seasonal Special,358.52
2026-05-26,BL-260526-15964,Zomato,Latte,404.09
2026-05-26,BL-260526-15964,Zomato,Seasonal Special,364.33
2026-05-26,BL-260526-15968,Zomato,Espresso,302.94
2026-05-26,BL-260526-15969,Swiggy,Avocado Toast,289.28
2026-05-26,BL-260526-15969,Swiggy,Iced Latte,245.28
2026-05-26,BL-260526-15970,Zomato,Cappuccino,179.71
2026-05-26,BL-260526-15970,Zomato,Club Sandwich,332.85
2026-05-26,BL-260526-15970,Zomato,Cold Brew,222.35
2026-05-26,BL-260526-15971,Swiggy,Croissant,124.57
2026-05-26,BL-260526-15972,Zomato,Iced Latte,485.81
2026-05-26,BL-260526-15972,Zomato,Veg Wrap,268.49
2026-05-26,BL-260526-15974,Swiggy,Seasonal Special,365.95
2026-05-26,BL-260526-15974,Swiggy,Avocado Toast,284.23
2026-05-27,BL-260527-15976,Swiggy,Cold Brew,219.5
2026-05-27,BL-260527-15976,Swiggy,Espresso,152.94
2026-05-27,BL-260527-15978,Swiggy,Cappuccino,179.7
2026-05-27,BL-260527-15980,Swiggy,Latte,202.62
2026-05-27,BL-260527-15981-R,Zomato,Veg Wrap,272.87
2026-05-27,BL-260527-15983,Zomato,Veg Wrap,261.25
2026-05-27,BL-260527-15983,Zomato,Masala Chai,82.38
2026-05-27,BL-260527-15984,Swiggy,Latte,204.9
2026-05-27,BL-260527-15985,Swiggy,Blueberry Muffin,143.42
2026-05-27,BL-260527-15985,Swiggy,Club Sandwich,659.75
2026-05-27,BL-260527-15988,Swiggy,Croissant,123.68
2026-05-27,BL-260527-15988,Swiggy,Chocolate Brownie,160.7
2026-05-27,BL-260527-15989,Zomato,Croissant,122.0
2026-05-27,BL-260527-15990,Zomato,Veg Wrap,268.42
2026-05-27,BL-260527-15991,Swiggy,Cold Brew,221.99
2026-05-27,BL-260527-15991,Swiggy,Club Sandwich,326.56
2026-05-27,BL-260527-15993,Zomato,Croissant,123.71
2026-05-27,BL-260527-15993,Zomato,Cappuccino,359.32
2026-05-27,BL-260527-15993,Zomato,Seasonal Special,350.38
2026-05-27,BL-260527-15997,Zomato,Cold Brew,446.82
2026-05-27,BL-260527-16004,Swiggy,Seasonal Special,353.13
2026-05-27,BL-260527-16004,Swiggy,Cold Brew,225.09
2026-05-27,BL-260527-16004,Swiggy,Cold Brew,458.48
2026-05-27,BL-260527-16009,Swiggy,Masala Chai,83.83
2026-05-27,BL-260527-16009,Swiggy,Masala Chai,83.78
2026-05-27,BL-260527-16009,Swiggy,Cappuccino,185.71
2026-05-27,BL-260527-16010,Swiggy,Club Sandwich,330.64
2026-05-27,BL-260527-16011,Zomato,Masala Chai,80.14
2026-05-27,BL-260527-16013,Zomato,Espresso,157.28
2026-05-27,BL-260527-16013,Zomato,Seasonal Special,352.3
2026-05-27,BL-260527-16020,Zomato,Chocolate Brownie,166.68
2026-05-27,BL-260527-16023,Swiggy,Cold Brew,225.6
2026-05-27,BL-260527-16026,Zomato,Avocado Toast,566.22
2026-05-27,BL-260527-16026,Zomato,Croissant,123.95
2026-05-27,BL-260527-16029,Zomato,Chocolate Brownie,162.23
2026-05-27,BL-260527-16029,Zomato,Cappuccino,184.47
2026-05-27,BL-260527-16029,Zomato,Cappuccino,184.37
2026-05-27,BL-260527-16031,Zomato,Croissant,120.63
2026-05-27,BL-260527-16032,Swiggy,Seasonal Special,358.75
2026-05-27,BL-260527-16032,Swiggy,Espresso,155.69
2026-05-27,BL-260527-16033,Swiggy,Blueberry Muffin,290.6
2026-05-27,BL-260527-16033,Swiggy,Blueberry Muffin,283.79
2026-05-27,BL-260527-16033,Swiggy,Veg Wrap,267.58
2026-05-27,BL-260527-16035,Zomato,Chocolate Brownie,334.53
2026-05-27,BL-260527-16035,Zomato,Veg Wrap,271.64
2026-05-27,BL-260527-16036,Zomato,Cold Brew,229.43
2026-05-27,BL-260527-16040,Swiggy,Avocado Toast,285.48
2026-05-27,BL-260527-16040,Swiggy,Croissant,120.58
2026-05-27,BL-260527-16041,Swiggy,Veg Wrap,264.61
2026-05-27,BL-260527-16041,Swiggy,Blueberry Muffin,140.74
2026-05-27,BL-260527-16043,Zomato,Cold Brew,221.68
2026-05-27,BL-260527-16043,Zomato,Iced Latte,248.7
2026-05-27,BL-260527-16044,Zomato,Seasonal Special,351.91
2026-05-27,BL-260527-16044,Zomato,Avocado Toast,559.85
2026-05-27,BL-260527-16046,Swiggy,Espresso,156.59
2026-05-27,BL-260527-16047,Zomato,Seasonal Special,363.51
2026-05-27,BL-260527-16050,Zomato,Espresso,151.37
2026-05-27,BL-260527-16050,Zomato,Avocado Toast,291.7
2026-05-27,BL-260527-16050,Zomato,Iced Latte,243.44
2026-05-27,BL-260527-16051,Swiggy,Chocolate Brownie,167.81
2026-05-27,BL-260527-16051,Swiggy,Cappuccino,188.52
2026-05-27,BL-260527-16051,Swiggy,Seasonal Special,719.36
2026-05-27,BL-260527-16052,Zomato,Latte,203.73
2026-05-27,BL-260527-16055,Swiggy,Avocado Toast,280.4
2026-05-27,BL-260527-16055,Swiggy,Iced Latte,249.3
2026-05-27,BL-260527-16059,Swiggy,Iced Latte,490.31
2026-05-27,BL-260527-16059,Swiggy,Seasonal Special,351.45
2026-05-28,BL-260528-16063,Swiggy,Veg Wrap,272.33
2026-05-28,BL-260528-16063,Swiggy,Blueberry Muffin,286.53
2026-05-28,BL-260528-16065,Zomato,Croissant,125.58
2026-05-28,BL-260528-16067,Zomato,Cappuccino,181.22
2026-05-28,BL-260528-16067,Zomato,Veg Wrap,272.26
2026-05-28,BL-260528-16069,Swiggy,Avocado Toast,284.64
2026-05-28,BL-260528-16069,Swiggy,Avocado Toast,279.4
2026-05-28,BL-260528-16071,Swiggy,Masala Chai,164.4
2026-05-28,BL-260528-16071,Swiggy,Avocado Toast,291.31
2026-05-28,BL-260528-16072,Swiggy,Cappuccino,186.38
2026-05-28,BL-260528-16072,Swiggy,Iced Latte,244.95
2026-05-28,BL-260528-16072,Swiggy,Masala Chai,83.88
2026-05-28,BL-260528-16074,Swiggy,Cappuccino,185.41
2026-05-28,BL-260528-16078,Zomato,Club Sandwich,331.16
2026-05-28,BL-260528-16078,Zomato,Seasonal Special,367.49
2026-05-28,BL-260528-16082,Swiggy,Cappuccino,188.87
2026-05-28,BL-260528-16083,Swiggy,Seasonal Special,355.99
2026-05-28,BL-260528-16083,Swiggy,Latte,201.14
2026-05-28,BL-260528-16086,Zomato,Blueberry Muffin,140.14
2026-05-28,BL-260528-16086,Zomato,Blueberry Muffin,142.63
2026-05-28,BL-260528-16088,Swiggy,Blueberry Muffin,144.7
2026-05-28,BL-260528-16088,Swiggy,Cold Brew,227.8
2026-05-28,BL-260528-16090,Swiggy,Avocado Toast,566.84
2026-05-28,BL-260528-16090,Swiggy,Masala Chai,82.11
2026-05-28,BL-260528-16091,Swiggy,Cappuccino,181.53
2026-05-28,BL-260528-16092,Zomato,Espresso,156.51
2026-05-28,BL-260528-16092,Zomato,Avocado Toast,286.28
2026-05-28,BL-260528-16092,Zomato,Blueberry Muffin,143.42
2026-05-28,BL-260528-16093,Zomato,Club Sandwich,321.71
2026-05-28,BL-260528-16096,Swiggy,Chocolate Brownie,324.11
2026-05-28,BL-260528-16096,Swiggy,Cappuccino,186.72
2026-05-28,BL-260528-16098,Swiggy,Espresso,156.51
2026-05-28,BL-260528-16098,Swiggy,Cold Brew,227.04
2026-05-28,BL-260528-16098,Swiggy,Latte,209.98
2026-05-28,BL-260528-16101,Zomato,Seasonal Special,361.52
2026-05-28,BL-260528-16101,Zomato,Croissant,123.87
2026-05-28,BL-260528-16104,Swiggy,Blueberry Muffin,286.63
2026-05-28,BL-260528-16106,Zomato,Espresso,155.15
2026-05-28,BL-260528-16106,Zomato,Cold Brew,446.77
2026-05-28,BL-260528-16107,Swiggy,Club Sandwich,333.7
2026-05-28,BL-260528-16108,Swiggy,Masala Chai,81.81
2026-05-28,BL-260528-16108,Swiggy,Masala Chai,80.34
2026-05-28,BL-260528-16114,Swiggy,Masala Chai,81.68
2026-05-28,BL-260528-16114,Swiggy,Chocolate Brownie,165.0
2026-05-28,BL-260528-16116,Swiggy,Blueberry Muffin,145.24
2026-05-28,BL-260528-16116,Swiggy,Veg Wrap,267.77
2026-05-28,BL-260528-16123,Zomato,Club Sandwich,325.39
2026-05-28,BL-260528-16123,Zomato,Cold Brew,224.49
2026-05-28,BL-260528-16125,Swiggy,Club Sandwich,321.88
2026-05-28,BL-260528-16125,Swiggy,Veg Wrap,268.74
2026-05-28,BL-260528-16127,Zomato,Croissant,124.33
2026-05-28,BL-260528-16129,Swiggy,Masala Chai,80.42
2026-05-28,BL-260528-16129,Swiggy,Latte,199.96
2026-05-28,BL-260528-16134,Swiggy,Blueberry Muffin,139.79
2026-05-28,BL-260528-16135,Swiggy,Veg Wrap,540.47
2026-05-28,BL-260528-16135,Swiggy,Veg Wrap,266.59
2026-05-28,BL-260528-16138,Swiggy,Latte,204.44
2026-05-28,BL-260528-16139,Zomato,Espresso,155.55
2026-05-28,BL-260528-16140,Swiggy,Cold Brew,220.27
2026-05-28,BL-260528-16140,Swiggy,Avocado Toast,288.29
2026-05-28,BL-260528-16142,Zomato,Cold Brew,222.47
2026-05-28,BL-260528-16142,Zomato,Veg Wrap,264.42
2026-05-28,BL-260528-16143,Zomato,Iced Latte,251.65
2026-05-28,BL-260528-16143,Zomato,Veg Wrap,270.9
2026-05-28,BL-260528-16143,Zomato,Avocado Toast,285.64
2026-05-28,BL-260528-16144,Zomato,Club Sandwich,325.51
2026-05-28,BL-260528-16144,Zomato,Veg Wrap,269.72
2026-05-28,BL-260528-16144,Zomato,Latte,205.46
2026-05-28,BL-260528-16146,Swiggy,Chocolate Brownie,162.43
2026-05-28,BL-260528-16146,Swiggy,Croissant,121.32
2026-05-28,BL-260528-16148,Zomato,Blueberry Muffin,144.91
2026-05-28,BL-260528-16149,Swiggy,Club Sandwich,324.2
2026-05-28,BL-260528-16151,Zomato,Latte,200.73
2026-05-28,BL-260528-16152,Zomato,Espresso,156.16
2026-05-28,BL-260528-16153,Swiggy,Cappuccino,187.48
2026-05-28,BL-260528-16153,Swiggy,Seasonal Special,357.2
2026-05-28,BL-260528-16153,Swiggy,Cold Brew,222.69
2026-05-28,BL-260528-16156,Zomato,Veg Wrap,537.92
2026-05-29,BL-260529-16169,Swiggy,Masala Chai,80.06
2026-05-29,BL-260529-16169,Swiggy,Chocolate Brownie,162.68
2026-05-29,BL-260529-16169,Swiggy,Cold Brew,455.19
2026-05-29,BL-260529-16173,Zomato,Veg Wrap,265.33
2026-05-29,BL-260529-16173,Zomato,Cappuccino,183.32
2026-05-29,BL-260529-16175,Zomato,Espresso,155.8
2026-05-29,BL-260529-16175,Zomato,Espresso,153.28
2026-05-29,BL-260529-16178,Zomato,Avocado Toast,289.76
2026-05-29,BL-260529-16184,Swiggy,Seasonal Special,363.47
2026-05-29,BL-260529-16184,Swiggy,Blueberry Muffin,145.59
2026-05-29,BL-260529-16186,Zomato,Cold Brew,225.02
2026-05-29,BL-260529-16186,Zomato,Cappuccino,180.1
2026-05-29,BL-260529-16186,Zomato,Veg Wrap,267.93
2026-05-29,BL-260529-16188,Zomato,Blueberry Muffin,145.97
2026-05-29,BL-260529-16188,Zomato,Seasonal Special,719.18
2026-05-29,BL-260529-16190,Swiggy,Avocado Toast,293.52
2026-05-29,BL-260529-16190,Swiggy,Avocado Toast,284.78
2026-05-29,BL-260529-16192,Swiggy,Masala Chai,82.41
2026-05-29,BL-260529-16192,Swiggy,Chocolate Brownie,167.26
2026-05-29,BL-260529-16193,Swiggy,Club Sandwich,659.09
2026-05-29,BL-260529-16194,Swiggy,Veg Wrap,265.73
2026-05-29,BL-260529-16197,Swiggy,Club Sandwich,328.64
2026-05-29,BL-260529-16197,Swiggy,Latte,204.86
2026-05-29,BL-260529-16201,Swiggy,Chocolate Brownie,160.8
2026-05-29,BL-260529-16206,Swiggy,Seasonal Special,362.88
2026-05-29,BL-260529-16208,Swiggy,Latte,202.02
2026-05-29,BL-260529-16208,Swiggy,Croissant,122.9
2026-05-29,BL-260529-16210,Zomato,Espresso,310.32
2026-05-29,BL-260529-16211,Swiggy,Iced Latte,489.07
2026-05-29,BL-260529-16213,Swiggy,Avocado Toast,286.07
2026-05-29,BL-260529-16215,Swiggy,Cold Brew,224.97
2026-05-29,BL-260529-16215,Swiggy,Club Sandwich,321.46
2026-05-29,BL-260529-16218,Swiggy,Blueberry Muffin,146.62
2026-05-29,BL-260529-16218,Swiggy,Iced Latte,494.9
2026-05-29,BL-260529-16220,Zomato,Cold Brew,230.44
2026-05-29,BL-260529-16220,Zomato,Iced Latte,242.3
2026-05-29,BL-260529-16222,Swiggy,Cold Brew,222.03
2026-05-29,BL-260529-16222,Swiggy,Chocolate Brownie,166.85
2026-05-29,BL-260529-16222,Swiggy,Avocado Toast,281.66
2026-05-29,BL-260529-16225,Zomato,Iced Latte,243.37
2026-05-29,BL-260529-16225,Zomato,Cold Brew,227.96
2026-05-29,BL-260529-16225,Zomato,Espresso,153.9
2026-05-29,BL-260529-16225,Zomato,Masala Chai,83.64
2026-05-29,BL-260529-16228,Swiggy,Iced Latte,241.65
2026-05-29,BL-260529-16228,Swiggy,Cappuccino,188.19
2026-05-29,BL-260529-16228,Swiggy,Cappuccino,188.27
2026-05-29,BL-260529-16230,Swiggy,Espresso,151.47
2026-05-29,BL-260529-16230,Swiggy,Chocolate Brownie,165.49
2026-05-29,BL-260529-16232,Swiggy,Club Sandwich,327.0
2026-05-29,BL-260529-16232,Swiggy,Cappuccino,186.22
2026-05-29,BL-260529-16233,Swiggy,Blueberry Muffin,293.1
2026-05-29,BL-260529-16233,Swiggy,Avocado Toast,284.26
2026-05-29,BL-260529-16235,Zomato,Cappuccino,185.48
2026-05-29,BL-260529-16236,Zomato,Avocado Toast,288.95
2026-05-29,BL-260529-16236,Zomato,Masala Chai,79.85
2026-05-29,BL-260529-16244,Swiggy,Seasonal Special,356.11
2026-05-29,BL-260529-16244,Swiggy,Iced Latte,491.38
2026-05-29,BL-260529-16245,Swiggy,Masala Chai,81.44
2026-05-29,BL-260529-16246,Swiggy,Cold Brew,230.29
2026-05-29,BL-260529-16246,Swiggy,Croissant,125.17
2026-05-29,BL-260529-16247,Zomato,Chocolate Brownie,162.98
2026-05-29,BL-260529-16247,Zomato,Avocado Toast,292.97
2026-05-30,BL-260530-16257,Zomato,Chocolate Brownie,166.53
2026-05-30,BL-260530-16257,Zomato,Croissant,124.99
2026-05-30,BL-260530-16259,Zomato,Espresso,153.31
2026-05-30,BL-260530-16259,Zomato,Seasonal Special,361.79
2026-05-30,BL-260530-16262,Zomato,Iced Latte,249.53
2026-05-30,BL-260530-16262,Zomato,Avocado Toast,286.69
2026-05-30,BL-260530-16262,Zomato,Club Sandwich,330.35
2026-05-30,BL-260530-16266,Swiggy,Croissant,241.83
2026-05-30,BL-260530-16266,Swiggy,Espresso,155.32
2026-05-30,BL-260530-16270,Swiggy,Veg Wrap,259.89
2026-05-30,BL-260530-16272,Zomato,Masala Chai,83.99
2026-05-30,BL-260530-16272,Zomato,Iced Latte,241.01
2026-05-30,BL-260530-16273,Swiggy,Cold Brew,445.34
2026-05-30,BL-260530-16273,Swiggy,Latte,205.24
2026-05-30,BL-260530-16274,Zomato,Croissant,125.39
2026-05-30,BL-260530-16274,Zomato,Espresso,150.68
2026-05-30,BL-260530-16279,Swiggy,Cold Brew,220.19
2026-05-30,BL-260530-16279,Swiggy,Chocolate Brownie,162.43
2026-05-30,BL-260530-16284,Zomato,Avocado Toast,285.74
2026-05-30,BL-260530-16284,Zomato,Avocado Toast,281.58
2026-05-30,BL-260530-16287,Zomato,Iced Latte,245.34
2026-05-30,BL-260530-16287,Zomato,Chocolate Brownie,164.54
2026-05-30,BL-260530-16288,Zomato,Cappuccino,184.83
2026-05-30,BL-260530-16288,Zomato,Avocado Toast,291.13
2026-05-30,BL-260530-16288,Zomato,Club Sandwich,324.58
2026-05-30,BL-260530-16289,Swiggy,Chocolate Brownie,162.28
2026-05-30,BL-260530-16289,Swiggy,Veg Wrap,265.25
2026-05-30,BL-260530-16292,Swiggy,Seasonal Special,357.06
2026-05-30,BL-260530-16292,Swiggy,Seasonal Special,362.42
2026-05-30,BL-260530-16292,Swiggy,Chocolate Brownie,326.63
2026-05-30,BL-260530-16295,Swiggy,Iced Latte,497.81
2026-05-30,BL-260530-16296,Swiggy,Cappuccino,186.35
2026-05-30,BL-260530-16297,Swiggy,Chocolate Brownie,161.29
2026-05-30,BL-260530-16298,Zomato,Club Sandwich,333.37
2026-05-30,BL-260530-16300,Swiggy,Masala Chai,82.07
2026-05-30,BL-260530-16300,Swiggy,Club Sandwich,653.35
2026-05-30,BL-260530-16300,Swiggy,Croissant,242.14
2026-05-30,BL-260530-16301,Swiggy,Masala Chai,166.96
2026-05-30,BL-260530-16301,Swiggy,Seasonal Special,709.9
2026-05-30,BL-260530-16302,Swiggy,Iced Latte,248.72
2026-05-30,BL-260530-16305,Swiggy,Seasonal Special,359.82
2026-05-30,BL-260530-16310,Swiggy,Seasonal Special,361.1
2026-05-30,BL-260530-16310,Swiggy,Iced Latte,493.53
2026-05-30,BL-260530-16310,Swiggy,Chocolate Brownie,162.45
2026-05-30,BL-260530-16311,Zomato,Seasonal Special,356.54
2026-05-30,BL-260530-16311,Zomato,Croissant,124.12
2026-05-30,BL-260530-16319,Swiggy,Cold Brew,230.11
2026-05-30,BL-260530-16319,Swiggy,Chocolate Brownie,166.8
2026-05-30,BL-260530-16321,Zomato,Veg Wrap,271.57
2026-05-30,BL-260530-16321,Zomato,Cappuccino,187.58
2026-05-30,BL-260530-16322,Swiggy,Cappuccino,366.3
2026-05-30,BL-260530-16322,Swiggy,Espresso,156.61
2026-05-30,BL-260530-16323,Zomato,Espresso,150.4
2026-05-30,BL-260530-16323,Zomato,Seasonal Special,361.4
2026-05-30,BL-260530-16327,Swiggy,Blueberry Muffin,144.25
2026-05-30,BL-260530-16327,Swiggy,Espresso,153.11
2026-05-30,BL-260530-16328,Zomato,Avocado Toast,587.56
2026-05-30,BL-260530-16328,Zomato,Blueberry Muffin,141.44
2026-05-30,BL-260530-16330,Zomato,Croissant,120.4
2026-05-30,BL-260530-16331,Swiggy,Iced Latte,251.37
2026-05-30,BL-260530-16331,Swiggy,Cold Brew,226.19
2026-05-30,BL-260530-16331,Swiggy,Latte,201.48
2026-05-30,BL-260530-16333,Zomato,Veg Wrap,266.17
2026-05-30,BL-260530-16338,Swiggy,Cappuccino,182.16
2026-05-30,BL-260530-16338,Swiggy,Croissant,123.91
2026-05-30,BL-260530-16338,Swiggy,Iced Latte,242.89
2026-05-30,BL-260530-16339,Zomato,Iced Latte,491.08
2026-05-30,BL-260530-16339,Zomato,Latte,199.65
2026-05-30,BL-260530-16347,Swiggy,Cold Brew,227.64
2026-05-30,BL-260530-16355,Swiggy,Croissant,122.73
2026-05-30,BL-260530-16355,Swiggy,Latte,203.04
2026-05-30,BL-260530-16356,Zomato,Croissant,123.02
2026-05-30,BL-260530-16356,Zomato,Blueberry Muffin,143.38
2026-05-30,BL-260530-16356,Zomato,Iced Latte,239.54
2026-05-30,BL-260530-16356,Zomato,Latte,208.46
2026-05-30,BL-260530-16359,Swiggy,Cold Brew,222.47
2026-05-30,BL-260530-16359,Swiggy,Seasonal Special,351.86
2026-05-30,BL-260530-16359,Swiggy,Masala Chai,83.45
2026-05-30,BL-260530-16363,Zomato,Iced Latte,245.57
2026-05-30,BL-260530-16365,Swiggy,Masala Chai,80.15
2026-05-30,BL-260530-16365,Swiggy,Club Sandwich,326.66
2026-05-30,BL-260530-16366,Swiggy,Veg Wrap,262.25
2026-05-30,BL-260530-16376,Swiggy,Avocado Toast,292.18
2026-05-30,BL-260530-16376,Swiggy,Club Sandwich,330.02
2026-05-30,BL-260530-16382,Swiggy,Blueberry Muffin,139.88
2026-05-30,BL-260530-16386,Swiggy,Veg Wrap,522.87
2026-05-30,BL-260530-16386,Swiggy,Blueberry Muffin,280.58
2026-05-30,BL-260530-16388,Zomato,Cappuccino,182.4
2026-05-30,BL-260530-16388,Zomato,Espresso,153.11
2026-05-31,BL-260531-16390,Swiggy,Iced Latte,240.0
2026-05-31,BL-260531-16391,Zomato,Masala Chai,81.67
2026-05-31,BL-260531-16391,Zomato,Club Sandwich,330.65
2026-05-31,BL-260531-16397,Zomato,Chocolate Brownie,160.67
2026-05-31,BL-260531-16397,Zomato,Cold Brew,454.16
2026-05-31,BL-260531-16397,Zomato,Iced Latte,250.71
2026-05-31,BL-260531-16399,Swiggy,Latte,202.22
2026-05-31,BL-260531-16399,Swiggy,Latte,208.46
2026-05-31,BL-260531-16402,Swiggy,Chocolate Brownie,162.0
2026-05-31,BL-260531-16402,Swiggy,Avocado Toast,285.28
2026-05-31,BL-260531-16403,Swiggy,Croissant,120.82
2026-05-31,BL-260531-16403,Swiggy,Cappuccino,182.53
2026-05-31,BL-260531-16404,Zomato,Blueberry Muffin,140.28
2026-05-31,BL-260531-16404,Zomato,Club Sandwich,324.69
2026-05-31,BL-260531-16405,Zomato,Iced Latte,244.53
2026-05-31,BL-260531-16405,Zomato,Veg Wrap,266.67
2026-05-31,BL-260531-16406,Swiggy,Blueberry Muffin,144.24
2026-05-31,BL-260531-16406,Swiggy,Latte,200.8
2026-05-31,BL-260531-16406,Swiggy,Seasonal Special,351.48
2026-05-31,BL-260531-16407,Zomato,Seasonal Special,366.28
2026-05-31,BL-260531-16409,Zomato,Cappuccino,183.55
2026-05-31,BL-260531-16409,Zomato,Iced Latte,250.42
2026-05-31,BL-260531-16410,Swiggy,Iced Latte,251.46
2026-05-31,BL-260531-16412,Zomato,Avocado Toast,288.95
2026-05-31,BL-260531-16412,Zomato,Iced Latte,245.45
2026-05-31,BL-260531-16412,Zomato,Espresso,154.37
2026-05-31,BL-260531-16417,Zomato,Croissant,123.55
2026-05-31,BL-260531-16417,Zomato,Seasonal Special,364.24
2026-05-31,BL-260531-16417,Zomato,Croissant,251.36
2026-05-31,BL-260531-16420,Swiggy,Masala Chai,80.69
2026-05-31,BL-260531-16422,Swiggy,Cappuccino,181.99
2026-05-31,BL-260531-16425,Zomato,Cold Brew,228.91
2026-05-31,BL-260531-16425,Zomato,Chocolate Brownie,167.99
2026-05-31,BL-260531-16426,Swiggy,Cappuccino,184.79
2026-05-31,BL-260531-16426,Swiggy,Seasonal Special,351.88
2026-05-31,BL-260531-16427,Swiggy,Cold Brew,227.31
2026-05-31,BL-260531-16427,Swiggy,Croissant,119.87
2026-05-31,BL-260531-16427,Swiggy,Espresso,305.24
2026-05-31,BL-260531-16428,Zomato,Masala Chai,82.56
2026-05-31,BL-260531-16428,Zomato,Espresso,153.97
2026-05-31,BL-260531-16432,Swiggy,Latte,206.75
2026-05-31,BL-260531-16432,Swiggy,Masala Chai,80.7
2026-05-31,BL-260531-16437,Swiggy,Croissant,244.78
2026-05-31,BL-260531-16439,Swiggy,Cappuccino,188.0
2026-05-31,BL-260531-16441,Zomato,Seasonal Special,359.38
2026-05-31,BL-260531-16441,Zomato,Masala Chai,80.18
2026-05-31,BL-260531-16443,Zomato,Masala Chai,167.08
2026-05-31,BL-260531-16443,Zomato,Latte,208.6
2026-05-31,BL-260531-16444,Swiggy,Veg Wrap,266.37
2026-05-31,BL-260531-16446,Zomato,Club Sandwich,329.66
2026-05-31,BL-260531-16453,Swiggy,Chocolate Brownie,160.46
2026-05-31,BL-260531-16453,Swiggy,Avocado Toast,289.59
2026-05-31,BL-260531-16455,Zomato,Veg Wrap,259.99
2026-05-31,BL-260531-16455,Zomato,Croissant,123.36
2026-05-31,BL-260531-16455,Zomato,Chocolate Brownie,331.66
2026-05-31,BL-260531-16457,Swiggy,Latte,207.37
2026-05-31,BL-260531-16458,Swiggy,Cold Brew,227.83
2026-05-31,BL-260531-16458,Swiggy,Veg Wrap,265.95
2026-05-31,BL-260531-16462,Zomato,Blueberry Muffin,145.55
2026-05-31,BL-260531-16464,Swiggy,Iced Latte,246.22
2026-05-31,BL-260531-16464,Swiggy,Latte,208.68
2026-05-31,BL-260531-16467,Swiggy,Cold Brew,223.6
2026-05-31,BL-260531-16467,Swiggy,Masala Chai,82.17
2026-05-31,BL-260531-16468,Zomato,Avocado Toast,290.74
2026-05-31,BL-260531-16468,Zomato,Cappuccino,184.02
2026-05-31,BL-260531-16468,Zomato,Seasonal Special,706.15
2026-05-31,BL-260531-16471,Zomato,Seasonal Special,361.81
2026-05-31,BL-260531-16472,Swiggy,Latte,207.37
2026-05-31,BL-260531-16472,Swiggy,Chocolate Brownie,162.16
2026-05-31,BL-260531-16472,Swiggy,Latte,204.85
2026-05-31,BL-260531-16474,Zomato,Seasonal Special,355.03
2026-05-31,BL-260531-16476,Swiggy,Veg Wrap,262.68
2026-05-31,BL-260531-16479,Zomato,Chocolate Brownie,166.0
2026-05-31,BL-260531-16479,Zomato,Latte,201.31
2026-05-31,BL-260531-16487,Zomato,Latte,406.27
2026-05-31,BL-260531-16487,Zomato,Chocolate Brownie,167.45
2026-05-31,BL-260531-16488,Zomato,Avocado Toast,286.85
2026-05-31,BL-260531-16488,Zomato,Blueberry Muffin,292.3
2026-05-31,BL-260531-16488,Zomato,Veg Wrap,263.92
2026-05-31,BL-260531-16491,Swiggy,Croissant,121.36
2026-05-31,BL-260531-16493,Zomato,Iced Latte,248.73
2026-05-31,BL-260531-16493,Zomato,Cold Brew,441.08
2026-05-31,BL-260531-16496,Swiggy,Masala Chai,80.6
2026-05-31,BL-260531-16496,Swiggy,Avocado Toast,280.99
2026-05-31,BL-260531-16496,Swiggy,Veg Wrap,520.36
2026-05-31,BL-260531-16497,Zomato,Latte,405.97
2026-05-31,BL-260531-16497,Zomato,Veg Wrap,262.77
2026-05-31,BL-260531-16498,Zomato,Club Sandwich,322.09
2026-05-31,BL-260531-16499,Swiggy,Chocolate Brownie,321.38
2026-05-31,BL-260531-16500,Swiggy,Croissant,122.01
2026-05-31,BL-260531-16502,Swiggy,Espresso,155.43
2026-05-31,BL-260531-16502,Swiggy,Chocolate Brownie,167.03
2026-05-31,BL-260531-16504,Zomato,Cold Brew,230.71
2026-05-31,BL-260531-16504,Zomato,Iced Latte,249.73
2026-05-31,BL-260531-16505,Swiggy,Blueberry Muffin,144.7
2026-05-31,BL-260531-16507,Zomato,Seasonal Special,365.8
2026-05-31,BL-260531-16507,Zomato,Chocolate Brownie,165.07
2026-05-31,BL-260531-16508,Zomato,Latte,204.36
2026-05-31,BL-260531-16508,Zomato,Croissant,123.07
2026-05-31,BL-260531-16510,Swiggy,Iced Latte,482.66
2026-05-31,BL-260531-16514,Swiggy,Masala Chai,83.83
2026-05-31,BL-260531-16514,Swiggy,Masala Chai,81.79
2026-05-31,BL-260531-16514,Swiggy,Veg Wrap,261.08
2026-05-31,BL-260531-16516,Swiggy,Latte,201.49
2026-05-31,BL-260531-16516,Swiggy,Cappuccino,188.23
2026-05-31,BL-260531-16516,Swiggy,Avocado Toast,284.63
2026-05-31,BL-260531-16519,Swiggy,Croissant,123.93
2026-05-31,BL-260531-16519,Swiggy,Espresso,151.4
2026-05-31,BL-260531-16524,Zomato,Avocado Toast,283.55
2026-05-31,BL-260531-16524,Zomato,Iced Latte,249.06
2026-05-31,BL-260531-16526,Zomato,Cappuccino,186.96
2026-05-31,BL-260531-16526,Zomato,Seasonal Special,358.67
2026-05-31,BL-260531-16526,Zomato,Veg Wrap,271.32
2026-05-31,BL-260531-16528,Zomato,Chocolate Brownie,167.83
2026-05-31,BL-260531-16530,Swiggy,Veg Wrap,272.29
2026-05-31,BL-260531-16531,Zomato,Cappuccino,361.17
2026-06-01,BL-260601-16543,Zomato,Latte,208.82
2026-06-01,BL-260601-16547,Zomato,Blueberry Muffin,284.66
2026-06-01,BL-260601-16547,Zomato,Chocolate Brownie,323.37
2026-06-01,BL-260601-16549,Zomato,Espresso,157.48
2026-06-01,BL-260601-16549,Zomato,Espresso,153.14
2026-06-01,BL-260601-16549,Zomato,Club Sandwich,643.94
2026-06-01,BL-260601-16551,Swiggy,Latte,207.18
2026-06-01,BL-260601-16553,Zomato,Cappuccino,362.94
2026-06-01,BL-260601-16553,Zomato,Cappuccino,188.7
2026-06-01,BL-260601-16555,Zomato,Blueberry Muffin,142.83
2026-06-01,BL-260601-16555,Zomato,Veg Wrap,262.53
2026-06-01,BL-260601-16555,Zomato,Latte,206.17
2026-06-01,BL-260601-16557,Swiggy,Masala Chai,83.93
2026-06-01,BL-260601-16557,Swiggy,Veg Wrap,270.47
2026-06-01,BL-260601-16559,Zomato,Avocado Toast,281.33
2026-06-01,BL-260601-16561,Swiggy,Blueberry Muffin,146.35
2026-06-01,BL-260601-16561,Swiggy,Espresso,151.19
2026-06-01,BL-260601-16561,Swiggy,Chocolate Brownie,161.96
2026-06-01,BL-260601-16565,Swiggy,Espresso,152.89
2026-06-01,BL-260601-16565,Swiggy,Cappuccino,188.66
2026-06-01,BL-260601-16573,Zomato,Avocado Toast,281.54
2026-06-01,BL-260601-16577,Swiggy,Espresso,153.57
2026-06-01,BL-260601-16577,Swiggy,Avocado Toast,582.35
2026-06-01,BL-260601-16581,Zomato,Seasonal Special,700.87
2026-06-01,BL-260601-16583,Zomato,Chocolate Brownie,164.33
2026-06-01,BL-260601-16591,Swiggy,Espresso,153.24
2026-06-01,BL-260601-16591,Swiggy,Blueberry Muffin,139.86
2026-06-01,BL-260601-16594,Zomato,Cold Brew,228.24
2026-06-01,BL-260601-16594,Zomato,Cappuccino,181.45
2026-06-01,BL-260601-16596,Swiggy,Avocado Toast,281.64
2026-06-01,BL-260601-16600,Zomato,Seasonal Special,354.21
2026-06-01,BL-260601-16602,Zomato,Iced Latte,246.89
2026-06-01,BL-260601-16602,Zomato,Blueberry Muffin,289.19
2026-06-01,BL-260601-16602,Zomato,Cappuccino,188.23
2026-06-01,BL-260601-16604,Zomato,Iced Latte,249.97
2026-06-01,BL-260601-16604,Zomato,Cold Brew,223.8
2026-06-01,BL-260601-16606,Zomato,Seasonal Special,364.91
2026-06-01,BL-260601-16606,Zomato,Avocado Toast,578.81
2026-06-01,BL-260601-16613,Zomato,Chocolate Brownie,160.6
2026-06-01,BL-260601-16614,Swiggy,Cold Brew,219.66
2026-06-01,BL-260601-16614,Swiggy,Cold Brew,223.0
2026-06-01,BL-260601-16620,Swiggy,Croissant,119.82
2026-06-01,BL-260601-16622,Zomato,Veg Wrap,530.11
2026-06-01,BL-260601-16622,Zomato,Croissant,122.08
2026-06-01,BL-260601-16622,Zomato,Club Sandwich,331.45
2026-06-01,BL-260601-16623,Zomato,Club Sandwich,322.15
2026-06-01,BL-260601-16623,Zomato,Cappuccino,365.8
2026-06-01,BL-260601-16623,Zomato,Latte,206.05
2026-06-01,BL-260601-16624,Zomato,Iced Latte,241.2
2026-06-01,BL-260601-16624,Zomato,Cold Brew,220.21
2026-06-01,BL-260601-16625,Swiggy,Croissant,123.54
2026-06-01,BL-260601-16627,Zomato,Chocolate Brownie,166.32
2026-06-01,BL-260601-16627,Zomato,Espresso,151.29
2026-06-01,BL-260601-16629,Zomato,Avocado Toast,287.49
2026-06-01,BL-260601-16629,Zomato,Avocado Toast,293.22
2026-06-01,BL-260601-16629,Zomato,Avocado Toast,285.68
2026-06-01,BL-260601-16632,Swiggy,Latte,399.3
2026-06-01,BL-260601-16632,Swiggy,Avocado Toast,587.11
2026-06-01,BL-260601-16632,Swiggy,Blueberry Muffin,145.3
2026-06-01,BL-260601-16633,Zomato,Veg Wrap,265.99
2026-06-01,BL-260601-16634,Zomato,Masala Chai,79.92
2026-06-01,BL-260601-16634,Zomato,Veg Wrap,544.25
2026-06-01,BL-260601-16635,Swiggy,Cappuccino,186.05
2026-06-01,BL-260601-16635,Swiggy,Cold Brew,229.81
2026-06-01,BL-260601-16635,Swiggy,Veg Wrap,264.69
2026-06-01,BL-260601-16639,Zomato,Croissant,120.88
2026-06-01,BL-260601-16640,Zomato,Iced Latte,481.63
2026-06-01,BL-260601-16640,Zomato,Seasonal Special,698.75
2026-06-01,BL-260601-16641,Swiggy,Latte,199.95
2026-06-01,BL-260601-16641,Swiggy,Iced Latte,240.8
2026-06-01,BL-260601-16642,Swiggy,Chocolate Brownie,166.55
2026-06-01,BL-260601-16642,Swiggy,Iced Latte,241.41
2026-06-01,BL-260601-16644,Swiggy,Veg Wrap,270.89
2026-06-01,BL-260601-16644,Swiggy,Cappuccino,367.08
2026-06-01,BL-260601-16645,Swiggy,Club Sandwich,655.8
2026-06-01,BL-260601-16645,Swiggy,Veg Wrap,267.22
2026-06-01,BL-260601-16646,Zomato,Chocolate Brownie,162.16
2026-06-01,BL-260601-16646,Zomato,Club Sandwich,323.76
2026-06-01,BL-260601-16646,Zomato,Cold Brew,220.78
2026-06-01,BL-260601-16648,Swiggy,Espresso,151.97
2026-06-01,BL-260601-16649,Swiggy,Blueberry Muffin,140.78
2026-06-01,BL-260601-16649,Swiggy,Veg Wrap,259.35
2026-06-01,BL-260601-16650,Zomato,Veg Wrap,267.24
2026-06-01,BL-260601-16650,Zomato,Seasonal Special,700.24
2026-06-01,BL-260601-16654,Swiggy,Iced Latte,247.89
2026-06-01,BL-260601-16655,Swiggy,Iced Latte,247.38
2026-06-01,BL-260601-16655,Swiggy,Club Sandwich,329.77
2026-06-02,BL-260602-16662,Zomato,Veg Wrap,264.68
2026-06-02,BL-260602-16662,Zomato,Avocado Toast,291.73
2026-06-02,BL-260602-16663,Zomato,Avocado Toast,285.89
2026-06-02,BL-260602-16663,Zomato,Avocado Toast,286.75
2026-06-02,BL-260602-16663,Zomato,Croissant,120.92
2026-06-02,BL-260602-16665,Swiggy,Seasonal Special,366.4
2026-06-02,BL-260602-16665,Swiggy,Masala Chai,83.75
2026-06-02,BL-260602-16670,Zomato,Latte,204.24
2026-06-02,BL-260602-16677,Zomato,Croissant,123.2
2026-06-02,BL-260602-16677,Zomato,Cold Brew,223.66
2026-06-02,BL-260602-16678,Zomato,Croissant,120.91
2026-06-02,BL-260602-16681,Swiggy,Avocado Toast,292.67
2026-06-02,BL-260602-16682,Swiggy,Latte,207.0
2026-06-02,BL-260602-16684,Swiggy,Masala Chai,159.76
2026-06-02,BL-260602-16684,Swiggy,Cold Brew,226.88
2026-06-02,BL-260602-16684,Swiggy,Iced Latte,501.87
2026-06-02,BL-260602-16691,Zomato,Seasonal Special,359.59
2026-06-02,BL-260602-16691,Zomato,Cold Brew,220.65
2026-06-02,BL-260602-16693,Swiggy,Latte,405.03
2026-06-02,BL-260602-16693,Swiggy,Cappuccino,360.0
2026-06-02,BL-260602-16694,Swiggy,Iced Latte,246.62
2026-06-02,BL-260602-16695,Zomato,Cold Brew,229.94
2026-06-02,BL-260602-16699,Swiggy,Cappuccino,182.36
2026-06-02,BL-260602-16699,Swiggy,Avocado Toast,285.99
2026-06-02,BL-260602-16699,Swiggy,Club Sandwich,320.38
2026-06-02,BL-260602-16699,Swiggy,Espresso,150.79
2026-06-02,BL-260602-16702,Zomato,Seasonal Special,349.97
2026-06-02,BL-260602-16702,Zomato,Iced Latte,239.64
2026-06-02,BL-260602-16703,Zomato,Seasonal Special,366.04
2026-06-02,BL-260602-16703,Zomato,Latte,200.77
2026-06-02,BL-260602-16703,Zomato,Chocolate Brownie,159.96
2026-06-02,BL-260602-16704,Swiggy,Latte,207.16
2026-06-02,BL-260602-16706,Zomato,Club Sandwich,327.37
2026-06-02,BL-260602-16708,Swiggy,Croissant,124.91
2026-06-02,BL-260602-16709,Zomato,Blueberry Muffin,145.02
2026-06-02,BL-260602-16714,Zomato,Cappuccino,188.69
2026-06-02,BL-260602-16714,Zomato,Chocolate Brownie,330.92
2026-06-02,BL-260602-16715,Zomato,Espresso,152.85
2026-06-02,BL-260602-16715,Zomato,Masala Chai,80.08
2026-06-02,BL-260602-16718,Zomato,Avocado Toast,285.39
2026-06-02,BL-260602-16718,Zomato,Avocado Toast,289.68
2026-06-02,BL-260602-16723,Swiggy,Blueberry Muffin,146.56
2026-06-02,BL-260602-16723,Swiggy,Club Sandwich,332.67
2026-06-02,BL-260602-16725,Swiggy,Masala Chai,80.66
2026-06-02,BL-260602-16727,Zomato,Veg Wrap,260.8
2026-06-02,BL-260602-16727,Zomato,Blueberry Muffin,142.8
2026-06-02,BL-260602-16730,Swiggy,Croissant,122.39
2026-06-02,BL-260602-16730,Swiggy,Latte,207.41
2026-06-02,BL-260602-16735,Swiggy,Veg Wrap,266.03
2026-06-02,BL-260602-16736,Swiggy,Cold Brew,226.24
2026-06-02,BL-260602-16737,Zomato,Cappuccino,187.81
2026-06-02,BL-260602-16739,Zomato,Club Sandwich,330.28
2026-06-02,BL-260602-16739,Zomato,Avocado Toast,287.88
2026-06-02,BL-260602-16741,Swiggy,Veg Wrap,265.36
2026-06-02,BL-260602-16741,Swiggy,Espresso,153.93
2026-06-02,BL-260602-16745,Zomato,Club Sandwich,332.77
2026-06-02,BL-260602-16747,Zomato,Espresso,155.24
2026-06-02,BL-260602-16747,Zomato,Veg Wrap,269.32
2026-06-02,BL-260602-16754,Swiggy,Cold Brew,438.98
2026-06-02,BL-260602-16754,Swiggy,Latte,200.31
2026-06-02,BL-260602-16755,Zomato,Club Sandwich,323.06
2026-06-02,BL-260602-16755,Zomato,Espresso,153.03
2026-06-02,BL-260602-16758,Zomato,Seasonal Special,352.37
2026-06-02,BL-260602-16758,Zomato,Cappuccino,185.43
2026-06-02,BL-260602-16759,Zomato,Seasonal Special,367.29
2026-06-02,BL-260602-16759,Zomato,Veg Wrap,267.74
2026-06-02,BL-260602-16759,Zomato,Cold Brew,224.01
2026-06-02,BL-260602-16761,Zomato,Avocado Toast,285.38
2026-06-02,BL-260602-16762,Zomato,Latte,405.98
2026-06-02,BL-260602-16762,Zomato,Cold Brew,454.62
2026-06-02,BL-260602-16763,Swiggy,Chocolate Brownie,163.2
2026-06-02,BL-260602-16763,Swiggy,Cold Brew,220.5
2026-06-02,BL-260602-16766,Swiggy,Cold Brew,228.02
2026-06-02,BL-260602-16768,Zomato,Club Sandwich,327.01
2026-06-03,BL-260603-16769,Zomato,Cold Brew,440.35
2026-06-03,BL-260603-16769,Zomato,Croissant,121.68
2026-06-03,BL-260603-16769,Zomato,Blueberry Muffin,286.71
2026-06-03,BL-260603-16771,Swiggy,Club Sandwich,669.97
2026-06-03,BL-260603-16771,Swiggy,Seasonal Special,357.15
2026-06-03,BL-260603-16771,Swiggy,Iced Latte,249.93
2026-06-03,BL-260603-16772,Swiggy,Cappuccino,188.38
2026-06-03,BL-260603-16772,Swiggy,Espresso,156.81
2026-06-03,BL-260603-16772,Swiggy,Seasonal Special,350.97
2026-06-03,BL-260603-16773,Swiggy,Latte,201.19
2026-06-03,BL-260603-16773,Swiggy,Cold Brew,225.69
2026-06-03,BL-260603-16774,Swiggy,Latte,204.53
2026-06-03,BL-260603-16774,Swiggy,Espresso,156.96
2026-06-03,BL-260603-16775,Zomato,Masala Chai,162.44
2026-06-03,BL-260603-16778,Swiggy,Chocolate Brownie,335.37
2026-06-03,BL-260603-16778,Swiggy,Avocado Toast,281.88
2026-06-03,BL-260603-16778,Swiggy,Seasonal Special,731.86
2026-06-03,BL-260603-16781,Zomato,Croissant,122.24
2026-06-03,BL-260603-16781,Zomato,Avocado Toast,285.55
2026-06-03,BL-260603-16785,Swiggy,Masala Chai,83.72
2026-06-03,BL-260603-16786,Zomato,Blueberry Muffin,140.56
2026-06-03,BL-260603-16788,Zomato,Avocado Toast,293.52
2026-06-03,BL-260603-16788,Zomato,Blueberry Muffin,142.1
2026-06-03,BL-260603-16789,Swiggy,Chocolate Brownie,162.65
2026-06-03,BL-260603-16792,Swiggy,Croissant,120.24
2026-06-03,BL-260603-16793,Swiggy,Croissant,244.0
2026-06-03,BL-260603-16794,Swiggy,Veg Wrap,260.16
2026-06-03,BL-260603-16794,Swiggy,Veg Wrap,268.13
2026-06-03,BL-260603-16794,Swiggy,Iced Latte,239.46
2026-06-03,BL-260603-16795,Swiggy,Croissant,123.04
2026-06-03,BL-260603-16796,Swiggy,Club Sandwich,324.02
2026-06-03,BL-260603-16796,Swiggy,Iced Latte,245.67
2026-06-03,BL-260603-16798,Swiggy,Avocado Toast,280.33
2026-06-03,BL-260603-16798,Swiggy,Latte,209.62
2026-06-03,BL-260603-16799,Swiggy,Cappuccino,181.27
2026-06-03,BL-260603-16799,Swiggy,Veg Wrap,268.11
2026-06-03,BL-260603-16801,Swiggy,Blueberry Muffin,142.86
2026-06-03,BL-260603-16802,Swiggy,Cold Brew,226.63
2026-06-03,BL-260603-16802,Swiggy,Espresso,153.95
2026-06-03,BL-260603-16803,Swiggy,Avocado Toast,286.25
2026-06-03,BL-260603-16804,Swiggy,Croissant,125.68
2026-06-03,BL-260603-16804,Swiggy,Avocado Toast,286.87
2026-06-03,BL-260603-16804,Swiggy,Chocolate Brownie,161.55
2026-06-03,BL-260603-16812,Swiggy,Seasonal Special,363.98
2026-06-03,BL-260603-16812,Swiggy,Seasonal Special,354.21
2026-06-03,BL-260603-16816,Swiggy,Chocolate Brownie,167.08
2026-06-03,BL-260603-16818,Swiggy,Avocado Toast,280.64
2026-06-03,BL-260603-16820,Swiggy,Cold Brew,223.37
2026-06-03,BL-260603-16820,Swiggy,Blueberry Muffin,145.9
2026-06-03,BL-260603-16820,Swiggy,Croissant,249.69
2026-06-03,BL-260603-16825,Zomato,Iced Latte,492.23
2026-06-03,BL-260603-16827,Zomato,Iced Latte,245.99
2026-06-03,BL-260603-16829,Swiggy,Cold Brew,459.23
2026-06-03,BL-260603-16830,Zomato,Cold Brew,230.46
2026-06-03,BL-260603-16830,Zomato,Espresso,153.58
2026-06-03,BL-260603-16830,Zomato,Croissant,122.32
2026-06-03,BL-260603-16836,Swiggy,Iced Latte,248.84
2026-06-03,BL-260603-16836,Swiggy,Latte,208.67
2026-06-03,BL-260603-16837,Swiggy,Blueberry Muffin,146.58
2026-06-03,BL-260603-16837,Swiggy,Croissant,123.09
2026-06-03,BL-260603-16840,Swiggy,Veg Wrap,261.29
2026-06-03,BL-260603-16841,Swiggy,Cappuccino,181.22
2026-06-03,BL-260603-16841,Swiggy,Cold Brew,228.51
2026-06-03,BL-260603-16842,Swiggy,Seasonal Special,362.93
2026-06-03,BL-260603-16842,Swiggy,Club Sandwich,334.0
2026-06-03,BL-260603-16847,Zomato,Avocado Toast,280.57
2026-06-03,BL-260603-16847,Zomato,Blueberry Muffin,145.05
2026-06-03,BL-260603-16853,Zomato,Masala Chai,83.08
2026-06-03,BL-260603-16853,Zomato,Club Sandwich,650.72
2026-06-03,BL-260603-16856,Swiggy,Blueberry Muffin,291.65
2026-06-03,BL-260603-16856,Swiggy,Cappuccino,184.39
2026-06-03,BL-260603-16858,Zomato,Avocado Toast,282.65
2026-06-03,BL-260603-16858,Zomato,Chocolate Brownie,160.0
2026-06-03,BL-260603-16859,Swiggy,Chocolate Brownie,160.94
2026-06-03,BL-260603-16859,Swiggy,Chocolate Brownie,163.35
2026-06-03,BL-260603-16860,Zomato,Croissant,250.17
2026-06-03,BL-260603-16860,Zomato,Seasonal Special,359.56
2026-06-03,BL-260603-16861,Zomato,Seasonal Special,363.32
2026-06-03,BL-260603-16861,Zomato,Veg Wrap,542.79
2026-06-03,BL-260603-16864,Zomato,Cold Brew,443.13
2026-06-03,BL-260603-16864,Zomato,Cold Brew,230.58
2026-06-03,BL-260603-16865,Swiggy,Masala Chai,81.1
2026-06-03,BL-260603-16865,Swiggy,Chocolate Brownie,160.71
2026-06-03,BL-260603-16867,Swiggy,Avocado Toast,280.47
2026-06-03,BL-260603-16867,Swiggy,Cappuccino,364.45
2026-06-03,BL-260603-16872,Zomato,Masala Chai,83.89
2026-06-03,BL-260603-16872,Zomato,Veg Wrap,266.59
2026-06-03,BL-260603-16872,Zomato,Latte,207.49
2026-06-03,BL-260603-16873,Zomato,Cappuccino,183.11
2026-06-03,BL-260603-16873,Zomato,Chocolate Brownie,161.21
2026-06-03,BL-260603-16878,Zomato,Espresso,150.25
2026-06-03,BL-260603-16878,Zomato,Club Sandwich,325.69
2026-06-03,BL-260603-16879,Zomato,Avocado Toast,285.11
2026-06-03,BL-260603-16879,Zomato,Chocolate Brownie,335.66
2026-06-03,BL-260603-16880,Zomato,Veg Wrap,544.4
2026-06-03,BL-260603-16880,Zomato,Latte,206.87
2026-06-03,BL-260603-16883,Zomato,Latte,208.34
2026-06-03,BL-260603-16885,Swiggy,Croissant,122.94
2026-06-03,BL-260603-16885,Swiggy,Blueberry Muffin,140.77
2026-06-03,BL-260603-16886,Zomato,Cappuccino,181.23
2026-06-03,BL-260603-16887,Swiggy,Cold Brew,227.42
2026-06-03,BL-260603-16892,Zomato,Avocado Toast,286.82
2026-06-03,BL-260603-16892,Zomato,Cold Brew,220.59
2026-06-03,BL-260603-16896,Zomato,Blueberry Muffin,142.85
2026-06-03,BL-260603-16896,Zomato,Cold Brew,230.55
2026-06-04,BL-260604-16901,Swiggy,Croissant,121.6
2026-06-04,BL-260604-16901,Swiggy,Masala Chai,82.91
2026-06-04,BL-260604-16901,Swiggy,Chocolate Brownie,163.76
2026-06-04,BL-260604-16903,Swiggy,Iced Latte,489.4
2026-06-04,BL-260604-16903,Swiggy,Avocado Toast,292.19
2026-06-04,BL-260604-16904,Swiggy,Cold Brew,224.18
2026-06-04,BL-260604-16904,Swiggy,Blueberry Muffin,146.5
2026-06-04,BL-260604-16906,Swiggy,Avocado Toast,568.4
2026-06-04,BL-260604-16906,Swiggy,Latte,208.26
2026-06-04,BL-260604-16906,Swiggy,Espresso,309.78
2026-06-04,BL-260604-16908,Swiggy,Croissant,125.79
2026-06-04,BL-260604-16910,Swiggy,Blueberry Muffin,144.11
2026-06-04,BL-260604-16912,Swiggy,Cold Brew,229.04
2026-06-04,BL-260604-16913,Zomato,Seasonal Special,359.9
2026-06-04,BL-260604-16913,Zomato,Avocado Toast,559.29
2026-06-04,BL-260604-16913,Zomato,Veg Wrap,262.11
2026-06-04,BL-260604-16913,Zomato,Chocolate Brownie,165.06
2026-06-04,BL-260604-16914,Swiggy,Croissant,120.86
2026-06-04,BL-260604-16914,Swiggy,Blueberry Muffin,284.46
2026-06-04,BL-260604-16917,Swiggy,Cappuccino,184.72
2026-06-04,BL-260604-16917,Swiggy,Masala Chai,83.69
2026-06-04,BL-260604-16919,Zomato,Cappuccino,180.39
2026-06-04,BL-260604-16919,Zomato,Cappuccino,179.59
2026-06-04,BL-260604-16925,Swiggy,Avocado Toast,290.26
2026-06-04,BL-260604-16925,Swiggy,Iced Latte,243.03
2026-06-04,BL-260604-16934,Zomato,Veg Wrap,266.32
2026-06-04,BL-260604-16934,Zomato,Avocado Toast,280.96
2026-06-04,BL-260604-16940,Swiggy,Iced Latte,249.29
2026-06-04,BL-260604-16940,Swiggy,Cappuccino,182.7
2026-06-04,BL-260604-16941,Swiggy,Croissant,120.77
2026-06-04,BL-260604-16941,Swiggy,Espresso,153.43
2026-06-04,BL-260604-16942,Swiggy,Espresso,151.59
2026-06-04,BL-260604-16942,Swiggy,Espresso,150.83
2026-06-04,BL-260604-16943,Swiggy,Croissant,121.15
2026-06-04,BL-260604-16943,Swiggy,Masala Chai,80.14
2026-06-04,BL-260604-16945,Zomato,Veg Wrap,267.26
2026-06-04,BL-260604-16945,Zomato,Latte,206.1
2026-06-04,BL-260604-16945,Zomato,Masala Chai,83.84
2026-06-04,BL-260604-16945,Zomato,Blueberry Muffin,141.83
2026-06-04,BL-260604-16947,Swiggy,Club Sandwich,643.46
2026-06-04,BL-260604-16949,Swiggy,Cappuccino,188.63
2026-06-04,BL-260604-16949,Swiggy,Croissant,121.08
2026-06-04,BL-260604-16951,Zomato,Blueberry Muffin,141.64
2026-06-04,BL-260604-16952,Swiggy,Blueberry Muffin,143.29
2026-06-04,BL-260604-16952,Swiggy,Masala Chai,82.84
2026-06-04,BL-260604-16952,Swiggy,Chocolate Brownie,161.27
2026-06-04,BL-260604-16953,Swiggy,Latte,208.23
2026-06-04,BL-260604-16956,Swiggy,Blueberry Muffin,283.39
2026-06-04,BL-260604-16956,Swiggy,Espresso,157.31
2026-06-04,BL-260604-16957,Swiggy,Cold Brew,222.56
2026-06-04,BL-260604-16958,Zomato,Espresso,154.36
2026-06-04,BL-260604-16958,Zomato,Espresso,155.05
2026-06-04,BL-260604-16959,Zomato,Seasonal Special,359.79
2026-06-04,BL-260604-16959,Zomato,Veg Wrap,268.55
2026-06-04,BL-260604-16961,Swiggy,Masala Chai,81.21
2026-06-04,BL-260604-16961,Swiggy,Espresso,152.05
2026-06-04,BL-260604-16963,Swiggy,Croissant,242.5
2026-06-04,BL-260604-16963,Swiggy,Chocolate Brownie,160.44
2026-06-04,BL-260604-16964,Swiggy,Masala Chai,165.49
2026-06-04,BL-260604-16965,Swiggy,Club Sandwich,328.47
2026-06-04,BL-260604-16965,Swiggy,Chocolate Brownie,165.35
2026-06-04,BL-260604-16966,Zomato,Chocolate Brownie,164.38
2026-06-04,BL-260604-16966,Zomato,Iced Latte,241.58
2026-06-04,BL-260604-16966,Zomato,Latte,207.55
2026-06-04,BL-260604-16974,Zomato,Avocado Toast,292.99
2026-06-04,BL-260604-16974,Zomato,Masala Chai,81.72
2026-06-04,BL-260604-16975,Swiggy,Croissant,251.31
2026-06-04,BL-260604-16975,Swiggy,Veg Wrap,269.7
2026-06-04,BL-260604-16976,Zomato,Cappuccino,180.49
2026-06-04,BL-260604-16976,Zomato,Iced Latte,250.7
2026-06-04,BL-260604-16980,Swiggy,Cold Brew,229.92
2026-06-04,BL-260604-16987,Zomato,Cappuccino,183.72
2026-06-04,BL-260604-16987,Zomato,Club Sandwich,330.26
2026-06-04,BL-260604-16990,Swiggy,Espresso,154.53
2026-06-04,BL-260604-16990,Swiggy,Chocolate Brownie,167.81
2026-06-04,BL-260604-16990,Swiggy,Avocado Toast,285.88
2026-06-04,BL-260604-16993,Zomato,Chocolate Brownie,162.32
2026-06-04,BL-260604-16996,Swiggy,Seasonal Special,725.76
2026-06-04,BL-260604-16996,Swiggy,Masala Chai,81.46
2026-06-04,BL-260604-16998,Swiggy,Cold Brew,221.61
2026-06-04,BL-260604-16998,Swiggy,Iced Latte,250.19
2026-06-04,BL-260604-16999,Zomato,Cold Brew,224.84
2026-06-04,BL-260604-16999,Zomato,Croissant,123.39
2026-06-05,BL-260605-17005,Zomato,Blueberry Muffin,142.48
2026-06-05,BL-260605-17005,Zomato,Croissant,121.5
2026-06-05,BL-260605-17008,Swiggy,Iced Latte,249.0
2026-06-05,BL-260605-17009,Zomato,Cappuccino,183.46
2026-06-05,BL-260605-17009,Zomato,Avocado Toast,284.67
2026-06-05,BL-260605-17011,Zomato,Chocolate Brownie,166.5
2026-06-05,BL-260605-17011,Zomato,Blueberry Muffin,143.18
2026-06-05,BL-260605-17011,Zomato,Croissant,121.17
2026-06-05,BL-260605-17015,Swiggy,Cold Brew,449.01
2026-06-05,BL-260605-17015,Swiggy,Cold Brew,224.91
2026-06-05,BL-260605-17016,Swiggy,Cold Brew,227.14
2026-06-05,BL-260605-17016,Swiggy,Cold Brew,220.93
2026-06-05,BL-260605-17019,Swiggy,Espresso,151.08
2026-06-05,BL-260605-17019,Swiggy,Seasonal Special,349.97
2026-06-05,BL-260605-17020,Swiggy,Latte,202.51
2026-06-05,BL-260605-17020,Swiggy,Avocado Toast,572.23
2026-06-05,BL-260605-17022,Swiggy,Avocado Toast,291.2
2026-06-05,BL-260605-17025,Zomato,Iced Latte,243.44
2026-06-05,BL-260605-17025,Zomato,Masala Chai,81.99
2026-06-05,BL-260605-17030,Swiggy,Masala Chai,83.95
2026-06-05,BL-260605-17032,Zomato,Chocolate Brownie,167.09
2026-06-05,BL-260605-17034,Zomato,Masala Chai,160.84
2026-06-05,BL-260605-17036,Zomato,Avocado Toast,561.91
2026-06-05,BL-260605-17038,Swiggy,Blueberry Muffin,290.47
2026-06-05,BL-260605-17038,Swiggy,Avocado Toast,285.37
2026-06-05,BL-260605-17050,Zomato,Seasonal Special,366.25
2026-06-05,BL-260605-17050,Zomato,Croissant,251.26
2026-06-05,BL-260605-17053,Swiggy,Masala Chai,82.29
2026-06-05,BL-260605-17053,Swiggy,Club Sandwich,330.8
2026-06-05,BL-260605-17053,Swiggy,Cappuccino,187.49
2026-06-05,BL-260605-17054,Zomato,Blueberry Muffin,140.7
2026-06-05,BL-260605-17054,Zomato,Blueberry Muffin,144.64
2026-06-05,BL-260605-17058,Swiggy,Masala Chai,81.91
2026-06-05,BL-260605-17058,Swiggy,Masala Chai,81.9
2026-06-05,BL-260605-17061,Swiggy,Cold Brew,440.57
2026-06-05,BL-260605-17062,Zomato,Club Sandwich,325.31
2026-06-05,BL-260605-17062,Zomato,Chocolate Brownie,329.08
2026-06-05,BL-260605-17063,Swiggy,Espresso,305.71
2026-06-05,BL-260605-17065,Swiggy,Seasonal Special,355.93
2026-06-05,BL-260605-17065,Swiggy,Veg Wrap,270.35
2026-06-05,BL-260605-17065,Swiggy,Cold Brew,223.69
2026-06-05,BL-260605-17066,Swiggy,Espresso,156.12
2026-06-05,BL-260605-17066,Swiggy,Avocado Toast,293.32
2026-06-05,BL-260605-17067,Zomato,Croissant,244.07
2026-06-05,BL-260605-17067,Zomato,Seasonal Special,353.97
2026-06-05,BL-260605-17068,Zomato,Masala Chai,160.93
2026-06-05,BL-260605-17068,Zomato,Seasonal Special,355.69
2026-06-05,BL-260605-17068,Zomato,Croissant,123.41
2026-06-05,BL-260605-17071,Zomato,Veg Wrap,523.28
2026-06-05,BL-260605-17071,Zomato,Croissant,122.67
2026-06-05,BL-260605-17080,Swiggy,Croissant,124.53
2026-06-05,BL-260605-17080,Swiggy,Cold Brew,227.33
2026-06-05,BL-260605-17080,Swiggy,Espresso,150.59
2026-06-05,BL-260605-17082-R,Swiggy,Blueberry Muffin,146.57
2026-06-05,BL-260605-17082-R,Swiggy,Club Sandwich,327.57
2026-06-05,BL-260605-17083,Zomato,Blueberry Muffin,141.49
2026-06-05,BL-260605-17083,Zomato,Chocolate Brownie,163.47
2026-06-05,BL-260605-17084,Swiggy,Seasonal Special,729.3
2026-06-05,BL-260605-17084,Swiggy,Club Sandwich,325.35
2026-06-05,BL-260605-17087,Swiggy,Iced Latte,241.22
2026-06-05,BL-260605-17087,Swiggy,Blueberry Muffin,145.43
2026-06-05,BL-260605-17088,Swiggy,Blueberry Muffin,141.37
2026-06-05,BL-260605-17090,Zomato,Veg Wrap,264.07
2026-06-05,BL-260605-17096,Zomato,Cold Brew,226.32
2026-06-05,BL-260605-17098,Zomato,Blueberry Muffin,146.61
2026-06-05,BL-260605-17098,Zomato,Chocolate Brownie,166.53
2026-06-05,BL-260605-17098,Zomato,Cappuccino,185.43
2026-06-05,BL-260605-17099,Swiggy,Latte,204.33
2026-06-05,BL-260605-17099,Swiggy,Avocado Toast,567.44
2026-06-05,BL-260605-17099,Swiggy,Croissant,125.86
2026-06-05,BL-260605-17101,Swiggy,Masala Chai,81.02
2026-06-05,BL-260605-17101,Swiggy,Club Sandwich,321.48
2026-06-05,BL-260605-17105,Swiggy,Espresso,154.6
2026-06-05,BL-260605-17109,Zomato,Club Sandwich,639.94
2026-06-05,BL-260605-17109,Zomato,Espresso,151.14
2026-06-05,BL-260605-17111,Zomato,Iced Latte,246.57
2026-06-05,BL-260605-17114,Swiggy,Masala Chai,82.65
2026-06-05,BL-260605-17114,Swiggy,Veg Wrap,260.68
2026-06-05,BL-260605-17116,Zomato,Iced Latte,480.56
2026-06-05,BL-260605-17119,Swiggy,Seasonal Special,357.03
2026-06-05,BL-260605-17119,Swiggy,Chocolate Brownie,166.14
2026-06-05,BL-260605-17119,Swiggy,Avocado Toast,287.34
2026-06-05,BL-260605-17125,Zomato,Veg Wrap,271.97
2026-06-05,BL-260605-17125,Zomato,Cappuccino,187.86
2026-06-05,BL-260605-17126,Swiggy,Croissant,249.23
2026-06-05,BL-260605-17126,Swiggy,Chocolate Brownie,160.48
2026-06-05,BL-260605-17126,Swiggy,Espresso,151.98
2026-06-06,BL-260606-17127,Swiggy,Seasonal Special,359.05
2026-06-06,BL-260606-17131,Swiggy,Avocado Toast,560.31
2026-06-06,BL-260606-17131,Swiggy,Chocolate Brownie,321.45
2026-06-06,BL-260606-17132,Swiggy,Club Sandwich,329.35
2026-06-06,BL-260606-17132,Swiggy,Blueberry Muffin,291.7
2026-06-06,BL-260606-17134,Zomato,Veg Wrap,268.9
2026-06-06,BL-260606-17134,Zomato,Iced Latte,239.69
2026-06-06,BL-260606-17134,Zomato,Veg Wrap,270.23
2026-06-06,BL-260606-17140,Swiggy,Club Sandwich,330.61
2026-06-06,BL-260606-17141,Zomato,Avocado Toast,280.06
2026-06-06,BL-260606-17142,Zomato,Cappuccino,184.21
2026-06-06,BL-260606-17146,Swiggy,Veg Wrap,266.83
2026-06-06,BL-260606-17146,Swiggy,Cold Brew,221.42
2026-06-06,BL-260606-17148,Swiggy,Masala Chai,79.82
2026-06-06,BL-260606-17149,Swiggy,Iced Latte,251.29
2026-06-06,BL-260606-17149,Swiggy,Croissant,120.84
2026-06-06,BL-260606-17150,Zomato,Avocado Toast,293.28
2026-06-06,BL-260606-17150,Zomato,Club Sandwich,323.45
2026-06-06,BL-260606-17153,Swiggy,Espresso,302.96
2026-06-06,BL-260606-17153,Swiggy,Avocado Toast,291.95
2026-06-06,BL-260606-17153,Swiggy,Cappuccino,185.96
2026-06-06,BL-260606-17157,Zomato,Club Sandwich,321.77
2026-06-06,BL-260606-17157,Zomato,Espresso,151.44
2026-06-06,BL-260606-17157,Zomato,Avocado Toast,287.62
2026-06-06,BL-260606-17162,Swiggy,Latte,201.24
2026-06-06,BL-260606-17162,Swiggy,Croissant,124.9
2026-06-06,BL-260606-17162,Swiggy,Club Sandwich,649.68
2026-06-06,BL-260606-17164,Zomato,Club Sandwich,333.9
2026-06-06,BL-260606-17164,Zomato,Iced Latte,247.52
2026-06-06,BL-260606-17176,Swiggy,Cappuccino,181.71
2026-06-06,BL-260606-17176,Swiggy,Cappuccino,180.43
2026-06-06,BL-260606-17180,Swiggy,Cappuccino,186.18
2026-06-06,BL-260606-17182,Swiggy,Masala Chai,81.79
2026-06-06,BL-260606-17182,Swiggy,Espresso,152.09
2026-06-06,BL-260606-17183,Swiggy,Cold Brew,222.07
2026-06-06,BL-260606-17185,Swiggy,Avocado Toast,287.21
2026-06-06,BL-260606-17185,Swiggy,Espresso,153.33
2026-06-06,BL-260606-17185,Swiggy,Avocado Toast,579.58
2026-06-06,BL-260606-17187,Swiggy,Cold Brew,230.21
2026-06-06,BL-260606-17187,Swiggy,Chocolate Brownie,165.99
2026-06-06,BL-260606-17190,Swiggy,Cold Brew,226.73
2026-06-06,BL-260606-17190,Swiggy,Chocolate Brownie,164.2
2026-06-06,BL-260606-17193,Swiggy,Seasonal Special,359.12
2026-06-06,BL-260606-17193,Swiggy,Seasonal Special,357.79
2026-06-06,BL-260606-17197,Zomato,Seasonal Special,362.18
2026-06-06,BL-260606-17199,Zomato,Club Sandwich,335.34
2026-06-06,BL-260606-17206,Swiggy,Blueberry Muffin,140.8
2026-06-06,BL-260606-17207,Swiggy,Cappuccino,180.15
2026-06-06,BL-260606-17207,Swiggy,Club Sandwich,319.66
2026-06-06,BL-260606-17207,Swiggy,Seasonal Special,364.14
2026-06-06,BL-260606-17208,Swiggy,Club Sandwich,333.35
2026-06-06,BL-260606-17208,Swiggy,Chocolate Brownie,159.72
2026-06-06,BL-260606-17213,Zomato,Croissant,125.04
2026-06-06,BL-260606-17213,Zomato,Avocado Toast,288.15
2026-06-06,BL-260606-17214,Zomato,Latte,203.01
2026-06-06,BL-260606-17214,Zomato,Chocolate Brownie,164.4
2026-06-06,BL-260606-17217,Swiggy,Cold Brew,222.78
2026-06-06,BL-260606-17217,Swiggy,Chocolate Brownie,167.07
2026-06-06,BL-260606-17217,Swiggy,Blueberry Muffin,140.74
2026-06-06,BL-260606-17222,Swiggy,Avocado Toast,283.71
2026-06-06,BL-260606-17225,Swiggy,Avocado Toast,290.86
2026-06-06,BL-260606-17225,Swiggy,Avocado Toast,280.32
2026-06-06,BL-260606-17226,Zomato,Chocolate Brownie,162.18
2026-06-06,BL-260606-17236,Swiggy,Avocado Toast,279.9
2026-06-06,BL-260606-17238,Swiggy,Avocado Toast,585.49
2026-06-06,BL-260606-17239,Zomato,Croissant,120.06
2026-06-06,BL-260606-17240,Swiggy,Latte,200.77
2026-06-06,BL-260606-17240,Swiggy,Cold Brew,224.43
2026-06-06,BL-260606-17240,Swiggy,Veg Wrap,526.39
2026-06-06,BL-260606-17241,Swiggy,Veg Wrap,543.64
2026-06-06,BL-260606-17244,Zomato,Avocado Toast,291.08
2026-06-06,BL-260606-17244,Zomato,Club Sandwich,330.36
2026-06-06,BL-260606-17247,Zomato,Cappuccino,185.09
2026-06-06,BL-260606-17247,Zomato,Club Sandwich,326.59
2026-06-06,BL-260606-17247,Zomato,Chocolate Brownie,324.27
2026-06-06,BL-260606-17251,Swiggy,Club Sandwich,333.76
2026-06-06,BL-260606-17251,Swiggy,Cold Brew,224.0
2026-06-06,BL-260606-17255,Swiggy,Veg Wrap,271.18
2026-06-06,BL-260606-17255,Swiggy,Avocado Toast,282.08
2026-06-06,BL-260606-17255,Swiggy,Cappuccino,186.37
2026-06-06,BL-260606-17259,Zomato,Cold Brew,230.56
2026-06-06,BL-260606-17260,Zomato,Seasonal Special,357.63
2026-06-06,BL-260606-17260,Zomato,Chocolate Brownie,160.98
2026-06-06,BL-260606-17264,Zomato,Blueberry Muffin,140.23
2026-06-06,BL-260606-17264,Zomato,Iced Latte,243.49
2026-06-06,BL-260606-17264,Zomato,Blueberry Muffin,143.38
2026-06-07,BL-260607-17265,Swiggy,Chocolate Brownie,327.55
2026-06-07,BL-260607-17265,Swiggy,Espresso,156.65
2026-06-07,BL-260607-17266,Zomato,Iced Latte,242.04
2026-06-07,BL-260607-17266,Zomato,Cold Brew,226.44
2026-06-07,BL-260607-17266,Zomato,Iced Latte,482.86
2026-06-07,BL-260607-17269,Zomato,Club Sandwich,320.04
2026-06-07,BL-260607-17270,Swiggy,Masala Chai,162.66
2026-06-07,BL-260607-17270,Swiggy,Iced Latte,244.86
2026-06-07,BL-260607-17277,Swiggy,Club Sandwich,334.06
2026-06-07,BL-260607-17277,Swiggy,Chocolate Brownie,322.71
2026-06-07,BL-260607-17277,Swiggy,Club Sandwich,333.9
2026-06-07,BL-260607-17282,Zomato,Croissant,123.35
2026-06-07,BL-260607-17282,Zomato,Veg Wrap,266.65
2026-06-07,BL-260607-17282,Zomato,Espresso,153.88
2026-06-07,BL-260607-17287,Zomato,Latte,203.11
2026-06-07,BL-260607-17287,Zomato,Masala Chai,80.9
2026-06-07,BL-260607-17288,Swiggy,Avocado Toast,291.48
2026-06-07,BL-260607-17288,Swiggy,Espresso,155.79
2026-06-07,BL-260607-17290,Swiggy,Masala Chai,83.22
2026-06-07,BL-260607-17290,Swiggy,Blueberry Muffin,140.64
2026-06-07,BL-260607-17290,Swiggy,Cappuccino,184.41
2026-06-07,BL-260607-17293,Zomato,Avocado Toast,282.83
2026-06-07,BL-260607-17293,Zomato,Masala Chai,82.08
2026-06-07,BL-260607-17296,Swiggy,Masala Chai,164.23
2026-06-07,BL-260607-17296,Swiggy,Club Sandwich,653.93
2026-06-07,BL-260607-17300,Zomato,Blueberry Muffin,140.31
2026-06-07,BL-260607-17300,Zomato,Avocado Toast,286.66
2026-06-07,BL-260607-17301,Zomato,Cold Brew,226.63
2026-06-07,BL-260607-17301,Zomato,Chocolate Brownie,164.05
2026-06-07,BL-260607-17301,Zomato,Espresso,151.51
2026-06-07,BL-260607-17304,Zomato,Latte,201.68
2026-06-07,BL-260607-17305,Zomato,Cold Brew,224.01
2026-06-07,BL-260607-17305,Zomato,Cold Brew,220.04
2026-06-07,BL-260607-17307,Swiggy,Club Sandwich,334.65
2026-06-07,BL-260607-17308,Swiggy,Club Sandwich,331.53
2026-06-07,BL-260607-17308,Swiggy,Latte,207.89
2026-06-07,BL-260607-17308,Swiggy,Chocolate Brownie,164.83
2026-06-07,BL-260607-17310,Swiggy,Blueberry Muffin,142.08
2026-06-07,BL-260607-17310,Swiggy,Chocolate Brownie,163.55
2026-06-07,BL-260607-17316,Swiggy,Cold Brew,221.96
2026-06-07,BL-260607-17318,Zomato,Veg Wrap,527.46
2026-06-07,BL-260607-17319,Swiggy,Avocado Toast,288.34
2026-06-07,BL-260607-17322,Swiggy,Cold Brew,220.85
2026-06-07,BL-260607-17322,Swiggy,Cold Brew,459.1
2026-06-07,BL-260607-17322,Swiggy,Masala Chai,79.9
2026-06-07,BL-260607-17322,Swiggy,Espresso,151.64
2026-06-07,BL-260607-17327,Zomato,Croissant,121.13
2026-06-07,BL-260607-17330,Zomato,Espresso,308.22
2026-06-07,BL-260607-17332,Zomato,Latte,208.8
2026-06-07,BL-260607-17332,Zomato,Croissant,244.44
2026-06-07,BL-260607-17333,Zomato,Croissant,240.5
2026-06-07,BL-260607-17334,Swiggy,Latte,202.42
2026-06-07,BL-260607-17334,Swiggy,Blueberry Muffin,144.95
2026-06-07,BL-260607-17334,Swiggy,Veg Wrap,271.85
2026-06-07,BL-260607-17335,Zomato,Cold Brew,230.58
2026-06-07,BL-260607-17336,Zomato,Masala Chai,80.38
2026-06-07,BL-260607-17336,Zomato,Espresso,151.95
2026-06-07,BL-260607-17339,Swiggy,Club Sandwich,324.87
2026-06-07,BL-260607-17340,Zomato,Avocado Toast,290.25
2026-06-07,BL-260607-17340,Zomato,Iced Latte,249.92
2026-06-07,BL-260607-17341,Zomato,Croissant,241.86
2026-06-07,BL-260607-17345,Zomato,Masala Chai,81.0
2026-06-07,BL-260607-17345,Zomato,Masala Chai,81.32
2026-06-07,BL-260607-17346,Swiggy,Croissant,122.23
2026-06-07,BL-260607-17346,Swiggy,Cappuccino,183.25
2026-06-07,BL-260607-17349,Zomato,Masala Chai,82.03
2026-06-07,BL-260607-17351,Zomato,Avocado Toast,291.1
2026-06-07,BL-260607-17351,Zomato,Club Sandwich,320.8
2026-06-07,BL-260607-17351,Zomato,Cappuccino,185.52
2026-06-07,BL-260607-17354,Zomato,Blueberry Muffin,140.0
2026-06-07,BL-260607-17354,Zomato,Chocolate Brownie,164.07
2026-06-07,BL-260607-17356,Swiggy,Seasonal Special,352.64
2026-06-07,BL-260607-17356,Swiggy,Croissant,120.73
2026-06-07,BL-260607-17356,Swiggy,Avocado Toast,285.22
2026-06-07,BL-260607-17365,Zomato,Cold Brew,220.41
2026-06-07,BL-260607-17366,Zomato,Blueberry Muffin,146.37
2026-06-07,BL-260607-17369,Swiggy,Blueberry Muffin,146.12
2026-06-07,BL-260607-17373,Zomato,Club Sandwich,330.65
2026-06-07,BL-260607-17373,Zomato,Espresso,149.69
2026-06-07,BL-260607-17375,Swiggy,Latte,204.23
2026-06-07,BL-260607-17375,Swiggy,Iced Latte,243.42
2026-06-07,BL-260607-17378,Swiggy,Chocolate Brownie,164.4
2026-06-07,BL-260607-17378,Swiggy,Seasonal Special,350.18
2026-06-07,BL-260607-17378,Swiggy,Blueberry Muffin,139.82
2026-06-07,BL-260607-17380,Swiggy,Espresso,157.37
2026-06-07,BL-260607-17381,Swiggy,Iced Latte,249.43
2026-06-07,BL-260607-17381,Swiggy,Seasonal Special,354.69
2026-06-07,BL-260607-17388,Swiggy,Croissant,125.14
2026-06-07,BL-260607-17388,Swiggy,Cold Brew,229.82
2026-06-07,BL-260607-17389,Swiggy,Masala Chai,83.59
2026-06-07,BL-260607-17397,Swiggy,Chocolate Brownie,165.48
2026-06-07,BL-260607-17398,Zomato,Croissant,247.2
2026-06-07,BL-260607-17398,Zomato,Cold Brew,220.01
2026-06-07,BL-260607-17398,Zomato,Iced Latte,243.88
2026-06-08,BL-260608-17402,Swiggy,Avocado Toast,283.75
2026-06-08,BL-260608-17407,Swiggy,Latte,208.25
2026-06-08,BL-260608-17407,Swiggy,Latte,206.38
2026-06-08,BL-260608-17407,Swiggy,Masala Chai,81.57
2026-06-08,BL-260608-17410,Swiggy,Blueberry Muffin,142.72
2026-06-08,BL-260608-17410,Swiggy,Cold Brew,229.99
2026-06-08,BL-260608-17419,Zomato,Latte,204.19
2026-06-08,BL-260608-17421,Zomato,Avocado Toast,283.6
2026-06-08,BL-260608-17421,Zomato,Blueberry Muffin,145.11
2026-06-08,BL-260608-17426,Zomato,Veg Wrap,272.5
2026-06-08,BL-260608-17429,Swiggy,Seasonal Special,366.14
2026-06-08,BL-260608-17430,Swiggy,Club Sandwich,322.02
2026-06-08,BL-260608-17430,Swiggy,Avocado Toast,286.63
2026-06-08,BL-260608-17434,Zomato,Blueberry Muffin,145.7
2026-06-08,BL-260608-17437,Zomato,Seasonal Special,720.66
2026-06-08,BL-260608-17437,Zomato,Iced Latte,240.1
2026-06-08,BL-260608-17437,Zomato,Espresso,149.73
2026-06-08,BL-260608-17440,Swiggy,Chocolate Brownie,333.46
2026-06-08,BL-260608-17440,Swiggy,Club Sandwich,325.68
2026-06-08,BL-260608-17440,Swiggy,Iced Latte,240.95
2026-06-08,BL-260608-17441,Zomato,Cold Brew,229.03
2026-06-08,BL-260608-17443,Zomato,Blueberry Muffin,291.0
2026-06-08,BL-260608-17443,Zomato,Iced Latte,240.55
2026-06-08,BL-260608-17443,Zomato,Croissant,122.55
2026-06-08,BL-260608-17445,Zomato,Avocado Toast,282.69
2026-06-08,BL-260608-17447,Swiggy,Cappuccino,179.58
2026-06-08,BL-260608-17447,Swiggy,Chocolate Brownie,333.63
2026-06-08,BL-260608-17447,Swiggy,Club Sandwich,660.41
2026-06-08,BL-260608-17448,Zomato,Blueberry Muffin,141.19
2026-06-08,BL-260608-17448,Zomato,Masala Chai,167.05
2026-06-08,BL-260608-17448,Zomato,Espresso,151.8
2026-06-08,BL-260608-17450,Swiggy,Cold Brew,227.21
2026-06-08,BL-260608-17452,Swiggy,Latte,201.38
2026-06-08,BL-260608-17452,Swiggy,Croissant,120.94
2026-06-08,BL-260608-17453,Zomato,Veg Wrap,261.49
2026-06-08,BL-260608-17453,Zomato,Latte,205.45
2026-06-08,BL-260608-17454,Zomato,Club Sandwich,335.34
2026-06-08,BL-260608-17454,Zomato,Veg Wrap,266.32
2026-06-08,BL-260608-17455,Swiggy,Cold Brew,229.81
2026-06-08,BL-260608-17455,Swiggy,Latte,207.96
2026-06-08,BL-260608-17455,Swiggy,Seasonal Special,355.25
2026-06-08,BL-260608-17455,Swiggy,Veg Wrap,267.5
2026-06-08,BL-260608-17459,Zomato,Cappuccino,181.17
2026-06-08,BL-260608-17459,Zomato,Avocado Toast,279.36
2026-06-08,BL-260608-17465,Zomato,Veg Wrap,538.2
2026-06-08,BL-260608-17465,Zomato,Cold Brew,222.56
2026-06-08,BL-260608-17468,Swiggy,Veg Wrap,265.46
2026-06-08,BL-260608-17471,Swiggy,Iced Latte,251.6
2026-06-08,BL-260608-17472,Zomato,Cappuccino,186.67
2026-06-08,BL-260608-17474,Swiggy,Espresso,151.27
2026-06-08,BL-260608-17474,Swiggy,Club Sandwich,667.14
2026-06-08,BL-260608-17476,Swiggy,Seasonal Special,356.54
2026-06-08,BL-260608-17477,Swiggy,Iced Latte,241.6
2026-06-08,BL-260608-17482,Swiggy,Chocolate Brownie,167.22
2026-06-08,BL-260608-17485,Swiggy,Croissant,122.7
2026-06-08,BL-260608-17487,Zomato,Chocolate Brownie,167.69
2026-06-08,BL-260608-17487,Zomato,Blueberry Muffin,140.97
2026-06-08,BL-260608-17487,Zomato,Seasonal Special,351.57
2026-06-08,BL-260608-17489,Swiggy,Cold Brew,230.92
2026-06-08,BL-260608-17489,Swiggy,Espresso,155.37
2026-06-08,BL-260608-17490,Zomato,Seasonal Special,359.59
2026-06-08,BL-260608-17493,Swiggy,Croissant,122.26
2026-06-08,BL-260608-17494,Zomato,Cold Brew,227.47
2026-06-08,BL-260608-17494,Zomato,Veg Wrap,266.01
2026-06-08,BL-260608-17494,Zomato,Chocolate Brownie,166.84
2026-06-08,BL-260608-17495,Zomato,Masala Chai,81.06
2026-06-08,BL-260608-17495,Zomato,Club Sandwich,332.82
2026-06-08,BL-260608-17499,Swiggy,Iced Latte,248.41
2026-06-08,BL-260608-17500-R,Swiggy,Cold Brew,220.29
2026-06-08,BL-260608-17500-R,Swiggy,Masala Chai,82.47
2026-06-08,BL-260608-17503,Zomato,Avocado Toast,289.45
2026-06-08,BL-260608-17503,Zomato,Espresso,153.47
2026-06-08,BL-260608-17505,Swiggy,Espresso,153.41
2026-06-08,BL-260608-17505,Swiggy,Blueberry Muffin,144.29
2026-06-08,BL-260608-17506,Swiggy,Cold Brew,222.81
2026-06-08,BL-260608-17507,Swiggy,Iced Latte,242.72
2026-06-08,BL-260608-17507,Swiggy,Espresso,152.61
2026-06-08,BL-260608-17508,Swiggy,Latte,206.03
2026-06-08,BL-260608-17509,Swiggy,Croissant,125.86
2026-06-08,BL-260608-17509,Swiggy,Seasonal Special,365.61
2026-06-08,BL-260608-17515,Zomato,Club Sandwich,335.56
2026-06-08,BL-260608-17515,Zomato,Blueberry Muffin,146.45
2026-06-08,BL-260608-17515,Zomato,Blueberry Muffin,144.25
2026-06-08,BL-260608-17518,Zomato,Espresso,151.51
2026-06-08,BL-260608-17523,Swiggy,Croissant,243.32
2026-06-08,BL-260608-17525,Swiggy,Iced Latte,243.39
2026-06-09,BL-260609-17527,Swiggy,Croissant,122.78
2026-06-09,BL-260609-17527,Swiggy,Blueberry Muffin,146.17
2026-06-09,BL-260609-17531,Zomato,Club Sandwich,319.39
2026-06-09,BL-260609-17531,Zomato,Club Sandwich,319.52
2026-06-09,BL-260609-17533,Zomato,Chocolate Brownie,162.08
2026-06-09,BL-260609-17533,Zomato,Avocado Toast,283.46
2026-06-09,BL-260609-17534,Zomato,Avocado Toast,287.1
2026-06-09,BL-260609-17534,Zomato,Avocado Toast,290.47
2026-06-09,BL-260609-17536,Swiggy,Masala Chai,83.4
2026-06-09,BL-260609-17536,Swiggy,Seasonal Special,349.41
2026-06-09,BL-260609-17536,Swiggy,Blueberry Muffin,145.87
2026-06-09,BL-260609-17539,Swiggy,Avocado Toast,283.03
2026-06-09,BL-260609-17539,Swiggy,Cold Brew,450.26
2026-06-09,BL-260609-17540,Swiggy,Masala Chai,83.68
2026-06-09,BL-260609-17540,Swiggy,Latte,401.86
2026-06-09,BL-260609-17541,Swiggy,Cappuccino,188.81
2026-06-09,BL-260609-17542,Zomato,Chocolate Brownie,326.33
2026-06-09,BL-260609-17543,Swiggy,Avocado Toast,577.39
2026-06-09,BL-260609-17543,Swiggy,Avocado Toast,285.33
2026-06-09,BL-260609-17544,Swiggy,Espresso,156.14
2026-06-09,BL-260609-17544,Swiggy,Latte,204.68
2026-06-09,BL-260609-17547,Swiggy,Latte,201.09
2026-06-09,BL-260609-17550,Swiggy,Veg Wrap,266.03
2026-06-09,BL-260609-17550,Swiggy,Espresso,156.76
2026-06-09,BL-260609-17551,Swiggy,Seasonal Special,366.98
2026-06-09,BL-260609-17551,Swiggy,Club Sandwich,327.52
2026-06-09,BL-260609-17553,Zomato,Veg Wrap,270.54
2026-06-09,BL-260609-17553,Zomato,Avocado Toast,284.57
2026-06-09,BL-260609-17554,Zomato,Iced Latte,239.99
2026-06-09,BL-260609-17554,Zomato,Croissant,122.35
2026-06-09,BL-260609-17560,Zomato,Cappuccino,187.53
2026-06-09,BL-260609-17565,Zomato,Latte,200.65
2026-06-09,BL-260609-17565,Zomato,Latte,402.83
2026-06-09,BL-260609-17567,Zomato,Blueberry Muffin,140.08
2026-06-09,BL-260609-17567,Zomato,Avocado Toast,289.54
2026-06-09,BL-260609-17569,Swiggy,Iced Latte,246.61
2026-06-09,BL-260609-17570,Swiggy,Masala Chai,79.8
2026-06-09,BL-260609-17570,Swiggy,Masala Chai,83.6
2026-06-09,BL-260609-17573,Zomato,Croissant,122.37
2026-06-09,BL-260609-17573,Zomato,Seasonal Special,719.8
2026-06-09,BL-260609-17573,Zomato,Cappuccino,182.14
2026-06-09,BL-260609-17574,Zomato,Espresso,152.99
2026-06-09,BL-260609-17577,Zomato,Seasonal Special,363.54
2026-06-09,BL-260609-17577,Zomato,Blueberry Muffin,140.45
2026-06-09,BL-260609-17577,Zomato,Espresso,154.77
2026-06-09,BL-260609-17578,Zomato,Veg Wrap,260.32
2026-06-09,BL-260609-17578,Zomato,Club Sandwich,326.74
2026-06-09,BL-260609-17579,Swiggy,Blueberry Muffin,142.05
2026-06-09,BL-260609-17580,Swiggy,Club Sandwich,322.75
2026-06-09,BL-260609-17580,Swiggy,Espresso,154.81
2026-06-09,BL-260609-17580,Swiggy,Avocado Toast,285.1
2026-06-09,BL-260609-17587,Zomato,Croissant,123.63
2026-06-09,BL-260609-17588,Zomato,Iced Latte,502.9
2026-06-09,BL-260609-17588,Zomato,Veg Wrap,263.71
2026-06-09,BL-260609-17591,Swiggy,Cold Brew,220.4
2026-06-09,BL-260609-17597,Zomato,Croissant,247.84
2026-06-09,BL-260609-17603,Zomato,Masala Chai,81.91
2026-06-09,BL-260609-17605,Zomato,Masala Chai,82.45
2026-06-09,BL-260609-17605,Zomato,Veg Wrap,260.41
2026-06-09,BL-260609-17605,Zomato,Seasonal Special,360.86
2026-06-09,BL-260609-17607,Swiggy,Latte,209.51
2026-06-09,BL-260609-17607,Swiggy,Chocolate Brownie,335.79
2026-06-09,BL-260609-17610,Swiggy,Cappuccino,367.9
2026-06-09,BL-260609-17610,Swiggy,Avocado Toast,288.97
2026-06-09,BL-260609-17610,Swiggy,Croissant,123.18
2026-06-09,BL-260609-17613,Swiggy,Iced Latte,241.61
2026-06-09,BL-260609-17614,Swiggy,Espresso,153.18
2026-06-09,BL-260609-17616,Swiggy,Croissant,125.09
2026-06-09,BL-260609-17616,Swiggy,Croissant,120.8
2026-06-09,BL-260609-17616,Swiggy,Seasonal Special,733.03
2026-06-09,BL-260609-17618,Zomato,Veg Wrap,533.75
2026-06-09,BL-260609-17618,Zomato,Avocado Toast,293.93
2026-06-09,BL-260609-17618,Zomato,Seasonal Special,364.76
2026-06-09,BL-260609-17619,Swiggy,Iced Latte,248.54
2026-06-09,BL-260609-17621,Zomato,Iced Latte,497.73
2026-06-09,BL-260609-17623,Swiggy,Chocolate Brownie,164.8
2026-06-09,BL-260609-17623,Swiggy,Cappuccino,187.47
2026-06-09,BL-260609-17625,Swiggy,Blueberry Muffin,143.93
2026-06-09,BL-260609-17625,Swiggy,Latte,202.28
2026-06-09,BL-260609-17631,Swiggy,Croissant,122.41
2026-06-09,BL-260609-17633,Zomato,Chocolate Brownie,167.92
2026-06-09,BL-260609-17633,Zomato,Croissant,121.81
2026-06-09,BL-260609-17634,Zomato,Cold Brew,450.76
2026-06-09,BL-260609-17634,Zomato,Espresso,156.38
2026-06-09,BL-260609-17636,Swiggy,Seasonal Special,701.48
2026-06-09,BL-260609-17636,Swiggy,Chocolate Brownie,165.73
2026-06-09,BL-260609-17636,Swiggy,Cold Brew,223.55
2026-06-09,BL-260609-17637,Swiggy,Seasonal Special,721.96
2026-06-09,BL-260609-17638,Swiggy,Masala Chai,162.44
2026-06-09,BL-260609-17638,Swiggy,Veg Wrap,262.55
2026-06-09,BL-260609-17640,Zomato,Croissant,121.21
2026-06-09,BL-260609-17640,Zomato,Latte,203.5
2026-06-10,BL-260610-17643,Swiggy,Iced Latte,247.95
2026-06-10,BL-260610-17643,Swiggy,Veg Wrap,533.08
2026-06-10,BL-260610-17643,Swiggy,Cold Brew,219.98
2026-06-10,BL-260610-17647,Zomato,Latte,204.7
2026-06-10,BL-260610-17647,Zomato,Veg Wrap,261.7
2026-06-10,BL-260610-17652,Swiggy,Avocado Toast,288.33
2026-06-10,BL-260610-17652,Swiggy,Chocolate Brownie,161.32
2026-06-10,BL-260610-17653,Zomato,Cappuccino,371.34
2026-06-10,BL-260610-17653,Zomato,Chocolate Brownie,162.05
2026-06-10,BL-260610-17653,Zomato,Chocolate Brownie,162.64
2026-06-10,BL-260610-17656,Zomato,Cold Brew,220.47
2026-06-10,BL-260610-17657,Zomato,Club Sandwich,651.15
2026-06-10,BL-260610-17657,Zomato,Seasonal Special,363.6
2026-06-10,BL-260610-17657,Zomato,Masala Chai,80.08
2026-06-10,BL-260610-17659,Swiggy,Blueberry Muffin,142.07
2026-06-10,BL-260610-17659,Swiggy,Masala Chai,82.74
2026-06-10,BL-260610-17662,Swiggy,Iced Latte,250.71
2026-06-10,BL-260610-17662,Swiggy,Veg Wrap,259.6
2026-06-10,BL-260610-17663,Swiggy,Espresso,157.42
2026-06-10,BL-260610-17665,Swiggy,Iced Latte,240.87
2026-06-10,BL-260610-17666,Zomato,Chocolate Brownie,167.01
2026-06-10,BL-260610-17666,Zomato,Avocado Toast,292.7
2026-06-10,BL-260610-17666,Zomato,Chocolate Brownie,162.98
2026-06-10,BL-260610-17667,Swiggy,Seasonal Special,711.62
2026-06-10,BL-260610-17678,Swiggy,Masala Chai,83.15
2026-06-10,BL-260610-17680,Swiggy,Iced Latte,248.73
2026-06-10,BL-260610-17681,Zomato,Blueberry Muffin,292.37
2026-06-10,BL-260610-17681,Zomato,Blueberry Muffin,146.91
2026-06-10,BL-260610-17685,Zomato,Espresso,151.96
2026-06-10,BL-260610-17689,Zomato,Croissant,124.12
2026-06-10,BL-260610-17690,Swiggy,Cold Brew,227.91
2026-06-10,BL-260610-17693,Swiggy,Chocolate Brownie,321.92
2026-06-10,BL-260610-17693,Swiggy,Cappuccino,182.3
2026-06-10,BL-260610-17693,Swiggy,Cold Brew,225.8
2026-06-10,BL-260610-17698,Swiggy,Veg Wrap,264.39
2026-06-10,BL-260610-17698,Swiggy,Latte,203.24
2026-06-10,BL-260610-17712,Swiggy,Espresso,153.81
2026-06-10,BL-260610-17712,Swiggy,Avocado Toast,562.54
2026-06-10,BL-260610-17721,Zomato,Iced Latte,241.43
2026-06-10,BL-260610-17721,Zomato,Club Sandwich,664.64
2026-06-10,BL-260610-17723,Zomato,Chocolate Brownie,166.66
2026-06-10,BL-260610-17723,Zomato,Seasonal Special,352.42
2026-06-10,BL-260610-17724,Swiggy,Seasonal Special,732.08
2026-06-10,BL-260610-17724,Swiggy,Espresso,153.0
2026-06-10,BL-260610-17729,Swiggy,Masala Chai,83.87
2026-06-10,BL-260610-17729,Swiggy,Avocado Toast,292.12
2026-06-10,BL-260610-17730,Swiggy,Croissant,124.83
2026-06-10,BL-260610-17730,Swiggy,Blueberry Muffin,141.77
2026-06-10,BL-260610-17730,Swiggy,Masala Chai,81.89
2026-06-10,BL-260610-17738,Zomato,Espresso,152.6
2026-06-10,BL-260610-17738,Zomato,Masala Chai,80.37
2026-06-10,BL-260610-17738,Zomato,Croissant,120.5
2026-06-10,BL-260610-17739,Zomato,Cold Brew,220.78
2026-06-10,BL-260610-17739,Zomato,Seasonal Special,351.19
2026-06-10,BL-260610-17739,Zomato,Espresso,154.29
2026-06-10,BL-260610-17740,Swiggy,Latte,201.16
2026-06-10,BL-260610-17740,Swiggy,Cold Brew,223.63
2026-06-10,BL-260610-17743,Swiggy,Blueberry Muffin,146.45
2026-06-10,BL-260610-17743,Swiggy,Blueberry Muffin,141.47
2026-06-10,BL-260610-17746,Zomato,Croissant,247.23
2026-06-10,BL-260610-17746,Zomato,Blueberry Muffin,141.43
2026-06-10,BL-260610-17746,Zomato,Chocolate Brownie,162.96
2026-06-10,BL-260610-17749,Swiggy,Masala Chai,80.08
2026-06-10,BL-260610-17749,Swiggy,Cappuccino,181.36
2026-06-10,BL-260610-17750,Swiggy,Iced Latte,246.06
2026-06-10,BL-260610-17751,Zomato,Espresso,150.87
2026-06-10,BL-260610-17755,Zomato,Iced Latte,248.65
2026-06-10,BL-260610-17757,Swiggy,Seasonal Special,349.21
2026-06-10,BL-260610-17757,Swiggy,Blueberry Muffin,141.11
2026-06-10,BL-260610-17759,Zomato,Masala Chai,81.36
2026-06-10,BL-260610-17762,Swiggy,Avocado Toast,279.66
2026-06-11,BL-260611-17763,Swiggy,Veg Wrap,266.94
2026-06-11,BL-260611-17763,Swiggy,Espresso,156.0
2026-06-11,BL-260611-17765,Swiggy,Avocado Toast,284.62
2026-06-11,BL-260611-17765,Swiggy,Croissant,121.24
2026-06-11,BL-260611-17765,Swiggy,Latte,402.58
2026-06-11,BL-260611-17770,Swiggy,Cold Brew,230.37
2026-06-11,BL-260611-17774,Swiggy,Espresso,154.9
2026-06-11,BL-260611-17775,Swiggy,Club Sandwich,330.23
2026-06-11,BL-260611-17775,Swiggy,Latte,206.0
2026-06-11,BL-260611-17777,Zomato,Cappuccino,185.76
2026-06-11,BL-260611-17777,Zomato,Veg Wrap,265.27
2026-06-11,BL-260611-17778,Zomato,Seasonal Special,360.21
2026-06-11,BL-260611-17779,Swiggy,Latte,404.08
2026-06-11,BL-260611-17779,Swiggy,Espresso,156.08
2026-06-11,BL-260611-17780,Zomato,Latte,200.65
2026-06-11,BL-260611-17782,Swiggy,Iced Latte,243.48
2026-06-11,BL-260611-17782,Swiggy,Masala Chai,164.49
2026-06-11,BL-260611-17783,Swiggy,Cold Brew,451.53
2026-06-11,BL-260611-17783,Swiggy,Club Sandwich,325.06
2026-06-11,BL-260611-17784,Zomato,Croissant,122.29
2026-06-11,BL-260611-17784,Zomato,Espresso,155.45
2026-06-11,BL-260611-17785,Zomato,Espresso,155.62
2026-06-11,BL-260611-17785,Zomato,Latte,203.87
2026-06-11,BL-260611-17787,Zomato,Avocado Toast,284.21
2026-06-11,BL-260611-17792,Zomato,Latte,208.2
2026-06-11,BL-260611-17792,Zomato,Chocolate Brownie,166.37
2026-06-11,BL-260611-17792,Zomato,Iced Latte,241.3
2026-06-11,BL-260611-17793,Zomato,Cold Brew,221.05
2026-06-11,BL-260611-17793,Zomato,Cold Brew,454.19
2026-06-11,BL-260611-17793,Zomato,Espresso,152.7
2026-06-11,BL-260611-17795,Zomato,Veg Wrap,520.7
2026-06-11,BL-260611-17799,Swiggy,Latte,203.69
2026-06-11,BL-260611-17799,Swiggy,Blueberry Muffin,288.77
2026-06-11,BL-260611-17800,Zomato,Club Sandwich,322.35
2026-06-11,BL-260611-17800,Zomato,Blueberry Muffin,140.5
2026-06-11,BL-260611-17802,Zomato,Iced Latte,251.97
2026-06-11,BL-260611-17806,Zomato,Latte,202.15
2026-06-11,BL-260611-17806,Zomato,Chocolate Brownie,321.32
2026-06-11,BL-260611-17814,Zomato,Masala Chai,80.47
2026-06-11,BL-260611-17814,Zomato,Espresso,153.69
2026-06-11,BL-260611-17814,Zomato,Iced Latte,244.64
2026-06-11,BL-260611-17817,Zomato,Club Sandwich,324.53
2026-06-11,BL-260611-17817,Zomato,Avocado Toast,279.73
2026-06-11,BL-260611-17818,Zomato,Seasonal Special,366.56
2026-06-11,BL-260611-17821,Zomato,Veg Wrap,263.99
2026-06-11,BL-260611-17821,Zomato,Club Sandwich,319.48
2026-06-11,BL-260611-17822,Swiggy,Avocado Toast,285.38
2026-06-11,BL-260611-17829,Zomato,Club Sandwich,319.48
2026-06-11,BL-260611-17829,Zomato,Espresso,151.67
2026-06-11,BL-260611-17831,Zomato,Iced Latte,247.83
2026-06-11,BL-260611-17831,Zomato,Latte,418.24
2026-06-11,BL-260611-17834,Swiggy,Croissant,123.97
2026-06-11,BL-260611-17837,Zomato,Seasonal Special,350.26
2026-06-11,BL-260611-17842,Zomato,Club Sandwich,321.14
2026-06-11,BL-260611-17842,Zomato,Iced Latte,250.39
2026-06-11,BL-260611-17843,Swiggy,Club Sandwich,331.12
2026-06-11,BL-260611-17848,Swiggy,Espresso,150.11
2026-06-11,BL-260611-17848,Swiggy,Avocado Toast,579.58
2026-06-11,BL-260611-17850,Zomato,Cold Brew,219.71
2026-06-11,BL-260611-17850,Zomato,Latte,209.24
2026-06-11,BL-260611-17851,Zomato,Avocado Toast,289.99
2026-06-11,BL-260611-17851,Zomato,Latte,201.5
2026-06-11,BL-260611-17852,Swiggy,Cappuccino,184.01
2026-06-11,BL-260611-17852,Swiggy,Cappuccino,364.51
2026-06-11,BL-260611-17855,Zomato,Latte,202.49
2026-06-11,BL-260611-17855,Zomato,Croissant,122.84
2026-06-11,BL-260611-17857,Zomato,Seasonal Special,353.53
2026-06-11,BL-260611-17857,Zomato,Latte,201.36
2026-06-11,BL-260611-17864,Swiggy,Cold Brew,227.2
2026-06-11,BL-260611-17864,Swiggy,Blueberry Muffin,146.54
2026-06-11,BL-260611-17867,Zomato,Veg Wrap,268.33
2026-06-11,BL-260611-17873,Swiggy,Croissant,120.89
2026-06-11,BL-260611-17873,Swiggy,Espresso,302.52
2026-06-11,BL-260611-17874,Swiggy,Seasonal Special,367.48
2026-06-11,BL-260611-17874,Swiggy,Latte,414.92
2026-06-11,BL-260611-17879,Swiggy,Avocado Toast,280.88
2026-06-11,BL-260611-17879,Swiggy,Masala Chai,83.36
2026-06-12,BL-260612-17885,Swiggy,Iced Latte,251.01
2026-06-12,BL-260612-17885,Swiggy,Cold Brew,227.5
2026-06-12,BL-260612-17885,Swiggy,Iced Latte,250.47
2026-06-12,BL-260612-17886,Swiggy,Masala Chai,83.62
2026-06-12,BL-260612-17886,Swiggy,Cappuccino,361.78
2026-06-12,BL-260612-17886,Swiggy,Croissant,240.14
2026-06-12,BL-260612-17887,Swiggy,Latte,200.58
2026-06-12,BL-260612-17889,Swiggy,Masala Chai,83.45
2026-06-12,BL-260612-17889,Swiggy,Masala Chai,81.39
2026-06-12,BL-260612-17889,Swiggy,Cold Brew,229.84
2026-06-12,BL-260612-17894,Swiggy,Cappuccino,182.6
2026-06-12,BL-260612-17894,Swiggy,Cappuccino,185.12
2026-06-12,BL-260612-17895,Zomato,Espresso,153.64
2026-06-12,BL-260612-17895,Zomato,Espresso,152.7
2026-06-12,BL-260612-17895,Zomato,Blueberry Muffin,143.26
2026-06-12,BL-260612-17895,Zomato,Avocado Toast,292.01
2026-06-12,BL-260612-17898,Swiggy,Cappuccino,181.45
2026-06-12,BL-260612-17898,Swiggy,Blueberry Muffin,142.0
2026-06-12,BL-260612-17900,Zomato,Masala Chai,83.15
2026-06-12,BL-260612-17900,Zomato,Veg Wrap,269.68
2026-06-12,BL-260612-17900,Zomato,Chocolate Brownie,319.54
2026-06-12,BL-260612-17901,Swiggy,Iced Latte,244.4
2026-06-12,BL-260612-17902,Swiggy,Latte,405.07
2026-06-12,BL-260612-17902,Swiggy,Cappuccino,185.65
2026-06-12,BL-260612-17907,Zomato,Iced Latte,246.9
2026-06-12,BL-260612-17907,Zomato,Club Sandwich,643.74
2026-06-12,BL-260612-17909,Zomato,Cappuccino,185.39
2026-06-12,BL-260612-17909,Zomato,Iced Latte,246.81
2026-06-12,BL-260612-17910,Zomato,Latte,199.83
2026-06-12,BL-260612-17910,Zomato,Iced Latte,241.71
2026-06-12,BL-260612-17913,Swiggy,Veg Wrap,261.86
2026-06-12,BL-260612-17913,Swiggy,Cold Brew,227.7
2026-06-12,BL-260612-17915,Zomato,Masala Chai,166.41
2026-06-12,BL-260612-17919,Swiggy,Masala Chai,83.83
2026-06-12,BL-260612-17919,Swiggy,Seasonal Special,366.23
2026-06-12,BL-260612-17919,Swiggy,Espresso,150.48
2026-06-12,BL-260612-17925,Swiggy,Masala Chai,164.85
2026-06-12,BL-260612-17925,Swiggy,Latte,205.75
2026-06-12,BL-260612-17925,Swiggy,Croissant,125.35
2026-06-12,BL-260612-17929,Zomato,Cold Brew,230.87
2026-06-12,BL-260612-17929,Zomato,Cappuccino,368.8
2026-06-12,BL-260612-17935,Zomato,Croissant,119.77
2026-06-12,BL-260612-17936,Zomato,Cold Brew,224.72
2026-06-12,BL-260612-17937,Swiggy,Cappuccino,184.6
2026-06-12,BL-260612-17937,Swiggy,Latte,200.35
2026-06-12,BL-260612-17942,Swiggy,Iced Latte,484.68
2026-06-12,BL-260612-17943,Zomato,Masala Chai,83.35
2026-06-12,BL-260612-17943,Zomato,Espresso,150.58
2026-06-12,BL-260612-17944,Zomato,Blueberry Muffin,143.56
2026-06-12,BL-260612-17944,Zomato,Seasonal Special,364.54
2026-06-12,BL-260612-17945,Swiggy,Croissant,245.86
2026-06-12,BL-260612-17945,Swiggy,Club Sandwich,319.96
2026-06-12,BL-260612-17948,Zomato,Masala Chai,81.73
2026-06-12,BL-260612-17948,Zomato,Espresso,150.43
2026-06-12,BL-260612-17948,Zomato,Iced Latte,242.09
2026-06-12,BL-260612-17950,Zomato,Masala Chai,81.22
2026-06-12,BL-260612-17961,Swiggy,Espresso,154.37
2026-06-12,BL-260612-17963,Zomato,Veg Wrap,265.84
2026-06-12,BL-260612-17963,Zomato,Avocado Toast,289.74
2026-06-12,BL-260612-17966,Zomato,Cold Brew,458.98
2026-06-12,BL-260612-17972,Swiggy,Veg Wrap,261.53
2026-06-12,BL-260612-17972,Swiggy,Iced Latte,241.91
2026-06-12,BL-260612-17972,Swiggy,Chocolate Brownie,330.97
2026-06-12,BL-260612-17972,Swiggy,Cappuccino,187.12
2026-06-12,BL-260612-17973,Zomato,Club Sandwich,320.12
2026-06-12,BL-260612-17974,Swiggy,Chocolate Brownie,166.09
2026-06-12,BL-260612-17977,Swiggy,Masala Chai,80.41
2026-06-12,BL-260612-17978,Zomato,Iced Latte,248.17
2026-06-12,BL-260612-17978,Zomato,Club Sandwich,652.04
2026-06-12,BL-260612-17978,Zomato,Latte,408.86
2026-06-12,BL-260612-17979,Swiggy,Blueberry Muffin,140.95
2026-06-12,BL-260612-17982,Swiggy,Croissant,125.1
2026-06-12,BL-260612-17982,Swiggy,Cold Brew,225.56
2026-06-12,BL-260612-17983,Swiggy,Masala Chai,82.42
2026-06-12,BL-260612-17986,Zomato,Latte,206.23
2026-06-12,BL-260612-17986,Zomato,Cappuccino,182.47
2026-06-12,BL-260612-17987,Swiggy,Cappuccino,367.68
2026-06-12,BL-260612-17987,Swiggy,Blueberry Muffin,144.45
2026-06-12,BL-260612-17990,Swiggy,Blueberry Muffin,144.88
2026-06-12,BL-260612-17990,Swiggy,Cappuccino,187.19
2026-06-12,BL-260612-17993,Swiggy,Seasonal Special,349.67
2026-06-12,BL-260612-17999,Zomato,Espresso,156.91
2026-06-12,BL-260612-17999,Zomato,Seasonal Special,365.64
2026-06-12,BL-260612-17999,Zomato,Avocado Toast,288.78
2026-06-12,BL-260612-18001,Zomato,Cold Brew,440.11
2026-06-12,BL-260612-18001,Zomato,Avocado Toast,285.93
2026-06-12,BL-260612-18002,Swiggy,Cold Brew,220.29
2026-06-12,BL-260612-18002,Swiggy,Masala Chai,81.56
2026-06-12,BL-260612-18006,Zomato,Iced Latte,498.01
2026-06-12,BL-260612-18008,Zomato,Espresso,154.67
2026-06-13,BL-260613-18010,Zomato,Cold Brew,228.38
2026-06-13,BL-260613-18010,Zomato,Latte,206.19
2026-06-13,BL-260613-18018,Zomato,Chocolate Brownie,161.75
2026-06-13,BL-260613-18018,Zomato,Croissant,250.91
2026-06-13,BL-260613-18022,Swiggy,Blueberry Muffin,141.17
2026-06-13,BL-260613-18022,Swiggy,Croissant,125.63
2026-06-13,BL-260613-18025,Swiggy,Croissant,123.88
2026-06-13,BL-260613-18025,Swiggy,Chocolate Brownie,160.44
2026-06-13,BL-260613-18029,Swiggy,Chocolate Brownie,160.15
2026-06-13,BL-260613-18037,Swiggy,Seasonal Special,356.57
2026-06-13,BL-260613-18037,Swiggy,Masala Chai,83.42
2026-06-13,BL-260613-18039,Swiggy,Latte,201.22
2026-06-13,BL-260613-18040,Swiggy,Blueberry Muffin,141.68
2026-06-13,BL-260613-18040,Swiggy,Iced Latte,246.25
2026-06-13,BL-260613-18041,Zomato,Espresso,155.69
2026-06-13,BL-260613-18041,Zomato,Croissant,124.02
2026-06-13,BL-260613-18041,Zomato,Croissant,125.22
2026-06-13,BL-260613-18041,Zomato,Veg Wrap,524.92
2026-06-13,BL-260613-18044,Zomato,Iced Latte,250.65
2026-06-13,BL-260613-18048-R,Zomato,Chocolate Brownie,166.07
2026-06-13,BL-260613-18066,Zomato,Latte,207.3
2026-06-13,BL-260613-18066,Zomato,Avocado Toast,282.29
2026-06-13,BL-260613-18066,Zomato,Blueberry Muffin,146.83
2026-06-13,BL-260613-18069,Swiggy,Espresso,302.91
2026-06-13,BL-260613-18071,Zomato,Cold Brew,230.18
2026-06-13,BL-260613-18071,Zomato,Croissant,125.18
2026-06-13,BL-260613-18072,Zomato,Club Sandwich,333.43
2026-06-13,BL-260613-18072,Zomato,Veg Wrap,268.16
2026-06-13,BL-260613-18076,Zomato,Veg Wrap,272.33
2026-06-13,BL-260613-18079,Swiggy,Club Sandwich,327.31
2026-06-13,BL-260613-18079,Swiggy,Blueberry Muffin,140.13
2026-06-13,BL-260613-18081,Zomato,Chocolate Brownie,162.38
2026-06-13,BL-260613-18081,Zomato,Cold Brew,459.13
2026-06-13,BL-260613-18082,Swiggy,Chocolate Brownie,324.77
2026-06-13,BL-260613-18085,Zomato,Veg Wrap,271.1
2026-06-13,BL-260613-18087,Swiggy,Avocado Toast,290.03
2026-06-13,BL-260613-18087,Swiggy,Club Sandwich,331.09
2026-06-13,BL-260613-18087,Swiggy,Chocolate Brownie,161.64
2026-06-13,BL-260613-18091,Zomato,Cold Brew,225.01
2026-06-13,BL-260613-18091,Zomato,Avocado Toast,573.8
2026-06-13,BL-260613-18092,Swiggy,Avocado Toast,281.16
2026-06-13,BL-260613-18092,Swiggy,Espresso,153.97
2026-06-13,BL-260613-18095,Zomato,Cappuccino,180.42
2026-06-13,BL-260613-18096,Zomato,Avocado Toast,282.7
2026-06-13,BL-260613-18096,Zomato,Masala Chai,80.61
2026-06-13,BL-260613-18097,Swiggy,Iced Latte,246.18
2026-06-13,BL-260613-18097,Swiggy,Seasonal Special,364.16
2026-06-13,BL-260613-18103,Swiggy,Chocolate Brownie,160.68
2026-06-13,BL-260613-18103,Swiggy,Latte,200.89
2026-06-13,BL-260613-18104,Swiggy,Cold Brew,221.68
2026-06-13,BL-260613-18104,Swiggy,Cold Brew,227.5
2026-06-13,BL-260613-18107,Swiggy,Cold Brew,452.4
2026-06-13,BL-260613-18107,Swiggy,Veg Wrap,262.66
2026-06-13,BL-260613-18111,Zomato,Espresso,150.23
2026-06-13,BL-260613-18114,Swiggy,Club Sandwich,328.24
2026-06-13,BL-260613-18114,Swiggy,Espresso,153.74
2026-06-13,BL-260613-18117,Zomato,Cold Brew,226.18
2026-06-13,BL-260613-18118,Swiggy,Iced Latte,242.64
2026-06-13,BL-260613-18118,Swiggy,Croissant,125.44
2026-06-13,BL-260613-18119,Zomato,Avocado Toast,284.09
2026-06-13,BL-260613-18119,Zomato,Masala Chai,80.55
2026-06-13,BL-260613-18120,Swiggy,Chocolate Brownie,165.76
2026-06-13,BL-260613-18127,Zomato,Cappuccino,186.02
2026-06-13,BL-260613-18127,Zomato,Latte,203.46
2026-06-13,BL-260613-18130,Zomato,Cold Brew,228.89
2026-06-13,BL-260613-18130,Zomato,Club Sandwich,333.03
2026-06-13,BL-260613-18132,Zomato,Blueberry Muffin,143.93
2026-06-13,BL-260613-18133,Swiggy,Croissant,242.48
2026-06-13,BL-260613-18133,Swiggy,Club Sandwich,328.72
2026-06-13,BL-260613-18134,Zomato,Latte,206.25
2026-06-13,BL-260613-18134,Zomato,Masala Chai,83.31
2026-06-13,BL-260613-18134,Zomato,Latte,204.72
2026-06-13,BL-260613-18135,Swiggy,Cappuccino,179.83
2026-06-13,BL-260613-18135,Swiggy,Club Sandwich,330.12
2026-06-13,BL-260613-18135,Swiggy,Croissant,121.49
2026-06-13,BL-260613-18136,Zomato,Veg Wrap,531.48
2026-06-13,BL-260613-18136,Zomato,Avocado Toast,285.76
2026-06-13,BL-260613-18136,Zomato,Avocado Toast,570.25
2026-06-13,BL-260613-18137,Swiggy,Chocolate Brownie,162.83
2026-06-13,BL-260613-18138,Swiggy,Latte,205.17
2026-06-13,BL-260613-18138,Swiggy,Blueberry Muffin,143.51
2026-06-13,BL-260613-18142,Zomato,Chocolate Brownie,160.04
2026-06-13,BL-260613-18142,Zomato,Blueberry Muffin,140.32
2026-06-13,BL-260613-18145,Zomato,Blueberry Muffin,145.5
2026-06-13,BL-260613-18145,Zomato,Blueberry Muffin,143.89
2026-06-13,BL-260613-18149,Swiggy,Cold Brew,224.31
2026-06-13,BL-260613-18149,Swiggy,Iced Latte,250.62
2026-06-13,BL-260613-18152,Zomato,Cold Brew,227.95
2026-06-13,BL-260613-18152,Zomato,Seasonal Special,706.61
2026-06-13,BL-260613-18154,Zomato,Cold Brew,225.7
2026-06-13,BL-260613-18155,Zomato,Avocado Toast,284.37
2026-06-13,BL-260613-18155,Zomato,Avocado Toast,287.0
2026-06-13,BL-260613-18156,Zomato,Club Sandwich,323.0
2026-06-13,BL-260613-18159,Swiggy,Croissant,248.35
2026-06-13,BL-260613-18159,Swiggy,Latte,209.04
2026-06-13,BL-260613-18159,Swiggy,Avocado Toast,559.52
2026-06-13,BL-260613-18161,Zomato,Chocolate Brownie,164.94
2026-06-13,BL-260613-18161,Zomato,Iced Latte,479.64
2026-06-13,BL-260613-18162,Swiggy,Croissant,123.73
2026-06-13,BL-260613-18164,Zomato,Avocado Toast,288.89
2026-06-14,BL-260614-18165,Zomato,Chocolate Brownie,160.74
2026-06-14,BL-260614-18165,Zomato,Club Sandwich,330.95
2026-06-14,BL-260614-18171,Zomato,Cappuccino,184.74
2026-06-14,BL-260614-18172,Swiggy,Espresso,153.28
2026-06-14,BL-260614-18172,Swiggy,Blueberry Muffin,144.47
2026-06-14,BL-260614-18173,Swiggy,Espresso,156.21
2026-06-14,BL-260614-18173,Swiggy,Cold Brew,220.31
2026-06-14,BL-260614-18176,Swiggy,Cold Brew,224.52
2026-06-14,BL-260614-18176,Swiggy,Avocado Toast,569.78
2026-06-14,BL-260614-18179,Swiggy,Iced Latte,250.55
2026-06-14,BL-260614-18179,Swiggy,Seasonal Special,362.93
2026-06-14,BL-260614-18180,Zomato,Croissant,121.21
2026-06-14,BL-260614-18180,Zomato,Club Sandwich,319.95
2026-06-14,BL-260614-18183,Swiggy,Espresso,153.44
2026-06-14,BL-260614-18183,Swiggy,Iced Latte,246.3
2026-06-14,BL-260614-18183,Swiggy,Seasonal Special,350.03
2026-06-14,BL-260614-18185,Swiggy,Cold Brew,225.13
2026-06-14,BL-260614-18187,Swiggy,Cold Brew,227.32
2026-06-14,BL-260614-18187,Swiggy,Cold Brew,229.64
2026-06-14,BL-260614-18188,Zomato,Avocado Toast,289.84
2026-06-14,BL-260614-18188,Zomato,Chocolate Brownie,164.3
2026-06-14,BL-260614-18188,Zomato,Iced Latte,249.61
2026-06-14,BL-260614-18189,Swiggy,Chocolate Brownie,163.73
2026-06-14,BL-260614-18189,Swiggy,Blueberry Muffin,143.98
2026-06-14,BL-260614-18190,Swiggy,Masala Chai,82.43
2026-06-14,BL-260614-18190,Swiggy,Blueberry Muffin,144.89
2026-06-14,BL-260614-18195,Zomato,Seasonal Special,354.63
2026-06-14,BL-260614-18195,Zomato,Espresso,154.25
2026-06-14,BL-260614-18195,Zomato,Latte,203.8
2026-06-14,BL-260614-18197,Swiggy,Veg Wrap,260.56
2026-06-14,BL-260614-18197,Swiggy,Blueberry Muffin,140.16
2026-06-14,BL-260614-18201,Swiggy,Veg Wrap,270.06
2026-06-14,BL-260614-18201,Swiggy,Avocado Toast,293.42
2026-06-14,BL-260614-18203,Swiggy,Chocolate Brownie,327.38
2026-06-14,BL-260614-18204,Zomato,Cold Brew,227.66
2026-06-14,BL-260614-18204,Zomato,Club Sandwich,331.85
2026-06-14,BL-260614-18211,Swiggy,Club Sandwich,327.1
2026-06-14,BL-260614-18211,Swiggy,Seasonal Special,699.47
2026-06-14,BL-260614-18211,Swiggy,Seasonal Special,362.32
2026-06-14,BL-260614-18217,Swiggy,Latte,200.97
2026-06-14,BL-260614-18218,Swiggy,Blueberry Muffin,145.38
2026-06-14,BL-260614-18218,Swiggy,Masala Chai,79.94
2026-06-14,BL-260614-18223,Zomato,Seasonal Special,356.67
2026-06-14,BL-260614-18223,Zomato,Chocolate Brownie,167.06
2026-06-14,BL-260614-18223,Zomato,Cappuccino,187.99
2026-06-14,BL-260614-18226,Swiggy,Chocolate Brownie,159.68
2026-06-14,BL-260614-18226,Swiggy,Seasonal Special,363.81
2026-06-14,BL-260614-18227,Swiggy,Espresso,153.82
2026-06-14,BL-260614-18227,Swiggy,Cold Brew,227.48
2026-06-14,BL-260614-18228,Swiggy,Chocolate Brownie,165.56
2026-06-14,BL-260614-18228,Swiggy,Masala Chai,83.15
2026-06-14,BL-260614-18228,Swiggy,Veg Wrap,262.14
2026-06-14,BL-260614-18229,Zomato,Club Sandwich,328.55
2026-06-14,BL-260614-18229,Zomato,Blueberry Muffin,143.28
2026-06-14,BL-260614-18233,Zomato,Club Sandwich,322.02
2026-06-14,BL-260614-18233,Zomato,Chocolate Brownie,165.68
2026-06-14,BL-260614-18233,Zomato,Avocado Toast,288.3
2026-06-14,BL-260614-18233,Zomato,Cappuccino,187.93
2026-06-14,BL-260614-18234,Swiggy,Blueberry Muffin,140.16
2026-06-14,BL-260614-18234,Swiggy,Veg Wrap,543.73
2026-06-14,BL-260614-18235,Swiggy,Cappuccino,370.42
2026-06-14,BL-260614-18235,Swiggy,Chocolate Brownie,331.43
2026-06-14,BL-260614-18239,Zomato,Cappuccino,185.3
2026-06-14,BL-260614-18244,Zomato,Seasonal Special,364.32
2026-06-14,BL-260614-18244,Zomato,Blueberry Muffin,145.21
2026-06-14,BL-260614-18244,Zomato,Blueberry Muffin,143.95
2026-06-14,BL-260614-18246,Swiggy,Seasonal Special,726.53
2026-06-14,BL-260614-18247,Swiggy,Seasonal Special,702.01
2026-06-14,BL-260614-18247,Swiggy,Chocolate Brownie,164.17
2026-06-14,BL-260614-18249,Swiggy,Veg Wrap,263.0
2026-06-14,BL-260614-18250,Swiggy,Club Sandwich,329.32
2026-06-14,BL-260614-18250,Swiggy,Masala Chai,83.73
2026-06-14,BL-260614-18251,Swiggy,Blueberry Muffin,143.77
2026-06-14,BL-260614-18251,Swiggy,Masala Chai,83.7
2026-06-14,BL-260614-18253,Zomato,Veg Wrap,271.08
2026-06-14,BL-260614-18253,Zomato,Croissant,119.75
2026-06-14,BL-260614-18253,Zomato,Chocolate Brownie,167.55
2026-06-14,BL-260614-18254,Zomato,Club Sandwich,326.55
2026-06-14,BL-260614-18254,Zomato,Chocolate Brownie,166.13
2026-06-14,BL-260614-18259,Swiggy,Cappuccino,371.69
2026-06-14,BL-260614-18259,Swiggy,Avocado Toast,287.26
2026-06-14,BL-260614-18260,Swiggy,Veg Wrap,264.82
2026-06-14,BL-260614-18261,Swiggy,Latte,204.01
2026-06-14,BL-260614-18261,Swiggy,Cappuccino,183.52
2026-06-14,BL-260614-18262,Zomato,Cappuccino,183.11
2026-06-14,BL-260614-18262,Zomato,Cold Brew,226.95
2026-06-14,BL-260614-18264,Zomato,Avocado Toast,288.84
2026-06-14,BL-260614-18264,Zomato,Seasonal Special,356.81
2026-06-14,BL-260614-18267,Zomato,Cappuccino,188.71
2026-06-14,BL-260614-18270,Zomato,Espresso,152.08
2026-06-14,BL-260614-18270,Zomato,Latte,208.11
2026-06-14,BL-260614-18271,Swiggy,Iced Latte,246.33
2026-06-14,BL-260614-18271,Swiggy,Club Sandwich,331.49
2026-06-14,BL-260614-18274,Zomato,Latte,206.03
2026-06-14,BL-260614-18274,Zomato,Latte,205.96
2026-06-14,BL-260614-18275,Swiggy,Cappuccino,182.65
2026-06-14,BL-260614-18277,Swiggy,Blueberry Muffin,143.99
2026-06-14,BL-260614-18277,Swiggy,Espresso,150.78
2026-06-14,BL-260614-18279,Zomato,Iced Latte,480.92
2026-06-14,BL-260614-18279,Zomato,Chocolate Brownie,166.34
2026-06-14,BL-260614-18281,Swiggy,Seasonal Special,351.51
2026-06-14,BL-260614-18281,Swiggy,Seasonal Special,349.3
2026-06-14,BL-260614-18282,Swiggy,Masala Chai,159.93
2026-06-14,BL-260614-18286,Zomato,Chocolate Brownie,166.07
2026-06-14,BL-260614-18289,Zomato,Cappuccino,188.58
2026-06-14,BL-260614-18289,Zomato,Avocado Toast,292.28
2026-06-14,BL-260614-18291,Swiggy,Club Sandwich,328.35
2026-06-14,BL-260614-18292,Swiggy,Blueberry Muffin,288.33
2026-06-14,BL-260614-18294,Zomato,Latte,200.75
2026-06-14,BL-260614-18294,Zomato,Club Sandwich,322.01
2026-06-14,BL-260614-18298,Swiggy,Cappuccino,186.51
2026-06-14,BL-260614-18300,Zomato,Chocolate Brownie,160.54
2026-06-14,BL-260614-18300,Zomato,Cold Brew,222.21
2026-06-15,BL-260615-18310,Zomato,Club Sandwich,334.36
2026-06-15,BL-260615-18311,Zomato,Espresso,157.18
2026-06-15,BL-260615-18311,Zomato,Masala Chai,80.87
2026-06-15,BL-260615-18311,Zomato,Avocado Toast,287.42
2026-06-15,BL-260615-18312,Swiggy,Croissant,124.92
2026-06-15,BL-260615-18316,Zomato,Chocolate Brownie,167.66
2026-06-15,BL-260615-18317,Swiggy,Seasonal Special,729.38
2026-06-15,BL-260615-18317,Swiggy,Cold Brew,448.88
2026-06-15,BL-260615-18319,Zomato,Masala Chai,81.38
2026-06-15,BL-260615-18320,Zomato,Croissant,244.07
2026-06-15,BL-260615-18320,Zomato,Iced Latte,248.04
2026-06-15,BL-260615-18320,Zomato,Veg Wrap,545.72
2026-06-15,BL-260615-18325,Zomato,Veg Wrap,271.73
2026-06-15,BL-260615-18325,Zomato,Iced Latte,243.01
2026-06-15,BL-260615-18327,Swiggy,Latte,202.13
2026-06-15,BL-260615-18329,Swiggy,Chocolate Brownie,165.67
2026-06-15,BL-260615-18332,Swiggy,Cold Brew,224.28
2026-06-15,BL-260615-18332,Swiggy,Club Sandwich,657.45
2026-06-15,BL-260615-18332,Swiggy,Chocolate Brownie,332.91
2026-06-15,BL-260615-18336,Swiggy,Espresso,301.12
2026-06-15,BL-260615-18339,Zomato,Cappuccino,187.99
2026-06-15,BL-260615-18339,Zomato,Cappuccino,363.4
2026-06-15,BL-260615-18347,Swiggy,Iced Latte,249.33
2026-06-15,BL-260615-18347,Swiggy,Espresso,151.23
2026-06-15,BL-260615-18351,Swiggy,Masala Chai,81.84
2026-06-15,BL-260615-18351,Swiggy,Avocado Toast,283.2
2026-06-15,BL-260615-18352,Zomato,Seasonal Special,350.38
2026-06-15,BL-260615-18352,Zomato,Espresso,154.03
2026-06-15,BL-260615-18354,Swiggy,Avocado Toast,291.02
2026-06-15,BL-260615-18355,Zomato,Blueberry Muffin,144.22
2026-06-15,BL-260615-18355,Zomato,Cold Brew,230.0
2026-06-15,BL-260615-18355,Zomato,Iced Latte,241.17
2026-06-15,BL-260615-18356,Swiggy,Croissant,123.01
2026-06-15,BL-260615-18356,Swiggy,Chocolate Brownie,166.89
2026-06-15,BL-260615-18360,Zomato,Espresso,153.62
2026-06-15,BL-260615-18361,Swiggy,Cold Brew,230.26
2026-06-15,BL-260615-18361,Swiggy,Latte,207.1
2026-06-15,BL-260615-18365,Zomato,Club Sandwich,326.89
2026-06-15,BL-260615-18365,Zomato,Club Sandwich,662.59
2026-06-15,BL-260615-18365,Zomato,Cold Brew,221.08
2026-06-15,BL-260615-18367,Zomato,Veg Wrap,264.33
2026-06-15,BL-260615-18376,Swiggy,Espresso,156.76
2026-06-15,BL-260615-18376,Swiggy,Seasonal Special,367.48
2026-06-15,BL-260615-18378,Zomato,Espresso,150.99
2026-06-15,BL-260615-18378,Zomato,Seasonal Special,356.02
2026-06-15,BL-260615-18381,Zomato,Croissant,125.19
2026-06-15,BL-260615-18382,Swiggy,Chocolate Brownie,160.71
2026-06-15,BL-260615-18383,Zomato,Club Sandwich,662.53
2026-06-15,BL-260615-18383,Zomato,Croissant,246.54
2026-06-15,BL-260615-18383,Zomato,Chocolate Brownie,165.01
2026-06-15,BL-260615-18385-R,Zomato,Veg Wrap,545.52
2026-06-15,BL-260615-18385-R,Zomato,Espresso,157.13
2026-06-15,BL-260615-18387,Swiggy,Avocado Toast,279.59
2026-06-15,BL-260615-18388,Swiggy,Espresso,150.58
2026-06-15,BL-260615-18388,Swiggy,Cappuccino,181.5
2026-06-15,BL-260615-18389,Zomato,Cappuccino,182.73
2026-06-15,BL-260615-18389,Zomato,Croissant,241.89
2026-06-15,BL-260615-18390,Swiggy,Cappuccino,182.25
2026-06-15,BL-260615-18391,Swiggy,Veg Wrap,268.91
2026-06-15,BL-260615-18391,Swiggy,Masala Chai,83.01
2026-06-15,BL-260615-18401,Zomato,Veg Wrap,269.82
2026-06-15,BL-260615-18401,Zomato,Espresso,155.45
2026-06-15,BL-260615-18402,Swiggy,Club Sandwich,319.58
2026-06-15,BL-260615-18402,Swiggy,Iced Latte,249.6
2026-06-16,BL-260616-18409,Zomato,Chocolate Brownie,162.82
2026-06-16,BL-260616-18409,Zomato,Club Sandwich,331.56
2026-06-16,BL-260616-18409,Zomato,Masala Chai,83.41
2026-06-16,BL-260616-18410,Zomato,Cold Brew,222.7
2026-06-16,BL-260616-18410,Zomato,Masala Chai,83.22
2026-06-16,BL-260616-18411,Zomato,Cold Brew,226.32
2026-06-16,BL-260616-18411,Zomato,Seasonal Special,350.95
2026-06-16,BL-260616-18411,Zomato,Veg Wrap,527.82
2026-06-16,BL-260616-18412,Zomato,Croissant,243.81
2026-06-16,BL-260616-18412,Zomato,Latte,201.31
2026-06-16,BL-260616-18412,Zomato,Seasonal Special,360.35
2026-06-16,BL-260616-18413,Swiggy,Avocado Toast,283.67
2026-06-16,BL-260616-18413,Swiggy,Veg Wrap,260.11
2026-06-16,BL-260616-18413,Swiggy,Avocado Toast,290.37
2026-06-16,BL-260616-18418,Swiggy,Croissant,120.04
2026-06-16,BL-260616-18419-R,Swiggy,Latte,208.84
2026-06-16,BL-260616-18419-R,Swiggy,Chocolate Brownie,334.55
2026-06-16,BL-260616-18419-R,Swiggy,Cold Brew,229.96
2026-06-16,BL-260616-18420,Swiggy,Masala Chai,164.61
2026-06-16,BL-260616-18425,Zomato,Latte,208.72
2026-06-16,BL-260616-18427,Swiggy,Avocado Toast,289.43
2026-06-16,BL-260616-18427,Swiggy,Avocado Toast,284.37
2026-06-16,BL-260616-18432,Swiggy,Masala Chai,82.75
2026-06-16,BL-260616-18432,Swiggy,Croissant,124.73
2026-06-16,BL-260616-18432,Swiggy,Espresso,151.28
2026-06-16,BL-260616-18432,Swiggy,Espresso,157.13
2026-06-16,BL-260616-18438,Zomato,Latte,204.66
2026-06-16,BL-260616-18438,Zomato,Club Sandwich,327.18
2026-06-16,BL-260616-18438,Zomato,Avocado Toast,290.63
2026-06-16,BL-260616-18441,Swiggy,Cappuccino,181.4
2026-06-16,BL-260616-18442,Zomato,Avocado Toast,289.24
2026-06-16,BL-260616-18442,Zomato,Avocado Toast,286.61
2026-06-16,BL-260616-18443,Zomato,Cappuccino,360.43
2026-06-16,BL-260616-18443,Zomato,Iced Latte,250.38
2026-06-16,BL-260616-18449,Zomato,Cappuccino,362.46
2026-06-16,BL-260616-18449,Zomato,Masala Chai,83.61
2026-06-16,BL-260616-18450,Zomato,Latte,206.76
2026-06-16,BL-260616-18451,Zomato,Iced Latte,247.26
2026-06-16,BL-260616-18451,Zomato,Iced Latte,251.66
2026-06-16,BL-260616-18452,Swiggy,Chocolate Brownie,166.86
2026-06-16,BL-260616-18452,Swiggy,Avocado Toast,280.7
2026-06-16,BL-260616-18452,Swiggy,Latte,209.04
2026-06-16,BL-260616-18454,Zomato,Croissant,121.09
2026-06-16,BL-260616-18454,Zomato,Croissant,125.6
2026-06-16,BL-260616-18456,Swiggy,Blueberry Muffin,146.55
2026-06-16,BL-260616-18456,Swiggy,Croissant,240.05
2026-06-16,BL-260616-18458,Swiggy,Croissant,123.9
2026-06-16,BL-260616-18458,Swiggy,Avocado Toast,288.69
2026-06-16,BL-260616-18460,Zomato,Espresso,150.84
2026-06-16,BL-260616-18460,Zomato,Espresso,150.5
2026-06-16,BL-260616-18463,Swiggy,Croissant,122.27
2026-06-16,BL-260616-18463,Swiggy,Croissant,120.41
2026-06-16,BL-260616-18467,Zomato,Veg Wrap,271.46
2026-06-16,BL-260616-18468,Swiggy,Masala Chai,81.53
2026-06-16,BL-260616-18468,Swiggy,Iced Latte,494.59
2026-06-16,BL-260616-18469,Zomato,Chocolate Brownie,159.62
2026-06-16,BL-260616-18477,Swiggy,Cold Brew,222.28
2026-06-16,BL-260616-18477,Swiggy,Veg Wrap,542.09
2026-06-16,BL-260616-18478,Zomato,Masala Chai,82.32
2026-06-16,BL-260616-18478,Zomato,Espresso,153.58
2026-06-16,BL-260616-18481,Zomato,Espresso,300.15
2026-06-16,BL-260616-18482,Zomato,Masala Chai,80.84
2026-06-16,BL-260616-18482,Zomato,Cappuccino,188.56
2026-06-16,BL-260616-18485,Swiggy,Veg Wrap,540.13
2026-06-16,BL-260616-18485,Swiggy,Iced Latte,486.42
2026-06-16,BL-260616-18486,Swiggy,Espresso,156.45
2026-06-16,BL-260616-18487,Zomato,Club Sandwich,331.14
2026-06-16,BL-260616-18489-R,Zomato,Chocolate Brownie,160.31
2026-06-16,BL-260616-18489-R,Zomato,Cold Brew,230.85
2026-06-16,BL-260616-18490,Swiggy,Club Sandwich,321.08
2026-06-16,BL-260616-18490,Swiggy,Club Sandwich,323.85
2026-06-16,BL-260616-18491,Swiggy,Chocolate Brownie,161.6
2026-06-16,BL-260616-18492,Zomato,Club Sandwich,645.09
2026-06-16,BL-260616-18492,Zomato,Croissant,123.42
2026-06-16,BL-260616-18492,Zomato,Cold Brew,220.42
2026-06-16,BL-260616-18493,Zomato,Seasonal Special,352.87
2026-06-16,BL-260616-18494,Zomato,Veg Wrap,265.97
2026-06-16,BL-260616-18495,Zomato,Cappuccino,182.73
2026-06-16,BL-260616-18500,Zomato,Croissant,247.99
2026-06-16,BL-260616-18501,Zomato,Veg Wrap,269.89
2026-06-16,BL-260616-18501,Zomato,Iced Latte,240.59
2026-06-16,BL-260616-18504,Swiggy,Cappuccino,180.82
2026-06-16,BL-260616-18504,Swiggy,Blueberry Muffin,144.59
2026-06-16,BL-260616-18505,Swiggy,Chocolate Brownie,167.0
2026-06-16,BL-260616-18505,Swiggy,Cold Brew,227.42
2026-06-16,BL-260616-18505,Swiggy,Cappuccino,185.88
2026-06-17,BL-260617-18507,Swiggy,Cold Brew,221.89
2026-06-17,BL-260617-18512,Swiggy,Latte,204.68
2026-06-17,BL-260617-18512,Swiggy,Croissant,123.03
2026-06-17,BL-260617-18521,Swiggy,Masala Chai,80.24
2026-06-17,BL-260617-18522,Zomato,Iced Latte,244.34
2026-06-17,BL-260617-18522,Zomato,Espresso,152.11
2026-06-17,BL-260617-18523,Swiggy,Latte,206.14
2026-06-17,BL-260617-18528,Zomato,Croissant,125.06
2026-06-17,BL-260617-18528,Zomato,Latte,201.29
2026-06-17,BL-260617-18529,Zomato,Avocado Toast,293.62
2026-06-17,BL-260617-18529,Zomato,Club Sandwich,322.37
2026-06-17,BL-260617-18529,Zomato,Veg Wrap,544.83
2026-06-17,BL-260617-18532,Zomato,Iced Latte,251.42
2026-06-17,BL-260617-18532,Zomato,Latte,199.82
2026-06-17,BL-260617-18540,Zomato,Latte,205.84
2026-06-17,BL-260617-18540,Zomato,Chocolate Brownie,328.37
2026-06-17,BL-260617-18540,Zomato,Iced Latte,242.81
2026-06-17,BL-260617-18543,Zomato,Veg Wrap,262.36
2026-06-17,BL-260617-18543,Zomato,Cold Brew,228.73
2026-06-17,BL-260617-18543,Zomato,Masala Chai,80.15
2026-06-17,BL-260617-18544,Zomato,Masala Chai,80.64
2026-06-17,BL-260617-18544,Zomato,Blueberry Muffin,287.36
2026-06-17,BL-260617-18546,Swiggy,Avocado Toast,286.41
2026-06-17,BL-260617-18547,Swiggy,Espresso,152.48
2026-06-17,BL-260617-18547,Swiggy,Cold Brew,226.53
2026-06-17,BL-260617-18549,Swiggy,Cold Brew,219.56
2026-06-17,BL-260617-18549,Swiggy,Veg Wrap,266.58
2026-06-17,BL-260617-18550,Zomato,Club Sandwich,668.06
2026-06-17,BL-260617-18550,Zomato,Club Sandwich,332.02
2026-06-17,BL-260617-18550,Zomato,Seasonal Special,364.38
2026-06-17,BL-260617-18553,Zomato,Veg Wrap,271.94
2026-06-17,BL-260617-18553,Zomato,Latte,204.33
2026-06-17,BL-260617-18555,Swiggy,Veg Wrap,537.28
2026-06-17,BL-260617-18555,Swiggy,Chocolate Brownie,162.37
2026-06-17,BL-260617-18556,Swiggy,Iced Latte,249.69
2026-06-17,BL-260617-18556,Swiggy,Chocolate Brownie,166.05
2026-06-17,BL-260617-18556,Swiggy,Latte,207.35
2026-06-17,BL-260617-18558,Swiggy,Veg Wrap,261.93
2026-06-17,BL-260617-18559,Zomato,Chocolate Brownie,166.64
2026-06-17,BL-260617-18560,Swiggy,Iced Latte,243.11
2026-06-17,BL-260617-18562,Zomato,Blueberry Muffin,146.03
2026-06-17,BL-260617-18572,Zomato,Iced Latte,489.82
2026-06-17,BL-260617-18572,Zomato,Cold Brew,220.65
2026-06-17,BL-260617-18572,Zomato,Cappuccino,181.04
2026-06-17,BL-260617-18573,Swiggy,Latte,205.82
2026-06-17,BL-260617-18573,Swiggy,Seasonal Special,361.64
2026-06-17,BL-260617-18573,Swiggy,Blueberry Muffin,144.39
2026-06-17,BL-260617-18574,Swiggy,Masala Chai,82.41
2026-06-17,BL-260617-18577,Swiggy,Cold Brew,230.3
2026-06-17,BL-260617-18577,Swiggy,Blueberry Muffin,140.57
2026-06-17,BL-260617-18580,Swiggy,Club Sandwich,333.55
2026-06-17,BL-260617-18590,Swiggy,Veg Wrap,264.98
2026-06-17,BL-260617-18590,Swiggy,Chocolate Brownie,166.19
2026-06-17,BL-260617-18591,Zomato,Blueberry Muffin,288.25
2026-06-17,BL-260617-18593,Zomato,Club Sandwich,652.83
2026-06-17,BL-260617-18599,Swiggy,Blueberry Muffin,142.93
2026-06-17,BL-260617-18599,Swiggy,Iced Latte,498.79
2026-06-17,BL-260617-18599,Swiggy,Club Sandwich,332.02
2026-06-17,BL-260617-18601,Swiggy,Iced Latte,245.13
2026-06-17,BL-260617-18601,Swiggy,Veg Wrap,264.74
2026-06-17,BL-260617-18603,Zomato,Cappuccino,187.35
2026-06-17,BL-260617-18604,Zomato,Latte,205.88
2026-06-17,BL-260617-18606,Zomato,Masala Chai,82.2
2026-06-17,BL-260617-18607,Swiggy,Croissant,122.97
2026-06-18,BL-260618-18613,Swiggy,Cappuccino,362.6
2026-06-18,BL-260618-18613,Swiggy,Masala Chai,80.68
2026-06-18,BL-260618-18617,Swiggy,Iced Latte,250.69
2026-06-18,BL-260618-18617,Swiggy,Avocado Toast,570.09
2026-06-18,BL-260618-18619,Zomato,Cappuccino,188.54
2026-06-18,BL-260618-18619,Zomato,Latte,199.94
2026-06-18,BL-260618-18621,Swiggy,Iced Latte,243.2
2026-06-18,BL-260618-18623,Swiggy,Iced Latte,242.55
2026-06-18,BL-260618-18623,Swiggy,Blueberry Muffin,141.11
2026-06-18,BL-260618-18624,Zomato,Espresso,155.73
2026-06-18,BL-260618-18624,Zomato,Cold Brew,222.33
2026-06-18,BL-260618-18626,Swiggy,Latte,203.73
2026-06-18,BL-260618-18627,Zomato,Chocolate Brownie,162.48
2026-06-18,BL-260618-18627,Zomato,Latte,206.5
2026-06-18,BL-260618-18628,Swiggy,Iced Latte,240.76
2026-06-18,BL-260618-18630,Zomato,Latte,202.08
2026-06-18,BL-260618-18630,Zomato,Espresso,156.4
2026-06-18,BL-260618-18631,Swiggy,Chocolate Brownie,164.71
2026-06-18,BL-260618-18631,Swiggy,Espresso,150.53
2026-06-18,BL-260618-18633,Zomato,Veg Wrap,268.52
2026-06-18,BL-260618-18633,Zomato,Seasonal Special,704.8
2026-06-18,BL-260618-18633,Zomato,Veg Wrap,259.74
2026-06-18,BL-260618-18634,Zomato,Club Sandwich,326.72
2026-06-18,BL-260618-18634,Zomato,Cappuccino,182.25
2026-06-18,BL-260618-18636,Swiggy,Club Sandwich,324.74
2026-06-18,BL-260618-18636,Swiggy,Avocado Toast,284.02
2026-06-18,BL-260618-18637,Zomato,Club Sandwich,658.26
2026-06-18,BL-260618-18637,Zomato,Masala Chai,82.93
2026-06-18,BL-260618-18637,Zomato,Iced Latte,242.86
2026-06-18,BL-260618-18638,Zomato,Seasonal Special,360.65
2026-06-18,BL-260618-18638,Zomato,Masala Chai,79.83
2026-06-18,BL-260618-18639,Zomato,Avocado Toast,287.94
2026-06-18,BL-260618-18639,Zomato,Iced Latte,500.7
2026-06-18,BL-260618-18642,Swiggy,Espresso,313.0
2026-06-18,BL-260618-18642,Swiggy,Seasonal Special,356.51
2026-06-18,BL-260618-18643,Swiggy,Iced Latte,485.26
2026-06-18,BL-260618-18643,Swiggy,Iced Latte,242.49
2026-06-18,BL-260618-18647,Swiggy,Blueberry Muffin,140.65
2026-06-18,BL-260618-18649,Swiggy,Croissant,242.07
2026-06-18,BL-260618-18649,Swiggy,Blueberry Muffin,142.37
2026-06-18,BL-260618-18649,Swiggy,Iced Latte,249.29
2026-06-18,BL-260618-18651,Swiggy,Cappuccino,188.21
2026-06-18,BL-260618-18657,Swiggy,Avocado Toast,289.75
2026-06-18,BL-260618-18657,Swiggy,Cold Brew,221.24
2026-06-18,BL-260618-18661,Swiggy,Cold Brew,220.98
2026-06-18,BL-260618-18661,Swiggy,Iced Latte,246.28
2026-06-18,BL-260618-18665,Swiggy,Veg Wrap,264.21
2026-06-18,BL-260618-18665,Swiggy,Croissant,121.55
2026-06-18,BL-260618-18665,Swiggy,Croissant,122.52
2026-06-18,BL-260618-18667,Zomato,Seasonal Special,367.42
2026-06-18,BL-260618-18667,Zomato,Blueberry Muffin,142.2
2026-06-18,BL-260618-18667,Zomato,Latte,206.53
2026-06-18,BL-260618-18668,Zomato,Croissant,246.03
2026-06-18,BL-260618-18668,Zomato,Masala Chai,80.85
2026-06-18,BL-260618-18668,Zomato,Espresso,157.03
2026-06-18,BL-260618-18671,Swiggy,Chocolate Brownie,166.52
2026-06-18,BL-260618-18673,Swiggy,Seasonal Special,705.37
2026-06-18,BL-260618-18673,Swiggy,Cappuccino,376.81
2026-06-18,BL-260618-18677,Swiggy,Chocolate Brownie,167.21
2026-06-18,BL-260618-18677,Swiggy,Cold Brew,443.77
2026-06-18,BL-260618-18678,Zomato,Cold Brew,457.46
2026-06-18,BL-260618-18678,Zomato,Avocado Toast,282.37
2026-06-18,BL-260618-18681,Swiggy,Seasonal Special,731.88
2026-06-18,BL-260618-18684,Swiggy,Club Sandwich,325.81
2026-06-18,BL-260618-18684,Swiggy,Seasonal Special,361.73
2026-06-18,BL-260618-18686,Swiggy,Blueberry Muffin,142.54
2026-06-18,BL-260618-18686,Swiggy,Masala Chai,80.71
2026-06-18,BL-260618-18688,Swiggy,Espresso,154.63
2026-06-18,BL-260618-18689,Zomato,Croissant,119.89
2026-06-18,BL-260618-18689,Zomato,Iced Latte,239.87
2026-06-18,BL-260618-18690,Swiggy,Seasonal Special,704.51
2026-06-18,BL-260618-18694,Swiggy,Cold Brew,442.89
2026-06-18,BL-260618-18694,Swiggy,Veg Wrap,259.51
2026-06-18,BL-260618-18694,Swiggy,Latte,207.83
2026-06-18,BL-260618-18694,Swiggy,Avocado Toast,281.33
2026-06-18,BL-260618-18696,Zomato,Latte,202.34
2026-06-18,BL-260618-18696,Zomato,Croissant,119.77
2026-06-18,BL-260618-18696,Zomato,Iced Latte,251.18
2026-06-18,BL-260618-18704,Zomato,Croissant,125.48
2026-06-18,BL-260618-18704,Zomato,Veg Wrap,267.42
2026-06-18,BL-260618-18707,Swiggy,Veg Wrap,272.32
2026-06-18,BL-260618-18707,Swiggy,Blueberry Muffin,145.85
2026-06-18,BL-260618-18710,Zomato,Avocado Toast,289.94
2026-06-18,BL-260618-18713,Swiggy,Iced Latte,243.9
2026-06-18,BL-260618-18713,Swiggy,Latte,202.4
2026-06-18,BL-260618-18715,Zomato,Club Sandwich,322.31
2026-06-18,BL-260618-18715,Zomato,Iced Latte,484.33
2026-06-18,BL-260618-18715,Zomato,Cappuccino,181.68
2026-06-18,BL-260618-18718,Zomato,Seasonal Special,361.82
2026-06-18,BL-260618-18727,Zomato,Avocado Toast,281.37
2026-06-18,BL-260618-18727,Zomato,Masala Chai,80.46
2026-06-18,BL-260618-18727,Zomato,Chocolate Brownie,160.59
2026-06-18,BL-260618-18727,Zomato,Cappuccino,185.57
2026-06-18,BL-260618-18727,Zomato,Croissant,121.88
2026-06-18,BL-260618-18728,Zomato,Cold Brew,226.87
2026-06-18,BL-260618-18729,Zomato,Avocado Toast,560.59
2026-06-18,BL-260618-18729,Zomato,Avocado Toast,292.9
2026-06-18,BL-260618-18730,Zomato,Avocado Toast,284.25
2026-06-18,BL-260618-18730,Zomato,Latte,204.16
2026-06-19,BL-260619-18733,Swiggy,Seasonal Special,703.0
2026-06-19,BL-260619-18733,Swiggy,Croissant,122.31
2026-06-19,BL-260619-18734,Swiggy,Chocolate Brownie,329.95
2026-06-19,BL-260619-18734,Swiggy,Iced Latte,251.79
2026-06-19,BL-260619-18734,Swiggy,Latte,202.31
2026-06-19,BL-260619-18745,Swiggy,Chocolate Brownie,164.09
2026-06-19,BL-260619-18745,Swiggy,Avocado Toast,572.12
2026-06-19,BL-260619-18755,Zomato,Iced Latte,482.01
2026-06-19,BL-260619-18755,Zomato,Blueberry Muffin,141.86
2026-06-19,BL-260619-18755,Zomato,Masala Chai,82.41
2026-06-19,BL-260619-18756,Swiggy,Cappuccino,185.01
2026-06-19,BL-260619-18759,Zomato,Iced Latte,247.98
2026-06-19,BL-260619-18759,Zomato,Avocado Toast,280.18
2026-06-19,BL-260619-18762,Swiggy,Club Sandwich,327.89
2026-06-19,BL-260619-18762,Swiggy,Espresso,154.52
2026-06-19,BL-260619-18764,Zomato,Cold Brew,227.6
2026-06-19,BL-260619-18764,Zomato,Avocado Toast,287.51
2026-06-19,BL-260619-18768,Swiggy,Cold Brew,225.88
2026-06-19,BL-260619-18771,Swiggy,Chocolate Brownie,167.9
2026-06-19,BL-260619-18771,Swiggy,Iced Latte,243.86
2026-06-19,BL-260619-18772,Swiggy,Chocolate Brownie,166.89
2026-06-19,BL-260619-18772,Swiggy,Iced Latte,243.84
2026-06-19,BL-260619-18772,Swiggy,Blueberry Muffin,291.43
2026-06-19,BL-260619-18773,Swiggy,Seasonal Special,362.79
2026-06-19,BL-260619-18773,Swiggy,Masala Chai,81.1
2026-06-19,BL-260619-18778,Swiggy,Espresso,149.95
2026-06-19,BL-260619-18778,Swiggy,Croissant,122.68
2026-06-19,BL-260619-18782,Swiggy,Cappuccino,179.92
2026-06-19,BL-260619-18783,Zomato,Iced Latte,246.51
2026-06-19,BL-260619-18783,Zomato,Espresso,150.65
2026-06-19,BL-260619-18790,Zomato,Club Sandwich,332.1
2026-06-19,BL-260619-18790,Zomato,Masala Chai,81.59
2026-06-19,BL-260619-18790,Zomato,Latte,411.1
2026-06-19,BL-260619-18792,Zomato,Iced Latte,240.69
2026-06-19,BL-260619-18792,Zomato,Latte,209.97
2026-06-19,BL-260619-18793,Zomato,Avocado Toast,282.43
2026-06-19,BL-260619-18794,Zomato,Club Sandwich,328.19
2026-06-19,BL-260619-18795,Zomato,Blueberry Muffin,140.11
2026-06-19,BL-260619-18797,Swiggy,Club Sandwich,328.57
2026-06-19,BL-260619-18797,Swiggy,Espresso,151.34
2026-06-19,BL-260619-18803,Zomato,Avocado Toast,293.87
2026-06-19,BL-260619-18804,Swiggy,Club Sandwich,326.17
2026-06-19,BL-260619-18804,Swiggy,Avocado Toast,559.26
2026-06-19,BL-260619-18804,Swiggy,Cold Brew,225.8
2026-06-19,BL-260619-18806,Zomato,Club Sandwich,323.14
2026-06-19,BL-260619-18812,Zomato,Cold Brew,225.57
2026-06-19,BL-260619-18820,Swiggy,Seasonal Special,362.65
2026-06-19,BL-260619-18820,Swiggy,Latte,209.97
2026-06-19,BL-260619-18823,Zomato,Avocado Toast,285.64
2026-06-19,BL-260619-18823,Zomato,Espresso,153.04
2026-06-19,BL-260619-18823,Zomato,Iced Latte,485.74
2026-06-19,BL-260619-18826,Swiggy,Blueberry Muffin,141.39
2026-06-19,BL-260619-18826,Swiggy,Iced Latte,244.31
2026-06-19,BL-260619-18831,Zomato,Veg Wrap,259.53
2026-06-19,BL-260619-18834,Zomato,Masala Chai,83.95
2026-06-19,BL-260619-18834,Zomato,Espresso,157.37
2026-06-19,BL-260619-18834,Zomato,Avocado Toast,290.03
2026-06-20,BL-260620-18837,Swiggy,Club Sandwich,334.0
2026-06-20,BL-260620-18837,Swiggy,Veg Wrap,263.84
2026-06-20,BL-260620-18840,Swiggy,Seasonal Special,360.83
2026-06-20,BL-260620-18840,Swiggy,Seasonal Special,724.82
2026-06-20,BL-260620-18843,Swiggy,Veg Wrap,266.24
2026-06-20,BL-260620-18843,Swiggy,Blueberry Muffin,144.21
2026-06-20,BL-260620-18845,Swiggy,Blueberry Muffin,144.03
2026-06-20,BL-260620-18845,Swiggy,Espresso,155.76
2026-06-20,BL-260620-18846,Zomato,Veg Wrap,267.79
2026-06-20,BL-260620-18846,Zomato,Avocado Toast,560.27
2026-06-20,BL-260620-18847,Zomato,Seasonal Special,352.34
2026-06-20,BL-260620-18847,Zomato,Veg Wrap,539.77
2026-06-20,BL-260620-18848,Swiggy,Seasonal Special,359.61
2026-06-20,BL-260620-18852,Swiggy,Cold Brew,223.88
2026-06-20,BL-260620-18852,Swiggy,Masala Chai,82.29
2026-06-20,BL-260620-18853,Zomato,Veg Wrap,269.65
2026-06-20,BL-260620-18855,Zomato,Iced Latte,251.03
2026-06-20,BL-260620-18855,Zomato,Veg Wrap,271.23
2026-06-20,BL-260620-18856,Zomato,Veg Wrap,272.81
2026-06-20,BL-260620-18856,Zomato,Club Sandwich,328.85
2026-06-20,BL-260620-18866,Swiggy,Seasonal Special,365.26
2026-06-20,BL-260620-18867,Swiggy,Blueberry Muffin,143.46
2026-06-20,BL-260620-18867,Swiggy,Club Sandwich,320.86
2026-06-20,BL-260620-18871,Zomato,Cappuccino,363.25
2026-06-20,BL-260620-18871,Zomato,Veg Wrap,271.13
2026-06-20,BL-260620-18872,Zomato,Seasonal Special,358.58
2026-06-20,BL-260620-18872,Zomato,Veg Wrap,268.15
2026-06-20,BL-260620-18874,Swiggy,Espresso,151.07
2026-06-20,BL-260620-18874,Swiggy,Cold Brew,220.33
2026-06-20,BL-260620-18875,Zomato,Masala Chai,82.84
2026-06-20,BL-260620-18876,Zomato,Club Sandwich,321.49
2026-06-20,BL-260620-18876,Zomato,Veg Wrap,260.06
2026-06-20,BL-260620-18876,Zomato,Iced Latte,500.84
2026-06-20,BL-260620-18881,Swiggy,Cold Brew,227.56
2026-06-20,BL-260620-18881,Swiggy,Masala Chai,167.72
2026-06-20,BL-260620-18882,Swiggy,Veg Wrap,535.66
2026-06-20,BL-260620-18895,Zomato,Espresso,150.55
2026-06-20,BL-260620-18895,Zomato,Espresso,154.73
2026-06-20,BL-260620-18896,Swiggy,Espresso,154.08
2026-06-20,BL-260620-18897,Zomato,Espresso,306.25
2026-06-20,BL-260620-18897,Zomato,Blueberry Muffin,144.33
2026-06-20,BL-260620-18900,Swiggy,Cappuccino,186.43
2026-06-20,BL-260620-18900,Swiggy,Blueberry Muffin,142.47
2026-06-20,BL-260620-18900,Swiggy,Masala Chai,82.46
2026-06-20,BL-260620-18901,Zomato,Seasonal Special,350.51
2026-06-20,BL-260620-18901,Zomato,Latte,200.81
2026-06-20,BL-260620-18905,Swiggy,Latte,204.95
2026-06-20,BL-260620-18905,Swiggy,Cappuccino,183.41
2026-06-20,BL-260620-18906,Swiggy,Avocado Toast,281.25
2026-06-20,BL-260620-18906,Swiggy,Seasonal Special,718.86
2026-06-20,BL-260620-18907,Swiggy,Espresso,157.36
2026-06-20,BL-260620-18907,Swiggy,Cold Brew,220.84
2026-06-20,BL-260620-18908,Swiggy,Iced Latte,241.72
2026-06-20,BL-260620-18915,Swiggy,Avocado Toast,565.34
2026-06-20,BL-260620-18915,Swiggy,Club Sandwich,328.97
2026-06-20,BL-260620-18917,Swiggy,Latte,409.01
2026-06-20,BL-260620-18917,Swiggy,Seasonal Special,365.59
2026-06-20,BL-260620-18919,Swiggy,Avocado Toast,285.13
2026-06-20,BL-260620-18923,Swiggy,Cold Brew,223.77
2026-06-20,BL-260620-18923,Swiggy,Espresso,150.71
2026-06-20,BL-260620-18923,Swiggy,Blueberry Muffin,292.86
2026-06-20,BL-260620-18925,Zomato,Cappuccino,183.16
2026-06-20,BL-260620-18926,Zomato,Veg Wrap,527.47
2026-06-20,BL-260620-18937,Zomato,Espresso,153.34
2026-06-20,BL-260620-18937,Zomato,Latte,203.59
2026-06-20,BL-260620-18940,Swiggy,Cold Brew,230.54
2026-06-20,BL-260620-18940,Swiggy,Chocolate Brownie,165.12
2026-06-20,BL-260620-18940,Swiggy,Masala Chai,162.21
2026-06-20,BL-260620-18941,Swiggy,Iced Latte,250.45
2026-06-20,BL-260620-18941,Swiggy,Cappuccino,181.33
2026-06-20,BL-260620-18942,Zomato,Iced Latte,243.91
2026-06-20,BL-260620-18942,Zomato,Iced Latte,247.66
2026-06-20,BL-260620-18945,Swiggy,Seasonal Special,358.45
2026-06-20,BL-260620-18945,Swiggy,Masala Chai,79.85
2026-06-20,BL-260620-18945,Swiggy,Latte,207.11
2026-06-20,BL-260620-18947,Zomato,Avocado Toast,292.55
2026-06-20,BL-260620-18947,Zomato,Masala Chai,83.07
2026-06-20,BL-260620-18954,Zomato,Veg Wrap,266.12
2026-06-20,BL-260620-18954,Zomato,Blueberry Muffin,141.64
2026-06-20,BL-260620-18954,Zomato,Iced Latte,493.68
2026-06-20,BL-260620-18956,Zomato,Club Sandwich,331.91
2026-06-20,BL-260620-18956,Zomato,Club Sandwich,325.82
2026-06-20,BL-260620-18957,Zomato,Cappuccino,183.31
2026-06-20,BL-260620-18958,Zomato,Iced Latte,240.11
2026-06-20,BL-260620-18958,Zomato,Cold Brew,220.86
2026-06-20,BL-260620-18958,Zomato,Club Sandwich,326.61
2026-06-20,BL-260620-18959,Swiggy,Iced Latte,239.48
2026-06-20,BL-260620-18961,Zomato,Masala Chai,166.76
2026-06-20,BL-260620-18961,Zomato,Croissant,125.78
2026-06-20,BL-260620-18962,Swiggy,Croissant,120.33
2026-06-20,BL-260620-18962,Swiggy,Club Sandwich,325.39
2026-06-20,BL-260620-18968,Swiggy,Cappuccino,180.06
2026-06-20,BL-260620-18968,Swiggy,Veg Wrap,266.79
2026-06-20,BL-260620-18968,Swiggy,Croissant,122.62
2026-06-21,BL-260621-18972,Zomato,Iced Latte,247.07
2026-06-21,BL-260621-18984,Zomato,Croissant,251.4
2026-06-21,BL-260621-18984,Zomato,Chocolate Brownie,167.69
2026-06-21,BL-260621-18984,Zomato,Espresso,313.8
2026-06-21,BL-260621-18993,Swiggy,Iced Latte,244.85
2026-06-21,BL-260621-18994,Zomato,Seasonal Special,355.82
2026-06-21,BL-260621-18994,Zomato,Veg Wrap,259.69
2026-06-21,BL-260621-18997,Swiggy,Cappuccino,181.33
2026-06-21,BL-260621-18998,Swiggy,Cold Brew,229.89
2026-06-21,BL-260621-18998,Swiggy,Avocado Toast,281.83
2026-06-21,BL-260621-19000,Zomato,Croissant,122.12
2026-06-21,BL-260621-19000,Zomato,Veg Wrap,270.54
2026-06-21,BL-260621-19000,Zomato,Espresso,151.26
2026-06-21,BL-260621-19001,Zomato,Seasonal Special,361.52
2026-06-21,BL-260621-19001,Zomato,Croissant,249.27
2026-06-21,BL-260621-19004,Swiggy,Iced Latte,244.11
2026-06-21,BL-260621-19004,Swiggy,Masala Chai,82.6
2026-06-21,BL-260621-19005,Zomato,Iced Latte,251.11
2026-06-21,BL-260621-19008,Swiggy,Blueberry Muffin,140.43
2026-06-21,BL-260621-19008,Swiggy,Espresso,302.01
2026-06-21,BL-260621-19011,Zomato,Cappuccino,187.87
2026-06-21,BL-260621-19011,Zomato,Veg Wrap,261.17
2026-06-21,BL-260621-19014,Swiggy,Veg Wrap,270.55
2026-06-21,BL-260621-19019,Zomato,Blueberry Muffin,146.03
2026-06-21,BL-260621-19019,Zomato,Masala Chai,80.23
2026-06-21,BL-260621-19024,Swiggy,Avocado Toast,292.32
2026-06-21,BL-260621-19025,Swiggy,Iced Latte,248.55
2026-06-21,BL-260621-19030-R,Swiggy,Club Sandwich,321.14
2026-06-21,BL-260621-19030-R,Swiggy,Iced Latte,248.04
2026-06-21,BL-260621-19030-R,Swiggy,Veg Wrap,538.07
2026-06-21,BL-260621-19032,Zomato,Latte,203.42
2026-06-21,BL-260621-19032,Zomato,Chocolate Brownie,164.15
2026-06-21,BL-260621-19032,Zomato,Chocolate Brownie,164.74
2026-06-21,BL-260621-19032,Zomato,Seasonal Special,360.9
2026-06-21,BL-260621-19037,Zomato,Seasonal Special,366.09
2026-06-21,BL-260621-19037,Zomato,Veg Wrap,261.13
2026-06-21,BL-260621-19042,Zomato,Cold Brew,224.06
2026-06-21,BL-260621-19042,Zomato,Avocado Toast,292.77
2026-06-21,BL-260621-19044,Zomato,Club Sandwich,331.62
2026-06-21,BL-260621-19044,Zomato,Veg Wrap,269.34
2026-06-21,BL-260621-19045,Zomato,Chocolate Brownie,160.38
2026-06-21,BL-260621-19045,Zomato,Club Sandwich,322.96
2026-06-21,BL-260621-19047,Zomato,Avocado Toast,286.75
2026-06-21,BL-260621-19047,Zomato,Croissant,125.11
2026-06-21,BL-260621-19053,Swiggy,Chocolate Brownie,160.97
2026-06-21,BL-260621-19053,Swiggy,Chocolate Brownie,160.42
2026-06-21,BL-260621-19054,Swiggy,Chocolate Brownie,163.4
2026-06-21,BL-260621-19057,Zomato,Blueberry Muffin,143.9
2026-06-21,BL-260621-19057,Zomato,Espresso,153.22
2026-06-21,BL-260621-19059,Swiggy,Veg Wrap,263.92
2026-06-21,BL-260621-19059,Swiggy,Seasonal Special,353.88
2026-06-21,BL-260621-19061,Zomato,Masala Chai,83.4
2026-06-21,BL-260621-19061,Zomato,Masala Chai,81.69
2026-06-21,BL-260621-19062,Swiggy,Cold Brew,230.24
2026-06-21,BL-260621-19062,Swiggy,Seasonal Special,355.63
2026-06-21,BL-260621-19062,Swiggy,Veg Wrap,267.25
2026-06-21,BL-260621-19064,Zomato,Blueberry Muffin,140.73
2026-06-21,BL-260621-19064,Zomato,Avocado Toast,286.15
2026-06-21,BL-260621-19067,Zomato,Chocolate Brownie,325.53
2026-06-21,BL-260621-19067,Zomato,Seasonal Special,352.87
2026-06-21,BL-260621-19071,Swiggy,Avocado Toast,287.02
2026-06-21,BL-260621-19071,Swiggy,Seasonal Special,355.96
2026-06-21,BL-260621-19071,Swiggy,Latte,209.49
2026-06-21,BL-260621-19073,Swiggy,Avocado Toast,286.92
2026-06-21,BL-260621-19073,Swiggy,Seasonal Special,357.16
2026-06-21,BL-260621-19073,Swiggy,Iced Latte,251.67
2026-06-21,BL-260621-19073,Swiggy,Croissant,125.97
2026-06-21,BL-260621-19076,Swiggy,Seasonal Special,362.64
2026-06-21,BL-260621-19076,Swiggy,Cold Brew,224.88
2026-06-21,BL-260621-19076,Swiggy,Avocado Toast,286.47
2026-06-21,BL-260621-19079,Swiggy,Croissant,122.43
2026-06-21,BL-260621-19080,Zomato,Latte,209.33
2026-06-21,BL-260621-19080,Zomato,Cappuccino,180.08
2026-06-21,BL-260621-19081,Zomato,Seasonal Special,366.84
2026-06-21,BL-260621-19082,Zomato,Chocolate Brownie,165.77
2026-06-21,BL-260621-19084,Zomato,Cold Brew,227.41
2026-06-21,BL-260621-19088,Zomato,Blueberry Muffin,146.83
2026-06-21,BL-260621-19089,Swiggy,Espresso,152.98
2026-06-21,BL-260621-19089,Swiggy,Croissant,121.56
2026-06-21,BL-260621-19090,Zomato,Iced Latte,251.01
2026-06-21,BL-260621-19090,Zomato,Avocado Toast,285.35
2026-06-21,BL-260621-19092,Zomato,Cold Brew,225.85
2026-06-21,BL-260621-19092,Zomato,Croissant,122.13
2026-06-21,BL-260621-19092,Zomato,Iced Latte,242.41
2026-06-21,BL-260621-19093,Zomato,Avocado Toast,285.73
2026-06-21,BL-260621-19093,Zomato,Croissant,125.87
2026-06-21,BL-260621-19096,Zomato,Blueberry Muffin,141.25
2026-06-21,BL-260621-19096,Zomato,Latte,404.88
2026-06-21,BL-260621-19096,Zomato,Seasonal Special,714.71
2026-06-21,BL-260621-19096,Zomato,Veg Wrap,268.15
2026-06-21,BL-260621-19098,Swiggy,Seasonal Special,359.82
2026-06-21,BL-260621-19099,Zomato,Latte,202.16
2026-06-21,BL-260621-19099,Zomato,Croissant,242.2
2026-06-21,BL-260621-19101,Zomato,Espresso,157.04
2026-06-21,BL-260621-19101,Zomato,Blueberry Muffin,142.05
2026-06-22,BL-260622-19103,Swiggy,Cold Brew,228.44
2026-06-22,BL-260622-19108,Swiggy,Avocado Toast,287.2
2026-06-22,BL-260622-19113,Swiggy,Espresso,152.77
2026-06-22,BL-260622-19113,Swiggy,Cappuccino,188.66
2026-06-22,BL-260622-19114,Zomato,Latte,402.26
2026-06-22,BL-260622-19117,Zomato,Club Sandwich,335.79
2026-06-22,BL-260622-19117,Zomato,Blueberry Muffin,141.85
2026-06-22,BL-260622-19123,Swiggy,Veg Wrap,268.35
2026-06-22,BL-260622-19123,Swiggy,Cold Brew,226.56
2026-06-22,BL-260622-19124,Zomato,Espresso,150.81
2026-06-22,BL-260622-19124,Zomato,Iced Latte,247.41
2026-06-22,BL-260622-19126,Swiggy,Veg Wrap,270.59
2026-06-22,BL-260622-19126,Swiggy,Latte,205.56
2026-06-22,BL-260622-19126,Swiggy,Cappuccino,185.6
2026-06-22,BL-260622-19129,Swiggy,Seasonal Special,361.48
2026-06-22,BL-260622-19129,Swiggy,Seasonal Special,356.1
2026-06-22,BL-260622-19130,Swiggy,Chocolate Brownie,323.78
2026-06-22,BL-260622-19130,Swiggy,Cold Brew,446.89
2026-06-22,BL-260622-19132,Swiggy,Espresso,299.36
2026-06-22,BL-260622-19133,Zomato,Cappuccino,179.68
2026-06-22,BL-260622-19133,Zomato,Avocado Toast,283.54
2026-06-22,BL-260622-19133,Zomato,Blueberry Muffin,143.5
2026-06-22,BL-260622-19137,Zomato,Blueberry Muffin,139.9
2026-06-22,BL-260622-19137,Zomato,Cold Brew,226.64
2026-06-22,BL-260622-19139,Zomato,Cold Brew,221.58
2026-06-22,BL-260622-19139,Zomato,Chocolate Brownie,163.32
2026-06-22,BL-260622-19139,Zomato,Cappuccino,360.79
2026-06-22,BL-260622-19140,Swiggy,Chocolate Brownie,159.63
2026-06-22,BL-260622-19140,Swiggy,Chocolate Brownie,163.29
2026-06-22,BL-260622-19141,Swiggy,Club Sandwich,332.87
2026-06-22,BL-260622-19141,Swiggy,Croissant,125.36
2026-06-22,BL-260622-19142,Swiggy,Veg Wrap,269.23
2026-06-22,BL-260622-19142,Swiggy,Masala Chai,80.7
2026-06-22,BL-260622-19144,Zomato,Latte,203.79
2026-06-22,BL-260622-19144,Zomato,Veg Wrap,271.49
2026-06-22,BL-260622-19145,Swiggy,Chocolate Brownie,164.56
2026-06-22,BL-260622-19145,Swiggy,Club Sandwich,320.64
2026-06-22,BL-260622-19145,Swiggy,Veg Wrap,265.83
2026-06-22,BL-260622-19146,Zomato,Cappuccino,180.33
2026-06-22,BL-260622-19146,Zomato,Cold Brew,225.46
2026-06-22,BL-260622-19146,Zomato,Seasonal Special,362.18
2026-06-22,BL-260622-19149,Swiggy,Latte,200.61
2026-06-22,BL-260622-19150,Zomato,Chocolate Brownie,167.57
2026-06-22,BL-260622-19151,Zomato,Iced Latte,246.4
2026-06-22,BL-260622-19151,Zomato,Croissant,120.74
2026-06-22,BL-260622-19154,Zomato,Veg Wrap,262.74
2026-06-22,BL-260622-19154,Zomato,Cold Brew,449.04
2026-06-22,BL-260622-19154,Zomato,Iced Latte,248.09
2026-06-22,BL-260622-19157,Swiggy,Blueberry Muffin,140.01
2026-06-22,BL-260622-19157,Swiggy,Club Sandwich,330.06
2026-06-22,BL-260622-19171,Zomato,Iced Latte,245.93
2026-06-22,BL-260622-19173,Swiggy,Club Sandwich,323.97
2026-06-22,BL-260622-19173,Swiggy,Latte,201.94
2026-06-22,BL-260622-19175,Swiggy,Iced Latte,242.14
2026-06-22,BL-260622-19175,Swiggy,Club Sandwich,332.59
2026-06-22,BL-260622-19175,Swiggy,Croissant,125.64
2026-06-22,BL-260622-19177,Swiggy,Seasonal Special,360.77
2026-06-22,BL-260622-19178,Zomato,Croissant,122.15
2026-06-22,BL-260622-19178,Zomato,Cold Brew,452.17
2026-06-22,BL-260622-19180,Swiggy,Seasonal Special,350.66
2026-06-22,BL-260622-19181,Zomato,Cold Brew,221.58
2026-06-22,BL-260622-19184,Swiggy,Masala Chai,81.12
2026-06-22,BL-260622-19184,Swiggy,Croissant,124.41
2026-06-22,BL-260622-19185,Swiggy,Seasonal Special,356.77
2026-06-22,BL-260622-19185,Swiggy,Espresso,153.54
2026-06-22,BL-260622-19187,Zomato,Cappuccino,184.41
2026-06-22,BL-260622-19190,Zomato,Blueberry Muffin,140.02
2026-06-22,BL-260622-19190,Zomato,Veg Wrap,265.9
2026-06-22,BL-260622-19191,Swiggy,Masala Chai,161.16
2026-06-22,BL-260622-19191,Swiggy,Masala Chai,83.64
2026-06-22,BL-260622-19191,Swiggy,Club Sandwich,328.28
2026-06-23,BL-260623-19198,Swiggy,Veg Wrap,270.0
2026-06-23,BL-260623-19201,Swiggy,Cold Brew,222.94
2026-06-23,BL-260623-19203,Zomato,Croissant,122.58
2026-06-23,BL-260623-19203,Zomato,Club Sandwich,653.42
2026-06-23,BL-260623-19206,Swiggy,Cold Brew,221.57
2026-06-23,BL-260623-19207,Zomato,Blueberry Muffin,141.11
2026-06-23,BL-260623-19207,Zomato,Iced Latte,243.15
2026-06-23,BL-260623-19207,Zomato,Masala Chai,83.1
2026-06-23,BL-260623-19208,Swiggy,Chocolate Brownie,165.05
2026-06-23,BL-260623-19209,Swiggy,Masala Chai,82.94
2026-06-23,BL-260623-19209,Swiggy,Latte,209.6
2026-06-23,BL-260623-19210,Zomato,Iced Latte,241.6
2026-06-23,BL-260623-19210,Zomato,Iced Latte,249.0
2026-06-23,BL-260623-19210,Zomato,Cappuccino,187.13
2026-06-23,BL-260623-19220,Swiggy,Masala Chai,80.69
2026-06-23,BL-260623-19221,Zomato,Croissant,123.93
2026-06-23,BL-260623-19227,Swiggy,Veg Wrap,265.07
2026-06-23,BL-260623-19227,Swiggy,Masala Chai,83.36
2026-06-23,BL-260623-19228,Swiggy,Cappuccino,179.75
2026-06-23,BL-260623-19229,Swiggy,Masala Chai,81.74
2026-06-23,BL-260623-19229,Swiggy,Croissant,122.17
2026-06-23,BL-260623-19230,Swiggy,Iced Latte,242.95
2026-06-23,BL-260623-19230,Swiggy,Cappuccino,181.05
2026-06-23,BL-260623-19232,Zomato,Iced Latte,240.44
2026-06-23,BL-260623-19237,Zomato,Latte,207.08
2026-06-23,BL-260623-19237,Zomato,Cappuccino,377.18
2026-06-23,BL-260623-19237,Zomato,Cappuccino,186.25
2026-06-23,BL-260623-19237,Zomato,Cold Brew,223.56
2026-06-23,BL-260623-19238,Swiggy,Avocado Toast,569.8
2026-06-23,BL-260623-19238,Swiggy,Cappuccino,371.22
2026-06-23,BL-260623-19240,Swiggy,Avocado Toast,566.81
2026-06-23,BL-260623-19240,Swiggy,Iced Latte,487.09
2026-06-23,BL-260623-19241,Zomato,Espresso,155.4
2026-06-23,BL-260623-19241,Zomato,Cold Brew,458.11
2026-06-23,BL-260623-19244,Zomato,Cold Brew,225.09
2026-06-23,BL-260623-19244,Zomato,Espresso,157.38
2026-06-23,BL-260623-19245,Zomato,Cold Brew,229.53
2026-06-23,BL-260623-19245,Zomato,Croissant,125.12
2026-06-23,BL-260623-19251,Zomato,Latte,200.06
2026-06-23,BL-260623-19251,Zomato,Cappuccino,183.47
2026-06-23,BL-260623-19254,Swiggy,Iced Latte,487.32
2026-06-23,BL-260623-19254,Swiggy,Seasonal Special,355.52
2026-06-23,BL-260623-19256,Swiggy,Seasonal Special,354.7
2026-06-23,BL-260623-19258,Swiggy,Espresso,156.23
2026-06-23,BL-260623-19258,Swiggy,Chocolate Brownie,320.63
2026-06-23,BL-260623-19258,Swiggy,Latte,208.04
2026-06-23,BL-260623-19259,Zomato,Cold Brew,228.09
2026-06-23,BL-260623-19259,Zomato,Masala Chai,80.79
2026-06-23,BL-260623-19261,Zomato,Latte,414.09
2026-06-23,BL-260623-19261,Zomato,Cappuccino,361.13
2026-06-23,BL-260623-19262,Zomato,Latte,208.57
2026-06-23,BL-260623-19262,Zomato,Blueberry Muffin,293.1
2026-06-23,BL-260623-19262,Zomato,Cold Brew,225.99
2026-06-23,BL-260623-19263,Swiggy,Croissant,120.88
2026-06-23,BL-260623-19263,Swiggy,Cappuccino,376.13
2026-06-23,BL-260623-19264,Swiggy,Espresso,156.78
2026-06-23,BL-260623-19264,Swiggy,Blueberry Muffin,290.75
2026-06-23,BL-260623-19266,Zomato,Chocolate Brownie,161.71
2026-06-23,BL-260623-19266,Zomato,Espresso,300.46
2026-06-23,BL-260623-19266,Zomato,Croissant,123.13
2026-06-23,BL-260623-19268,Swiggy,Avocado Toast,292.48
2026-06-23,BL-260623-19268,Swiggy,Cappuccino,187.15
2026-06-23,BL-260623-19268,Swiggy,Club Sandwich,643.86
2026-06-23,BL-260623-19268,Swiggy,Blueberry Muffin,286.86
2026-06-23,BL-260623-19270,Swiggy,Blueberry Muffin,143.48
2026-06-23,BL-260623-19270,Swiggy,Blueberry Muffin,291.24
2026-06-23,BL-260623-19273,Zomato,Cold Brew,229.26
2026-06-23,BL-260623-19275,Zomato,Masala Chai,83.77
2026-06-23,BL-260623-19275,Zomato,Avocado Toast,287.51
2026-06-23,BL-260623-19276,Swiggy,Espresso,153.65
2026-06-23,BL-260623-19276,Swiggy,Chocolate Brownie,329.3
2026-06-23,BL-260623-19278,Zomato,Veg Wrap,271.61
2026-06-23,BL-260623-19278,Zomato,Veg Wrap,265.21
2026-06-23,BL-260623-19278,Zomato,Latte,416.5
2026-06-23,BL-260623-19282,Swiggy,Avocado Toast,291.14
2026-06-23,BL-260623-19282,Swiggy,Latte,208.19
2026-06-23,BL-260623-19284,Zomato,Iced Latte,241.41
2026-06-23,BL-260623-19287,Swiggy,Blueberry Muffin,143.56
2026-06-23,BL-260623-19288,Swiggy,Cold Brew,223.02
2026-06-23,BL-260623-19288,Swiggy,Cappuccino,184.5
2026-06-23,BL-260623-19289,Swiggy,Chocolate Brownie,164.39
2026-06-23,BL-260623-19289,Swiggy,Blueberry Muffin,145.81
2026-06-23,BL-260623-19291,Swiggy,Avocado Toast,290.22
2026-06-24,BL-260624-19294,Zomato,Espresso,313.07
2026-06-24,BL-260624-19294,Zomato,Espresso,155.97
2026-06-24,BL-260624-19295,Zomato,Club Sandwich,322.48
2026-06-24,BL-260624-19295,Zomato,Masala Chai,82.0
2026-06-24,BL-260624-19296,Zomato,Cappuccino,187.21
2026-06-24,BL-260624-19296,Zomato,Seasonal Special,365.02
2026-06-24,BL-260624-19296,Zomato,Cold Brew,219.81
2026-06-24,BL-260624-19297,Zomato,Seasonal Special,357.57
2026-06-24,BL-260624-19297,Zomato,Veg Wrap,265.1
2026-06-24,BL-260624-19299,Swiggy,Latte,201.15
2026-06-24,BL-260624-19299,Swiggy,Iced Latte,248.51
2026-06-24,BL-260624-19301,Swiggy,Latte,205.15
2026-06-24,BL-260624-19301,Swiggy,Cold Brew,220.57
2026-06-24,BL-260624-19301,Swiggy,Veg Wrap,271.11
2026-06-24,BL-260624-19313,Zomato,Latte,206.6
2026-06-24,BL-260624-19313,Zomato,Masala Chai,79.84
2026-06-24,BL-260624-19313,Zomato,Croissant,243.86
2026-06-24,BL-260624-19314,Zomato,Veg Wrap,265.46
2026-06-24,BL-260624-19315,Zomato,Seasonal Special,357.68
2026-06-24,BL-260624-19316,Swiggy,Iced Latte,491.07
2026-06-24,BL-260624-19316,Swiggy,Club Sandwich,322.64
2026-06-24,BL-260624-19316,Swiggy,Blueberry Muffin,145.99
2026-06-24,BL-260624-19317,Swiggy,Club Sandwich,327.54
2026-06-24,BL-260624-19318,Swiggy,Cold Brew,222.33
2026-06-24,BL-260624-19318,Swiggy,Cappuccino,182.08
2026-06-24,BL-260624-19321,Swiggy,Cold Brew,443.29
2026-06-24,BL-260624-19321,Swiggy,Latte,203.6
2026-06-24,BL-260624-19321,Swiggy,Blueberry Muffin,145.68
2026-06-24,BL-260624-19324,Zomato,Cold Brew,229.42
2026-06-24,BL-260624-19326,Swiggy,Avocado Toast,291.5
2026-06-24,BL-260624-19326,Swiggy,Veg Wrap,263.99
2026-06-24,BL-260624-19334,Swiggy,Chocolate Brownie,159.94
2026-06-24,BL-260624-19336,Zomato,Espresso,155.15
2026-06-24,BL-260624-19339,Swiggy,Espresso,314.22
2026-06-24,BL-260624-19339,Swiggy,Latte,207.99
2026-06-24,BL-260624-19342,Zomato,Veg Wrap,271.8
2026-06-24,BL-260624-19345,Zomato,Iced Latte,246.36
2026-06-24,BL-260624-19345,Zomato,Avocado Toast,573.58
2026-06-24,BL-260624-19345,Zomato,Croissant,121.59
2026-06-24,BL-260624-19346,Swiggy,Latte,201.62
2026-06-24,BL-260624-19346,Swiggy,Espresso,153.12
2026-06-24,BL-260624-19346,Swiggy,Seasonal Special,353.27
2026-06-24,BL-260624-19351,Zomato,Croissant,122.41
2026-06-24,BL-260624-19351,Zomato,Cold Brew,230.17
2026-06-24,BL-260624-19352,Zomato,Cold Brew,458.38
2026-06-24,BL-260624-19352,Zomato,Espresso,149.7
2026-06-24,BL-260624-19354,Zomato,Veg Wrap,266.27
2026-06-24,BL-260624-19355,Zomato,Latte,204.7
2026-06-24,BL-260624-19355,Zomato,Chocolate Brownie,165.93
2026-06-24,BL-260624-19358,Swiggy,Chocolate Brownie,166.45
2026-06-24,BL-260624-19358,Swiggy,Latte,209.05
2026-06-24,BL-260624-19362,Swiggy,Espresso,153.06
2026-06-24,BL-260624-19364,Zomato,Cappuccino,185.46
2026-06-24,BL-260624-19364,Zomato,Club Sandwich,639.73
2026-06-24,BL-260624-19365,Swiggy,Latte,205.9
2026-06-24,BL-260624-19366,Swiggy,Espresso,156.92
2026-06-24,BL-260624-19366,Swiggy,Latte,202.74
2026-06-24,BL-260624-19367,Swiggy,Blueberry Muffin,143.13
2026-06-24,BL-260624-19367,Swiggy,Chocolate Brownie,165.84
2026-06-24,BL-260624-19368,Swiggy,Cold Brew,226.51
2026-06-24,BL-260624-19368,Swiggy,Iced Latte,249.23
2026-06-24,BL-260624-19370,Swiggy,Latte,402.0
2026-06-24,BL-260624-19372,Swiggy,Club Sandwich,329.03
2026-06-24,BL-260624-19372,Swiggy,Avocado Toast,288.06
2026-06-24,BL-260624-19373,Swiggy,Cappuccino,181.43
2026-06-24,BL-260624-19373,Swiggy,Cold Brew,219.83
2026-06-24,BL-260624-19373,Swiggy,Chocolate Brownie,166.28
2026-06-24,BL-260624-19374,Zomato,Cold Brew,230.97
2026-06-24,BL-260624-19376,Zomato,Seasonal Special,356.53
2026-06-24,BL-260624-19380,Swiggy,Avocado Toast,281.1
2026-06-24,BL-260624-19380,Swiggy,Espresso,151.56
2026-06-24,BL-260624-19381,Zomato,Iced Latte,246.72
2026-06-24,BL-260624-19384,Swiggy,Veg Wrap,536.61
2026-06-24,BL-260624-19385,Zomato,Club Sandwich,326.69
2026-06-24,BL-260624-19385,Zomato,Iced Latte,241.5
2026-06-24,BL-260624-19385,Zomato,Chocolate Brownie,163.0
2026-06-24,BL-260624-19386,Swiggy,Espresso,150.46
2026-06-24,BL-260624-19386,Swiggy,Masala Chai,80.13
2026-06-25,BL-260625-19392,Zomato,Croissant,242.39
2026-06-25,BL-260625-19393,Zomato,Blueberry Muffin,142.42
2026-06-25,BL-260625-19393,Zomato,Veg Wrap,268.97
2026-06-25,BL-260625-19393,Zomato,Seasonal Special,353.71
2026-06-25,BL-260625-19395,Swiggy,Blueberry Muffin,144.12
2026-06-25,BL-260625-19395,Swiggy,Club Sandwich,319.96
2026-06-25,BL-260625-19395,Swiggy,Espresso,152.54
2026-06-25,BL-260625-19396,Zomato,Cold Brew,220.61
2026-06-25,BL-260625-19396,Zomato,Club Sandwich,651.13
2026-06-25,BL-260625-19398,Swiggy,Croissant,125.35
2026-06-25,BL-260625-19399,Zomato,Espresso,151.48
2026-06-25,BL-260625-19399,Zomato,Masala Chai,82.15
2026-06-25,BL-260625-19404,Swiggy,Latte,205.53
2026-06-25,BL-260625-19405,Swiggy,Blueberry Muffin,145.92
2026-06-25,BL-260625-19407,Zomato,Club Sandwich,331.7
2026-06-25,BL-260625-19407,Zomato,Cold Brew,229.7
2026-06-25,BL-260625-19407,Zomato,Club Sandwich,334.85
2026-06-25,BL-260625-19408,Zomato,Cappuccino,188.83
2026-06-25,BL-260625-19409,Zomato,Club Sandwich,324.45
2026-06-25,BL-260625-19413,Swiggy,Cold Brew,219.69
2026-06-25,BL-260625-19413,Swiggy,Veg Wrap,267.1
2026-06-25,BL-260625-19413,Swiggy,Avocado Toast,290.05
2026-06-25,BL-260625-19415,Swiggy,Masala Chai,82.21
2026-06-25,BL-260625-19415,Swiggy,Cappuccino,188.77
2026-06-25,BL-260625-19415,Swiggy,Masala Chai,81.21
2026-06-25,BL-260625-19415,Swiggy,Seasonal Special,365.29
2026-06-25,BL-260625-19420,Zomato,Blueberry Muffin,145.25
2026-06-25,BL-260625-19420,Zomato,Veg Wrap,272.98
2026-06-25,BL-260625-19421,Zomato,Cold Brew,229.38
2026-06-25,BL-260625-19421,Zomato,Latte,200.18
2026-06-25,BL-260625-19421,Zomato,Seasonal Special,354.84
2026-06-25,BL-260625-19428,Zomato,Club Sandwich,333.39
2026-06-25,BL-260625-19430,Swiggy,Cappuccino,181.22
2026-06-25,BL-260625-19430,Swiggy,Seasonal Special,366.2
2026-06-25,BL-260625-19431,Zomato,Seasonal Special,361.4
2026-06-25,BL-260625-19431,Zomato,Blueberry Muffin,293.38
2026-06-25,BL-260625-19431,Zomato,Chocolate Brownie,166.69
2026-06-25,BL-260625-19432,Swiggy,Masala Chai,83.82
2026-06-25,BL-260625-19432,Swiggy,Club Sandwich,663.34
2026-06-25,BL-260625-19433,Zomato,Croissant,121.33
2026-06-25,BL-260625-19434,Zomato,Chocolate Brownie,163.98
2026-06-25,BL-260625-19434,Zomato,Chocolate Brownie,165.7
2026-06-25,BL-260625-19434,Zomato,Cold Brew,229.39
2026-06-25,BL-260625-19435,Zomato,Blueberry Muffin,142.13
2026-06-25,BL-260625-19435,Zomato,Seasonal Special,361.84
2026-06-25,BL-260625-19435,Zomato,Blueberry Muffin,144.84
2026-06-25,BL-260625-19436,Swiggy,Veg Wrap,270.1
2026-06-25,BL-260625-19437,Swiggy,Avocado Toast,281.77
2026-06-25,BL-260625-19443,Swiggy,Cold Brew,230.42
2026-06-25,BL-260625-19443,Swiggy,Cold Brew,226.77
2026-06-25,BL-260625-19444,Zomato,Veg Wrap,270.76
2026-06-25,BL-260625-19449,Swiggy,Club Sandwich,328.54
2026-06-25,BL-260625-19449,Swiggy,Iced Latte,245.72
2026-06-25,BL-260625-19449,Swiggy,Cold Brew,449.59
2026-06-25,BL-260625-19456,Swiggy,Latte,202.2
2026-06-25,BL-260625-19456,Swiggy,Blueberry Muffin,143.74
2026-06-25,BL-260625-19458,Zomato,Latte,207.38
2026-06-25,BL-260625-19459,Zomato,Avocado Toast,287.83
2026-06-25,BL-260625-19459,Zomato,Blueberry Muffin,144.92
2026-06-25,BL-260625-19460,Swiggy,Espresso,151.13
2026-06-25,BL-260625-19460,Swiggy,Blueberry Muffin,146.14
2026-06-25,BL-260625-19461,Swiggy,Club Sandwich,322.79
2026-06-25,BL-260625-19462,Zomato,Croissant,125.9
2026-06-25,BL-260625-19462,Zomato,Cold Brew,225.14
2026-06-25,BL-260625-19463,Zomato,Club Sandwich,334.91
2026-06-25,BL-260625-19463,Zomato,Chocolate Brownie,160.99
2026-06-25,BL-260625-19466,Zomato,Cold Brew,227.32
2026-06-25,BL-260625-19469,Zomato,Espresso,151.3
2026-06-25,BL-260625-19469,Zomato,Veg Wrap,545.72
2026-06-25,BL-260625-19472,Zomato,Latte,401.35
2026-06-25,BL-260625-19473,Swiggy,Club Sandwich,321.02
2026-06-25,BL-260625-19473,Swiggy,Club Sandwich,332.44
2026-06-25,BL-260625-19473,Swiggy,Masala Chai,80.21
2026-06-25,BL-260625-19474,Zomato,Avocado Toast,582.27
2026-06-25,BL-260625-19476,Zomato,Chocolate Brownie,166.27
2026-06-25,BL-260625-19476,Zomato,Club Sandwich,322.43
2026-06-25,BL-260625-19481,Swiggy,Seasonal Special,354.88
2026-06-25,BL-260625-19481,Swiggy,Cappuccino,181.06
2026-06-25,BL-260625-19483,Swiggy,Veg Wrap,270.06
2026-06-25,BL-260625-19483,Swiggy,Avocado Toast,286.15
2026-06-25,BL-260625-19484,Swiggy,Croissant,121.64
2026-06-25,BL-260625-19484,Swiggy,Avocado Toast,282.66
2026-06-25,BL-260625-19489,Swiggy,Croissant,124.39
2026-06-25,BL-260625-19489,Swiggy,Croissant,123.26
2026-06-25,BL-260625-19489,Swiggy,Espresso,156.22
2026-06-25,BL-260625-19490,Zomato,Iced Latte,242.86
2026-06-25,BL-260625-19490,Zomato,Cappuccino,180.9
2026-06-25,BL-260625-19492,Zomato,Latte,209.77
2026-06-25,BL-260625-19492,Zomato,Avocado Toast,287.19
2026-06-25,BL-260625-19492,Zomato,Iced Latte,246.8
2026-06-25,BL-260625-19498,Zomato,Espresso,151.61
2026-06-25,BL-260625-19504,Swiggy,Espresso,153.0
2026-06-25,BL-260625-19504,Swiggy,Cappuccino,371.08
2026-06-25,BL-260625-19505,Swiggy,Blueberry Muffin,283.53
2026-06-26,BL-260626-19511,Swiggy,Club Sandwich,654.06
2026-06-26,BL-260626-19511,Swiggy,Croissant,119.81
2026-06-26,BL-260626-19511,Swiggy,Avocado Toast,287.04
2026-06-26,BL-260626-19512,Zomato,Iced Latte,491.65
2026-06-26,BL-260626-19512,Zomato,Cold Brew,449.09
2026-06-26,BL-260626-19513,Swiggy,Cold Brew,223.17
2026-06-26,BL-260626-19515,Swiggy,Veg Wrap,269.89
2026-06-26,BL-260626-19515,Swiggy,Masala Chai,82.49
2026-06-26,BL-260626-19518,Swiggy,Latte,200.0
2026-06-26,BL-260626-19518,Swiggy,Iced Latte,243.24
2026-06-26,BL-260626-19523,Swiggy,Seasonal Special,353.36
2026-06-26,BL-260626-19524,Zomato,Blueberry Muffin,144.59
2026-06-26,BL-260626-19525,Zomato,Avocado Toast,585.86
2026-06-26,BL-260626-19527,Swiggy,Club Sandwich,328.81
2026-06-26,BL-260626-19527,Swiggy,Croissant,124.56
2026-06-26,BL-260626-19527,Swiggy,Latte,202.44
2026-06-26,BL-260626-19535,Zomato,Chocolate Brownie,160.76
2026-06-26,BL-260626-19535,Zomato,Blueberry Muffin,141.65
2026-06-26,BL-260626-19539,Zomato,Cold Brew,450.98
2026-06-26,BL-260626-19539,Zomato,Veg Wrap,522.78
2026-06-26,BL-260626-19539,Zomato,Cold Brew,220.56
2026-06-26,BL-260626-19540,Zomato,Cold Brew,447.79
2026-06-26,BL-260626-19540,Zomato,Cappuccino,183.28
2026-06-26,BL-260626-19542,Swiggy,Blueberry Muffin,145.54
2026-06-26,BL-260626-19542,Swiggy,Chocolate Brownie,167.5
2026-06-26,BL-260626-19544,Swiggy,Iced Latte,244.58
2026-06-26,BL-260626-19544,Swiggy,Avocado Toast,293.29
2026-06-26,BL-260626-19544,Swiggy,Blueberry Muffin,293.89
2026-06-26,BL-260626-19545,Swiggy,Avocado Toast,292.94
2026-06-26,BL-260626-19545,Swiggy,Cold Brew,221.1
2026-06-26,BL-260626-19547,Zomato,Cappuccino,182.72
2026-06-26,BL-260626-19547,Zomato,Cold Brew,222.52
2026-06-26,BL-260626-19549-R,Swiggy,Seasonal Special,366.33
2026-06-26,BL-260626-19549-R,Swiggy,Seasonal Special,360.9
2026-06-26,BL-260626-19550,Zomato,Masala Chai,81.48
2026-06-26,BL-260626-19550,Zomato,Croissant,249.07
2026-06-26,BL-260626-19550,Zomato,Cappuccino,188.79
2026-06-26,BL-260626-19550,Zomato,Masala Chai,163.72
2026-06-26,BL-260626-19553,Zomato,Cold Brew,229.75
2026-06-26,BL-260626-19553,Zomato,Espresso,149.82
2026-06-26,BL-260626-19553,Zomato,Iced Latte,251.9
2026-06-26,BL-260626-19554,Zomato,Espresso,152.62
2026-06-26,BL-260626-19554,Zomato,Club Sandwich,324.82
2026-06-26,BL-260626-19554,Zomato,Iced Latte,251.21
2026-06-26,BL-260626-19556,Zomato,Blueberry Muffin,146.35
2026-06-26,BL-260626-19556,Zomato,Avocado Toast,293.36
2026-06-26,BL-260626-19558,Zomato,Iced Latte,250.62
2026-06-26,BL-260626-19563,Swiggy,Cold Brew,225.81
2026-06-26,BL-260626-19566,Zomato,Chocolate Brownie,162.68
2026-06-26,BL-260626-19566,Zomato,Club Sandwich,334.46
2026-06-26,BL-260626-19568,Zomato,Latte,201.03
2026-06-26,BL-260626-19568,Zomato,Avocado Toast,279.33
2026-06-26,BL-260626-19569,Zomato,Veg Wrap,268.68
2026-06-26,BL-260626-19569,Zomato,Espresso,156.69
2026-06-26,BL-260626-19569,Zomato,Veg Wrap,522.9
2026-06-26,BL-260626-19572,Swiggy,Cappuccino,360.56
2026-06-26,BL-260626-19572,Swiggy,Iced Latte,239.99
2026-06-26,BL-260626-19572,Swiggy,Croissant,121.75
2026-06-26,BL-260626-19573,Swiggy,Iced Latte,489.46
2026-06-26,BL-260626-19573,Swiggy,Masala Chai,81.45
2026-06-26,BL-260626-19576,Zomato,Latte,406.81
2026-06-26,BL-260626-19576,Zomato,Masala Chai,162.27
2026-06-26,BL-260626-19576,Zomato,Latte,202.52
2026-06-26,BL-260626-19577,Zomato,Iced Latte,243.4
2026-06-26,BL-260626-19577,Zomato,Blueberry Muffin,279.83
2026-06-26,BL-260626-19579,Swiggy,Club Sandwich,320.59
2026-06-26,BL-260626-19580,Swiggy,Masala Chai,81.98
2026-06-26,BL-260626-19580,Swiggy,Iced Latte,245.11
2026-06-26,BL-260626-19580,Swiggy,Seasonal Special,365.87
2026-06-26,BL-260626-19586,Swiggy,Espresso,151.92
2026-06-26,BL-260626-19586,Swiggy,Club Sandwich,324.32
2026-06-26,BL-260626-19587,Zomato,Espresso,307.19
2026-06-26,BL-260626-19587,Zomato,Avocado Toast,288.12
2026-06-26,BL-260626-19587,Zomato,Cappuccino,179.89
2026-06-26,BL-260626-19591,Swiggy,Cold Brew,220.94
2026-06-26,BL-260626-19592,Swiggy,Seasonal Special,723.22
2026-06-26,BL-260626-19592,Swiggy,Cappuccino,181.53
2026-06-26,BL-260626-19593,Zomato,Veg Wrap,536.19
2026-06-26,BL-260626-19593,Zomato,Cold Brew,228.88
2026-06-26,BL-260626-19596,Zomato,Masala Chai,83.09
2026-06-26,BL-260626-19596,Zomato,Club Sandwich,328.35
2026-06-26,BL-260626-19600,Zomato,Latte,401.33
2026-06-26,BL-260626-19600,Zomato,Cappuccino,188.57
2026-06-26,BL-260626-19601,Swiggy,Cappuccino,187.84
2026-06-26,BL-260626-19601,Swiggy,Chocolate Brownie,162.11
2026-06-26,BL-260626-19604,Swiggy,Croissant,240.07
2026-06-26,BL-260626-19605,Swiggy,Masala Chai,80.91
2026-06-26,BL-260626-19605,Swiggy,Latte,207.38
2026-06-26,BL-260626-19606,Swiggy,Latte,202.87
2026-06-26,BL-260626-19606,Swiggy,Blueberry Muffin,146.1
2026-06-27,BL-260627-19623,Swiggy,Blueberry Muffin,141.74
2026-06-27,BL-260627-19624,Zomato,Club Sandwich,322.2
2026-06-27,BL-260627-19624,Zomato,Iced Latte,248.89
2026-06-27,BL-260627-19626,Zomato,Espresso,156.38
2026-06-27,BL-260627-19627,Swiggy,Iced Latte,246.24
2026-06-27,BL-260627-19629,Zomato,Blueberry Muffin,141.81
2026-06-27,BL-260627-19633,Swiggy,Club Sandwich,326.49
2026-06-27,BL-260627-19633,Swiggy,Veg Wrap,266.38
2026-06-27,BL-260627-19634,Zomato,Masala Chai,81.12
2026-06-27,BL-260627-19634,Zomato,Cold Brew,221.4
2026-06-27,BL-260627-19634,Zomato,Chocolate Brownie,163.62
2026-06-27,BL-260627-19635,Zomato,Veg Wrap,269.81
2026-06-27,BL-260627-19636,Zomato,Veg Wrap,267.12
2026-06-27,BL-260627-19636,Zomato,Avocado Toast,280.9
2026-06-27,BL-260627-19639,Swiggy,Chocolate Brownie,164.61
2026-06-27,BL-260627-19639,Swiggy,Avocado Toast,293.93
2026-06-27,BL-260627-19642,Swiggy,Croissant,122.11
2026-06-27,BL-260627-19642,Swiggy,Cappuccino,183.49
2026-06-27,BL-260627-19642,Swiggy,Cappuccino,183.55
2026-06-27,BL-260627-19645,Zomato,Espresso,150.77
2026-06-27,BL-260627-19645,Zomato,Latte,416.64
2026-06-27,BL-260627-19646,Zomato,Avocado Toast,284.55
2026-06-27,BL-260627-19647,Swiggy,Avocado Toast,286.73
2026-06-27,BL-260627-19647,Swiggy,Latte,417.47
2026-06-27,BL-260627-19648,Swiggy,Masala Chai,83.35
2026-06-27,BL-260627-19649,Swiggy,Veg Wrap,265.6
2026-06-27,BL-260627-19654,Zomato,Masala Chai,163.9
2026-06-27,BL-260627-19654,Zomato,Seasonal Special,353.88
2026-06-27,BL-260627-19657,Swiggy,Espresso,153.15
2026-06-27,BL-260627-19657,Swiggy,Seasonal Special,364.95
2026-06-27,BL-260627-19659,Zomato,Croissant,121.07
2026-06-27,BL-260627-19659,Zomato,Masala Chai,81.85
2026-06-27,BL-260627-19660,Zomato,Masala Chai,83.41
2026-06-27,BL-260627-19662,Zomato,Cold Brew,229.55
2026-06-27,BL-260627-19668,Zomato,Chocolate Brownie,167.1
2026-06-27,BL-260627-19668,Zomato,Latte,410.59
2026-06-27,BL-260627-19668,Zomato,Club Sandwich,335.25
2026-06-27,BL-260627-19676,Swiggy,Masala Chai,80.89
2026-06-27,BL-260627-19676,Swiggy,Cappuccino,179.82
2026-06-27,BL-260627-19677,Zomato,Blueberry Muffin,142.93
2026-06-27,BL-260627-19678,Zomato,Espresso,153.43
2026-06-27,BL-260627-19678,Zomato,Latte,208.18
2026-06-27,BL-260627-19679,Swiggy,Club Sandwich,324.46
2026-06-27,BL-260627-19679,Swiggy,Croissant,120.87
2026-06-27,BL-260627-19681,Zomato,Croissant,122.37
2026-06-27,BL-260627-19681,Zomato,Espresso,152.95
2026-06-27,BL-260627-19683,Zomato,Chocolate Brownie,322.07
2026-06-27,BL-260627-19683,Zomato,Croissant,122.93
2026-06-27,BL-260627-19683,Zomato,Latte,201.29
2026-06-27,BL-260627-19685,Zomato,Club Sandwich,332.3
2026-06-27,BL-260627-19685,Zomato,Croissant,125.27
2026-06-27,BL-260627-19686,Swiggy,Latte,419.06
2026-06-27,BL-260627-19687,Swiggy,Masala Chai,83.59
2026-06-27,BL-260627-19687,Swiggy,Cappuccino,187.66
2026-06-27,BL-260627-19687,Swiggy,Masala Chai,160.42
2026-06-27,BL-260627-19688,Zomato,Blueberry Muffin,143.48
2026-06-27,BL-260627-19688,Zomato,Cold Brew,228.26
2026-06-27,BL-260627-19689,Zomato,Chocolate Brownie,162.98
2026-06-27,BL-260627-19692,Swiggy,Latte,207.01
2026-06-27,BL-260627-19695,Swiggy,Iced Latte,239.45
2026-06-27,BL-260627-19695,Swiggy,Chocolate Brownie,160.38
2026-06-27,BL-260627-19699,Swiggy,Cappuccino,183.33
2026-06-27,BL-260627-19700,Zomato,Cappuccino,180.93
2026-06-27,BL-260627-19700,Zomato,Latte,201.61
2026-06-27,BL-260627-19700,Zomato,Avocado Toast,585.27
2026-06-27,BL-260627-19701,Zomato,Chocolate Brownie,162.29
2026-06-27,BL-260627-19701,Zomato,Blueberry Muffin,141.57
2026-06-27,BL-260627-19702,Zomato,Seasonal Special,364.5
2026-06-27,BL-260627-19702,Zomato,Club Sandwich,335.29
2026-06-27,BL-260627-19702,Zomato,Iced Latte,247.27
2026-06-27,BL-260627-19703,Swiggy,Cold Brew,228.21
2026-06-27,BL-260627-19703,Swiggy,Club Sandwich,331.84
2026-06-27,BL-260627-19708,Swiggy,Masala Chai,82.37
2026-06-27,BL-260627-19711,Zomato,Croissant,123.69
2026-06-27,BL-260627-19711,Zomato,Espresso,153.66
2026-06-27,BL-260627-19713,Zomato,Blueberry Muffin,146.53
2026-06-27,BL-260627-19720,Zomato,Cold Brew,220.81
2026-06-27,BL-260627-19720,Zomato,Iced Latte,244.21
2026-06-27,BL-260627-19720,Zomato,Chocolate Brownie,165.47
2026-06-27,BL-260627-19721,Zomato,Latte,413.58
2026-06-27,BL-260627-19729,Zomato,Latte,199.64
2026-06-27,BL-260627-19729,Zomato,Blueberry Muffin,146.17
2026-06-27,BL-260627-19735,Zomato,Cold Brew,447.83
2026-06-27,BL-260627-19735,Zomato,Seasonal Special,712.07
2026-06-27,BL-260627-19739,Swiggy,Espresso,149.86
2026-06-27,BL-260627-19739,Swiggy,Latte,206.95
2026-06-27,BL-260627-19744,Swiggy,Cappuccino,185.65
2026-06-27,BL-260627-19744,Swiggy,Seasonal Special,720.58
2026-06-27,BL-260627-19744,Swiggy,Masala Chai,82.47
2026-06-27,BL-260627-19747,Zomato,Espresso,300.74
2026-06-27,BL-260627-19747,Zomato,Blueberry Muffin,142.5
2026-06-27,BL-260627-19748,Zomato,Club Sandwich,660.66
2026-06-27,BL-260627-19749,Swiggy,Blueberry Muffin,146.31
2026-06-27,BL-260627-19749,Swiggy,Latte,202.21
2026-06-27,BL-260627-19754,Swiggy,Veg Wrap,525.33
2026-06-27,BL-260627-19754,Swiggy,Espresso,301.61
2026-06-27,BL-260627-19755,Zomato,Avocado Toast,283.77
2026-06-27,BL-260627-19755,Zomato,Seasonal Special,353.38
2026-06-27,BL-260627-19755,Zomato,Latte,200.19
2026-06-28,BL-260628-19756,Zomato,Espresso,154.71
2026-06-28,BL-260628-19756,Zomato,Cappuccino,362.69
2026-06-28,BL-260628-19757,Zomato,Espresso,312.77
2026-06-28,BL-260628-19757,Zomato,Iced Latte,496.92
2026-06-28,BL-260628-19757,Zomato,Club Sandwich,335.39
2026-06-28,BL-260628-19761,Zomato,Seasonal Special,356.04
2026-06-28,BL-260628-19770,Swiggy,Veg Wrap,264.14
2026-06-28,BL-260628-19771,Zomato,Club Sandwich,327.06
2026-06-28,BL-260628-19774,Swiggy,Chocolate Brownie,335.6
2026-06-28,BL-260628-19774,Swiggy,Latte,404.14
2026-06-28,BL-260628-19775,Swiggy,Blueberry Muffin,140.73
2026-06-28,BL-260628-19776,Swiggy,Cappuccino,181.04
2026-06-28,BL-260628-19777,Swiggy,Cold Brew,221.34
2026-06-28,BL-260628-19780,Swiggy,Masala Chai,161.62
2026-06-28,BL-260628-19780,Swiggy,Chocolate Brownie,162.5
2026-06-28,BL-260628-19781,Swiggy,Iced Latte,244.72
2026-06-28,BL-260628-19783,Zomato,Chocolate Brownie,159.76
2026-06-28,BL-260628-19784,Swiggy,Veg Wrap,266.61
2026-06-28,BL-260628-19784,Swiggy,Cappuccino,188.97
2026-06-28,BL-260628-19785,Swiggy,Masala Chai,82.92
2026-06-28,BL-260628-19785,Swiggy,Blueberry Muffin,145.18
2026-06-28,BL-260628-19786,Zomato,Seasonal Special,354.38
2026-06-28,BL-260628-19788,Zomato,Veg Wrap,265.09
2026-06-28,BL-260628-19789,Zomato,Cold Brew,221.37
2026-06-28,BL-260628-19789,Zomato,Masala Chai,83.77
2026-06-28,BL-260628-19793,Zomato,Veg Wrap,269.06
2026-06-28,BL-260628-19793,Zomato,Cappuccino,186.2
2026-06-28,BL-260628-19794,Zomato,Avocado Toast,288.67
2026-06-28,BL-260628-19794,Zomato,Cappuccino,180.74
2026-06-28,BL-260628-19794,Zomato,Chocolate Brownie,335.7
2026-06-28,BL-260628-19799,Zomato,Club Sandwich,328.28
2026-06-28,BL-260628-19802,Swiggy,Croissant,124.53
2026-06-28,BL-260628-19802,Swiggy,Club Sandwich,329.2
2026-06-28,BL-260628-19802,Swiggy,Cold Brew,220.76
2026-06-28,BL-260628-19803,Swiggy,Espresso,155.45
2026-06-28,BL-260628-19803,Swiggy,Latte,201.3
2026-06-28,BL-260628-19806,Swiggy,Latte,409.59
2026-06-28,BL-260628-19808,Swiggy,Veg Wrap,261.67
2026-06-28,BL-260628-19808,Swiggy,Espresso,156.68
2026-06-28,BL-260628-19813,Zomato,Chocolate Brownie,160.11
2026-06-28,BL-260628-19813,Zomato,Veg Wrap,265.28
2026-06-28,BL-260628-19813,Zomato,Seasonal Special,356.67
2026-06-28,BL-260628-19816,Zomato,Blueberry Muffin,140.31
2026-06-28,BL-260628-19816,Zomato,Veg Wrap,269.49
2026-06-28,BL-260628-19823,Swiggy,Veg Wrap,266.66
2026-06-28,BL-260628-19823,Swiggy,Club Sandwich,326.62
2026-06-28,BL-260628-19828,Zomato,Espresso,156.91
2026-06-28,BL-260628-19830,Zomato,Cold Brew,219.61
2026-06-28,BL-260628-19831,Zomato,Masala Chai,83.64
2026-06-28,BL-260628-19831,Zomato,Latte,410.56
2026-06-28,BL-260628-19832,Zomato,Cold Brew,221.87
2026-06-28,BL-260628-19832,Zomato,Iced Latte,241.81
2026-06-28,BL-260628-19832,Zomato,Veg Wrap,260.67
2026-06-28,BL-260628-19835,Zomato,Blueberry Muffin,142.82
2026-06-28,BL-260628-19835,Zomato,Espresso,151.05
2026-06-28,BL-260628-19835,Zomato,Masala Chai,82.19
2026-06-28,BL-260628-19841,Swiggy,Avocado Toast,285.8
2026-06-28,BL-260628-19845,Swiggy,Croissant,125.41
2026-06-28,BL-260628-19846,Zomato,Latte,199.88
2026-06-28,BL-260628-19847,Swiggy,Espresso,157.18
2026-06-28,BL-260628-19847,Swiggy,Chocolate Brownie,321.68
2026-06-28,BL-260628-19847,Swiggy,Club Sandwich,647.37
2026-06-28,BL-260628-19849,Zomato,Masala Chai,160.11
2026-06-28,BL-260628-19850,Swiggy,Blueberry Muffin,145.58
2026-06-28,BL-260628-19850,Swiggy,Seasonal Special,364.94
2026-06-28,BL-260628-19851,Zomato,Veg Wrap,272.39
2026-06-28,BL-260628-19851,Zomato,Masala Chai,82.42
2026-06-28,BL-260628-19851,Zomato,Iced Latte,240.62
2026-06-28,BL-260628-19854,Zomato,Cold Brew,222.73
2026-06-28,BL-260628-19854,Zomato,Avocado Toast,280.66
2026-06-28,BL-260628-19857,Swiggy,Avocado Toast,279.73
2026-06-28,BL-260628-19857,Swiggy,Veg Wrap,270.82
2026-06-28,BL-260628-19860,Zomato,Iced Latte,244.91
2026-06-28,BL-260628-19860,Zomato,Masala Chai,81.37
2026-06-28,BL-260628-19860,Zomato,Club Sandwich,329.78
2026-06-28,BL-260628-19861,Swiggy,Seasonal Special,355.34
2026-06-28,BL-260628-19861,Swiggy,Avocado Toast,286.18
2026-06-28,BL-260628-19861,Swiggy,Club Sandwich,334.48
2026-06-28,BL-260628-19865,Zomato,Seasonal Special,366.41
2026-06-28,BL-260628-19865,Zomato,Avocado Toast,286.36
2026-06-28,BL-260628-19866,Swiggy,Latte,206.94
2026-06-28,BL-260628-19866,Swiggy,Blueberry Muffin,142.51
2026-06-28,BL-260628-19869,Zomato,Espresso,152.67
2026-06-28,BL-260628-19871,Swiggy,Iced Latte,239.97
2026-06-28,BL-260628-19877,Swiggy,Latte,402.17
2026-06-28,BL-260628-19877,Swiggy,Veg Wrap,270.2
2026-06-28,BL-260628-19877,Swiggy,Iced Latte,244.74
2026-06-28,BL-260628-19877,Swiggy,Latte,206.17
2026-06-28,BL-260628-19878,Swiggy,Latte,402.82
2026-06-28,BL-260628-19878,Swiggy,Masala Chai,82.65
2026-06-28,BL-260628-19878,Swiggy,Latte,201.75
2026-06-28,BL-260628-19880,Swiggy,Club Sandwich,333.71
2026-06-28,BL-260628-19880,Swiggy,Espresso,156.54
2026-06-28,BL-260628-19889,Swiggy,Cold Brew,230.6
2026-06-28,BL-260628-19889,Swiggy,Seasonal Special,363.91
2026-06-28,BL-260628-19891,Swiggy,Club Sandwich,668.18
2026-06-28,BL-260628-19891,Swiggy,Espresso,155.38
2026-06-28,BL-260628-19894,Swiggy,Blueberry Muffin,144.97
2026-06-28,BL-260628-19894,Swiggy,Latte,204.45
2026-06-28,BL-260628-19898,Zomato,Chocolate Brownie,167.11
2026-06-28,BL-260628-19898,Zomato,Seasonal Special,731.77
2026-06-29,BL-260629-19901,Zomato,Croissant,124.25
2026-06-29,BL-260629-19901,Zomato,Seasonal Special,359.66
2026-06-29,BL-260629-19902,Swiggy,Cold Brew,222.93
2026-06-29,BL-260629-19907,Zomato,Club Sandwich,319.62
2026-06-29,BL-260629-19908,Zomato,Cold Brew,230.33
2026-06-29,BL-260629-19908,Zomato,Blueberry Muffin,145.76
2026-06-29,BL-260629-19908,Zomato,Cold Brew,222.79
2026-06-29,BL-260629-19909,Zomato,Iced Latte,481.53
2026-06-29,BL-260629-19909,Zomato,Avocado Toast,291.63
2026-06-29,BL-260629-19910,Swiggy,Masala Chai,80.98
2026-06-29,BL-260629-19912,Zomato,Cappuccino,183.88
2026-06-29,BL-260629-19912,Zomato,Espresso,154.94
2026-06-29,BL-260629-19913,Swiggy,Club Sandwich,329.12
2026-06-29,BL-260629-19913,Swiggy,Chocolate Brownie,326.57
2026-06-29,BL-260629-19913,Swiggy,Seasonal Special,362.81
2026-06-29,BL-260629-19915,Swiggy,Cold Brew,230.39
2026-06-29,BL-260629-19915,Swiggy,Seasonal Special,358.71
2026-06-29,BL-260629-19919,Zomato,Iced Latte,250.91
2026-06-29,BL-260629-19920,Swiggy,Espresso,154.58
2026-06-29,BL-260629-19920,Swiggy,Espresso,155.06
2026-06-29,BL-260629-19922,Zomato,Cappuccino,188.03
2026-06-29,BL-260629-19922,Zomato,Chocolate Brownie,167.48
2026-06-29,BL-260629-19925,Zomato,Blueberry Muffin,140.03
2026-06-29,BL-260629-19928,Swiggy,Cold Brew,223.26
2026-06-29,BL-260629-19928,Swiggy,Iced Latte,239.66
2026-06-29,BL-260629-19929,Swiggy,Seasonal Special,367.24
2026-06-29,BL-260629-19929,Swiggy,Cold Brew,445.35
2026-06-29,BL-260629-19935,Swiggy,Avocado Toast,290.14
2026-06-29,BL-260629-19935,Swiggy,Croissant,121.09
2026-06-29,BL-260629-19935,Swiggy,Latte,204.2
2026-06-29,BL-260629-19940,Swiggy,Veg Wrap,269.3
2026-06-29,BL-260629-19940,Swiggy,Espresso,155.6
2026-06-29,BL-260629-19940,Swiggy,Chocolate Brownie,162.56
2026-06-29,BL-260629-19944,Swiggy,Avocado Toast,578.66
2026-06-29,BL-260629-19944,Swiggy,Masala Chai,81.76
2026-06-29,BL-260629-19946,Zomato,Espresso,155.14
2026-06-29,BL-260629-19952,Swiggy,Seasonal Special,366.56
2026-06-29,BL-260629-19952,Swiggy,Club Sandwich,333.28
2026-06-29,BL-260629-19952,Swiggy,Veg Wrap,535.33
2026-06-29,BL-260629-19953,Zomato,Cold Brew,229.61
2026-06-29,BL-260629-19953,Zomato,Veg Wrap,270.53
2026-06-29,BL-260629-19955,Swiggy,Blueberry Muffin,145.91
2026-06-29,BL-260629-19956,Zomato,Seasonal Special,355.46
2026-06-29,BL-260629-19958,Swiggy,Avocado Toast,279.44
2026-06-29,BL-260629-19958,Swiggy,Cold Brew,448.89
2026-06-29,BL-260629-19962,Swiggy,Masala Chai,163.64
2026-06-29,BL-260629-19964,Zomato,Cappuccino,181.01
2026-06-29,BL-260629-19964,Zomato,Veg Wrap,267.94
2026-06-29,BL-260629-19964,Zomato,Chocolate Brownie,164.7
2026-06-29,BL-260629-19966,Zomato,Chocolate Brownie,162.01
2026-06-29,BL-260629-19966,Zomato,Latte,200.81
2026-06-29,BL-260629-19974-R,Swiggy,Club Sandwich,330.86
2026-06-29,BL-260629-19974-R,Swiggy,Iced Latte,245.7
2026-06-29,BL-260629-19975,Zomato,Club Sandwich,324.85
2026-06-29,BL-260629-19975,Zomato,Espresso,152.69
2026-06-29,BL-260629-19979,Swiggy,Club Sandwich,322.31
2026-06-29,BL-260629-19979,Swiggy,Avocado Toast,289.62
2026-06-29,BL-260629-19987,Swiggy,Avocado Toast,575.21
2026-06-29,BL-260629-19991,Zomato,Veg Wrap,259.98
2026-06-29,BL-260629-19991,Zomato,Club Sandwich,330.78
2026-06-29,BL-260629-19991,Zomato,Espresso,152.85
2026-06-29,BL-260629-19994,Zomato,Blueberry Muffin,143.92
2026-06-29,BL-260629-19994,Zomato,Cold Brew,230.05
2026-06-30,BL-260630-19999,Zomato,Veg Wrap,269.53
2026-06-30,BL-260630-19999,Zomato,Espresso,311.27
2026-06-30,BL-260630-20002,Swiggy,Masala Chai,81.05
2026-06-30,BL-260630-20002,Swiggy,Latte,208.68
2026-06-30,BL-260630-20002,Swiggy,Latte,203.78
2026-06-30,BL-260630-20004,Swiggy,Latte,208.8
2026-06-30,BL-260630-20004,Swiggy,Chocolate Brownie,161.91
2026-06-30,BL-260630-20005,Zomato,Croissant,120.19
2026-06-30,BL-260630-20005,Zomato,Blueberry Muffin,289.99
2026-06-30,BL-260630-20009,Swiggy,Cold Brew,220.37
2026-06-30,BL-260630-20009,Swiggy,Masala Chai,83.7
2026-06-30,BL-260630-20009,Swiggy,Seasonal Special,706.18
2026-06-30,BL-260630-20011,Swiggy,Latte,204.54
2026-06-30,BL-260630-20011,Swiggy,Cold Brew,226.68
2026-06-30,BL-260630-20011,Swiggy,Espresso,155.49
2026-06-30,BL-260630-20011,Swiggy,Iced Latte,251.47
2026-06-30,BL-260630-20012,Zomato,Latte,208.1
2026-06-30,BL-260630-20012,Zomato,Club Sandwich,333.13
2026-06-30,BL-260630-20013,Swiggy,Avocado Toast,574.51
2026-06-30,BL-260630-20013,Swiggy,Blueberry Muffin,141.07
2026-06-30,BL-260630-20013,Swiggy,Chocolate Brownie,166.47
2026-06-30,BL-260630-20014,Swiggy,Blueberry Muffin,141.25
2026-06-30,BL-260630-20015,Swiggy,Club Sandwich,321.48
2026-06-30,BL-260630-20015,Swiggy,Avocado Toast,282.07
2026-06-30,BL-260630-20015,Swiggy,Iced Latte,245.46
2026-06-30,BL-260630-20016,Zomato,Croissant,124.8
2026-06-30,BL-260630-20017,Zomato,Cappuccino,186.63
2026-06-30,BL-260630-20017,Zomato,Chocolate Brownie,160.34
2026-06-30,BL-260630-20018,Zomato,Avocado Toast,282.68
2026-06-30,BL-260630-20018,Zomato,Espresso,153.84
2026-06-30,BL-260630-20021,Swiggy,Cappuccino,180.88
2026-06-30,BL-260630-20021,Swiggy,Iced Latte,250.73
2026-06-30,BL-260630-20024,Zomato,Croissant,123.57
2026-06-30,BL-260630-20024,Zomato,Cold Brew,226.87
2026-06-30,BL-260630-20026,Swiggy,Cold Brew,228.89
2026-06-30,BL-260630-20030,Zomato,Croissant,240.92
2026-06-30,BL-260630-20032,Swiggy,Avocado Toast,285.16
2026-06-30,BL-260630-20035,Swiggy,Club Sandwich,326.37
2026-06-30,BL-260630-20035,Swiggy,Cold Brew,224.15
2026-06-30,BL-260630-20035,Swiggy,Iced Latte,243.6
2026-06-30,BL-260630-20041,Swiggy,Chocolate Brownie,162.3
2026-06-30,BL-260630-20041,Swiggy,Chocolate Brownie,164.68
2026-06-30,BL-260630-20042,Zomato,Avocado Toast,288.95
2026-06-30,BL-260630-20042,Zomato,Club Sandwich,321.91
2026-06-30,BL-260630-20042,Zomato,Veg Wrap,259.57
2026-06-30,BL-260630-20044,Zomato,Club Sandwich,640.65
2026-06-30,BL-260630-20044,Zomato,Avocado Toast,283.18
2026-06-30,BL-260630-20045,Zomato,Croissant,125.84
2026-06-30,BL-260630-20048,Swiggy,Latte,413.73
2026-06-30,BL-260630-20048,Swiggy,Seasonal Special,710.09
2026-06-30,BL-260630-20052,Zomato,Seasonal Special,358.12
2026-06-30,BL-260630-20056,Zomato,Espresso,151.43
2026-06-30,BL-260630-20056,Zomato,Chocolate Brownie,160.31
2026-06-30,BL-260630-20062,Zomato,Cappuccino,184.53
2026-06-30,BL-260630-20062,Zomato,Club Sandwich,329.33
2026-06-30,BL-260630-20068,Zomato,Cold Brew,222.12
2026-06-30,BL-260630-20068,Zomato,Avocado Toast,290.38
2026-06-30,BL-260630-20069,Zomato,Avocado Toast,280.8
2026-06-30,BL-260630-20069,Zomato,Espresso,154.17
2026-06-30,BL-260630-20070,Zomato,Iced Latte,501.67
2026-06-30,BL-260630-20070,Zomato,Blueberry Muffin,143.27
2026-06-30,BL-260630-20072,Swiggy,Iced Latte,247.48
2026-06-30,BL-260630-20072,Swiggy,Veg Wrap,268.77
2026-06-30,BL-260630-20076,Swiggy,Croissant,246.31
2026-06-30,BL-260630-20076,Swiggy,Masala Chai,80.25
2026-06-30,BL-260630-20077,Zomato,Club Sandwich,331.33
2026-06-30,BL-260630-20080,Swiggy,Iced Latte,482.81
2026-06-30,BL-260630-20080,Swiggy,Cappuccino,179.68
2026-06-30,BL-260630-20084,Zomato,Espresso,155.42
2026-06-30,BL-260630-20086,Swiggy,Croissant,121.94
2026-06-30,BL-260630-20086,Swiggy,Blueberry Muffin,146.38
2026-06-30,BL-260630-20087,Swiggy,Cold Brew,224.06
2026-06-30,BL-260630-20087,Swiggy,Cold Brew,228.15
2026-06-30,BL-260630-20089,Zomato,Chocolate Brownie,164.78
2026-06-30,BL-260630-20089,Zomato,Avocado Toast,292.91
2026-06-30,BL-260630-20089,Zomato,Seasonal Special,366.07
2026-06-30,BL-260630-20091,Zomato,Cold Brew,227.82
2026-06-30,BL-260630-20092,Zomato,Iced Latte,243.15
2026-06-30,BL-260630-20093,Swiggy,Seasonal Special,364.41
2026-06-30,BL-260630-20093,Swiggy,Cappuccino,185.98
2026-06-30,BL-260630-20094,Zomato,Avocado Toast,287.67
2026-06-30,BL-260630-20094,Zomato,Croissant,123.52
2026-06-30,BL-260630-20096,Zomato,Masala Chai,82.73
2026-06-30,BL-260630-20096,Zomato,Croissant,121.7
2026-06-30,BL-260630-20096,Zomato,Latte,200.25
2026-06-30,BL-260630-20096,Zomato,Iced Latte,496.65
2026-06-30,BL-260630-20097,Swiggy,Croissant,125.63
