0,1,2,3
2026-01-01,Dr Patel,pat-0468,inv-p-000005
2026-01-01,Dr Sharma,pat-0066,inv-p-000007
2026-01-01,Dr Sharma,pat-0074,inv-p-000032
2026-01-01,Dr Khan,pat-0432,inv-p-000049
2026-01-01,Dr Iyer,pat-0089,inv-p-000056
2026-01-01,Dr Sharma,pat-0105,inv-p-000065
2026-01-01,Dr Khan,pat-0161,inv-p-000076
2026-01-01,Dr Reddy,pat-0164,inv-p-000079
2026-01-01,Dr Reddy,pat-0243,inv-p-000090
2026-01-02,Dr Khan,pat-0319,inv-p-000112
2026-01-02,Dr Reddy,pat-0439,inv-p-000116
2026-01-02,Dr Reddy,pat-0372,inv-p-000120
2026-01-02,Dr Khan,pat-0086,inv-p-000121
2026-01-02,Dr Reddy,pat-0038,inv-p-000126
2026-01-02,Dr Khan,pat-0121,inv-p-000129
2026-01-02,Dr Khan,pat-0268,inv-p-000136
2026-01-02,Dr Patel,pat-0085,inv-p-000141
2026-01-02,Dr Iyer,pat-0244,inv-p-000157
2026-01-02,Dr Khan,pat-0115,inv-p-000158
2026-01-02,Dr Sharma,pat-0103,inv-p-000164
2026-01-02,Dr Patel,pat-0261,inv-p-000168
2026-01-02,Dr Reddy,pat-0360,inv-p-000170
2026-01-02,Dr Sharma,pat-0254,inv-p-000173
2026-01-02,Dr Sharma,pat-0282,inv-p-000174
2026-01-02,Dr Khan,pat-0492,inv-p-000179
2026-01-02,Dr Reddy,pat-0275,inv-p-000182
2026-01-02,Dr Khan,pat-0325,inv-p-000184
2026-01-02,Dr Patel,pat-0034,inv-p-000188
2026-01-02,Dr Iyer,pat-0390,inv-p-000191
2026-01-02,Dr Sharma,pat-0459,inv-p-000194
2026-01-02,Dr Sharma,pat-0395,inv-p-000205
2026-01-02,Dr Patel,pat-0089,inv-p-000207
2026-01-02,Dr Sharma,pat-0258,inv-p-000209
2026-01-03,Dr Patel,pat-0056,inv-p-000223
2026-01-03,Dr Reddy,pat-0112,inv-p-000225
2026-01-03,Dr Iyer,pat-0243,inv-p-000230
2026-01-03,Dr Khan,pat-0349,inv-p-000236
2026-01-03,Dr Iyer,pat-0144,inv-p-000266
2026-01-03,Dr Patel,pat-0261,inv-p-000268
2026-01-03,Dr Patel,pat-0361,inv-p-000280
2026-01-03,Dr Patel,pat-0386,inv-p-000281
2026-01-03,Dr Sharma,pat-0134,inv-p-000289
2026-01-03,Dr Reddy,pat-0176,inv-p-000294
2026-01-03,Dr Patel,pat-0292,inv-p-000298
2026-01-03,Dr Iyer,pat-0357,inv-p-000304
2026-01-03,Dr Sharma,pat-0329,inv-p-000309
2026-01-03,Dr Sharma,pat-0226,inv-p-000332
2026-01-03,Dr Sharma,pat-0389,inv-p-000335
2026-01-04,Dr Reddy,pat-0454,inv-p-000345
2026-01-04,Dr Iyer,pat-0326,inv-p-000358
2026-01-04,Dr Khan,pat-0071,inv-p-000372
2026-01-04,Dr Reddy,pat-0458,inv-p-000379
2026-01-04,Dr Patel,pat-0130,inv-p-000382
2026-01-04,Dr Reddy,pat-0107,inv-p-000387
2026-01-04,Dr Sharma,pat-0172,inv-p-000405
2026-01-04,Dr Reddy,pat-0368,inv-p-000410
2026-01-04,Dr Reddy,pat-0341,inv-p-000420
2026-01-04,Dr Sharma,pat-0051,inv-p-000430
2026-01-04,Dr Reddy,pat-0206,inv-p-000431
2026-01-04,Dr Khan,pat-0411,inv-p-000434
2026-01-04,Dr Patel,pat-0048,inv-p-000442
2026-01-04,Dr Khan,pat-0427,inv-p-000450
2026-01-04,Dr Reddy,pat-0150,inv-p-000466
2026-01-04,Dr Khan,pat-0401,inv-p-000469
2026-01-04,Dr Sharma,pat-0430,inv-p-000471
2026-01-04,Dr Sharma,pat-0112,inv-p-000472
2026-01-05,Dr Khan,pat-0021,inv-p-000484
2026-01-05,Dr Khan,pat-0029,inv-p-000486
2026-01-05,Dr Iyer,pat-0080,inv-p-000498
2026-01-05,Dr Patel,pat-0008,inv-p-000499
2026-01-05,Dr Reddy,pat-0300,inv-p-000500
2026-01-05,Dr Iyer,pat-0392,inv-p-000506
2026-01-05,Dr Khan,pat-0366,inv-p-000525
2026-01-05,Dr Patel,pat-0431,inv-p-000546
2026-01-05,Dr Patel,pat-0451,inv-p-000547
2026-01-05,Dr Reddy,pat-0469,inv-p-000551
2026-01-05,Dr Reddy,pat-0197,inv-p-000553
2026-01-05,Dr Khan,pat-0306,inv-p-000562
2026-01-05,Dr Iyer,pat-0346,inv-p-000573
2026-01-06,Dr Khan,pat-0129,inv-p-000582
2026-01-06,Dr Patel,pat-0388,inv-p-000583
2026-01-06,Dr Sharma,pat-0216,inv-p-000585
2026-01-06,Dr Khan,pat-0082,inv-p-000592
2026-01-06,Dr Reddy,pat-0234,inv-p-000596
2026-01-06,Dr Khan,pat-0430,inv-p-000603
2026-01-06,Dr Reddy,pat-0026,inv-p-000614
2026-01-06,Dr Sharma,pat-0139,inv-p-000629
2026-01-06,Dr Reddy,pat-0001,inv-p-000631
2026-01-06,Dr Khan,pat-0112,inv-p-000635
2026-01-06,Dr Khan,pat-0360,inv-p-000642
2026-01-06,Dr Patel,pat-0104,inv-p-000643
2026-01-06,Dr Khan,pat-0334,inv-p-000651
2026-01-06,Dr Iyer,pat-0108,inv-p-000653
2026-01-06,Dr Iyer,pat-0163,inv-p-000673
2026-01-06,Dr Reddy,pat-0139,inv-p-000677
2026-01-07,Dr Reddy,pat-0333,inv-p-000688
2026-01-07,Dr Patel,pat-0364,inv-p-000696
2026-01-07,Dr Reddy,pat-0057,inv-p-000701
2026-01-07,Dr Reddy,pat-0484,inv-p-000704
2026-01-07,Dr Khan,pat-0043,inv-p-000705
2026-01-07,Dr Sharma,pat-0309,inv-p-000709
2026-01-07,Dr Reddy,pat-0435,inv-p-000713
2026-01-07,Dr Patel,pat-0191,inv-p-000739
2026-01-07,Dr Khan,pat-0363,inv-p-000767
2026-01-08,Dr Khan,pat-0356,inv-p-000782
2026-01-08,Dr Khan,pat-0151,inv-p-000784
2026-01-08,Dr Sharma,pat-0016,inv-p-000798
2026-01-08,Dr Sharma,pat-0481,inv-p-000800
2026-01-08,Dr Reddy,pat-0166,inv-p-000812
2026-01-08,Dr Khan,pat-0453,inv-p-000829
2026-01-08,Dr Iyer,pat-0358,inv-p-000854
2026-01-08,Dr Iyer,pat-0399,inv-p-000866
2026-01-08,Dr Sharma,pat-0020,inv-p-000879
2026-01-09,Dr Iyer,pat-0158,inv-p-000886
2026-01-09,Dr Khan,pat-0457,inv-p-000895
2026-01-09,Dr Khan,pat-0147,inv-p-000925
2026-01-09,Dr Patel,pat-0316,inv-p-000946
2026-01-09,Dr Sharma,pat-0323,inv-p-000947
2026-01-09,Dr Patel,pat-0348,inv-p-000956
2026-01-09,Dr Sharma,pat-0340,inv-p-000961
2026-01-09,Dr Sharma,pat-0082,inv-p-000966
2026-01-09,Dr Iyer,pat-0091,inv-p-000976
2026-01-09,Dr Iyer,pat-0383,inv-p-000978
2026-01-09,Dr Patel,pat-0107,inv-p-000981
2026-01-10,Dr Iyer,pat-0096,inv-p-001001
2026-01-10,Dr Patel,pat-0235,inv-p-001014
2026-01-10,Dr Reddy,pat-0363,inv-p-001015
2026-01-10,Dr Iyer,pat-0172,inv-p-001016
2026-01-10,Dr Patel,pat-0386,inv-p-001028
2026-01-10,Dr Sharma,pat-0472,inv-p-001030
2026-01-10,Dr Iyer,pat-0225,inv-p-001031
2026-01-10,Dr Sharma,pat-0301,inv-p-001033
2026-01-10,Dr Patel,pat-0009,inv-p-001039
2026-01-10,Dr Khan,pat-0302,inv-p-001040
2026-01-10,Dr Khan,pat-0399,inv-p-001042
2026-01-10,Dr Khan,pat-0203,inv-p-001054
2026-01-10,Dr Sharma,pat-0485,inv-p-001055
2026-01-10,Dr Sharma,pat-0203,inv-p-001063
2026-01-10,Dr Iyer,pat-0338,inv-p-001066
2026-01-10,Dr Iyer,pat-0491,inv-p-001081
2026-01-10,Dr Iyer,pat-0028,inv-p-001092
2026-01-11,Dr Iyer,pat-0303,inv-p-001131
2026-01-11,Dr Iyer,pat-0296,inv-p-001144
2026-01-11,Dr Patel,pat-0470,inv-p-001146
2026-01-11,Dr Iyer,pat-0149,inv-p-001152
2026-01-11,Dr Patel,pat-0399,inv-p-001166
2026-01-11,Dr Khan,pat-0273,inv-p-001168
2026-01-11,Dr Reddy,pat-0226,inv-p-001175
2026-01-11,Dr Iyer,pat-0071,inv-p-001184
2026-01-11,Dr Reddy,pat-0057,inv-p-001189
2026-01-11,Dr Reddy,pat-0418,inv-p-001191
2026-01-11,Dr Khan,pat-0351,inv-p-001194
2026-01-11,Dr Reddy,pat-0484,inv-p-001195
2026-01-11,Dr Reddy,pat-0473,inv-p-001203
2026-01-12,Dr Iyer,pat-0237,inv-p-001239
2026-01-12,Dr Khan,pat-0176,inv-p-001246
2026-01-12,Dr Patel,pat-0103,inv-p-001271
2026-01-12,Dr Khan,pat-0460,inv-p-001275
2026-01-12,Dr Iyer,pat-0128,inv-p-001285
2026-01-12,Dr Sharma,pat-0152,inv-p-001286
2026-01-12,Dr Khan,pat-0429,inv-p-001293
2026-01-12,Dr Patel,pat-0406,inv-p-001296
2026-01-12,Dr Sharma,pat-0430,inv-p-001301
2026-01-12,Dr Khan,pat-0029,inv-p-001306
2026-01-12,Dr Iyer,pat-0482,inv-p-001307
2026-01-12,Dr Iyer,pat-0110,inv-p-001308
2026-01-12,Dr Patel,pat-0334,inv-p-001309
2026-01-12,Dr Iyer,pat-0303,inv-p-001311
2026-01-12,Dr Reddy,pat-0485,inv-p-001317
2026-01-13,Dr Sharma,pat-0450,inv-p-001331
2026-01-13,Dr Iyer,pat-0470,inv-p-001343
2026-01-13,Dr Sharma,pat-0188,inv-p-001353
2026-01-13,Dr Reddy,pat-0478,inv-p-001355
2026-01-13,Dr Iyer,pat-0229,inv-p-001358
2026-01-13,Dr Sharma,pat-0064,inv-p-001361
2026-01-13,Dr Khan,pat-0202,inv-p-001363
2026-01-13,Dr Iyer,pat-0250,inv-p-001365
2026-01-13,Dr Khan,pat-0295,inv-p-001367
2026-01-13,Dr Patel,pat-0002,inv-p-001373
2026-01-13,Dr Sharma,pat-0402,inv-p-001375
2026-01-13,Dr Patel,pat-0043,inv-p-001379
2026-01-13,Dr Reddy,pat-0143,inv-p-001380
2026-01-13,Dr Khan,pat-0208,inv-p-001381
2026-01-13,Dr Sharma,pat-0058,inv-p-001383
2026-01-13,Dr Patel,pat-0415,inv-p-001396
2026-01-13,Dr Khan,pat-0494,inv-p-001400
2026-01-13,Dr Khan,pat-0438,inv-p-001415
2026-01-13,Dr Khan,pat-0271,inv-p-001418
2026-01-14,Dr Patel,pat-0001,inv-p-001433
2026-01-14,Dr Patel,pat-0338,inv-p-001436
2026-01-14,Dr Sharma,pat-0211,inv-p-001438
2026-01-14,Dr Sharma,pat-0312,inv-p-001448
2026-01-14,Dr Reddy,pat-0012,inv-p-001451
2026-01-14,Dr Iyer,pat-0056,inv-p-001452
2026-01-14,Dr Patel,pat-0227,inv-p-001462
2026-01-14,Dr Iyer,pat-0272,inv-p-001463
2026-01-14,Dr Iyer,pat-0301,inv-p-001465
2026-01-14,Dr Patel,pat-0126,inv-p-001476
2026-01-14,Dr Iyer,pat-0500,inv-p-001480
2026-01-14,Dr Patel,pat-0460,inv-p-001493
2026-01-14,Dr Patel,pat-0088,inv-p-001510
2026-01-14,Dr Khan,pat-0109,inv-p-001526
2026-01-15,Dr Iyer,pat-0066,inv-p-001550
2026-01-15,Dr Khan,pat-0162,inv-p-001555
2026-01-15,Dr Sharma,pat-0452,inv-p-001562
2026-01-15,Dr Patel,pat-0281,inv-p-001568
2026-01-15,Dr Khan,pat-0406,inv-p-001588
2026-01-15,Dr Iyer,pat-0339,inv-p-001590
2026-01-15,Dr Khan,pat-0387,inv-p-001598
2026-01-15,Dr Khan,pat-0107,inv-p-001600
2026-01-15,Dr Sharma,pat-0014,inv-p-001607
2026-01-15,Dr Sharma,pat-0021,inv-p-001608
2026-01-15,Dr Khan,pat-0299,inv-p-001619
2026-01-15,Dr Reddy,pat-0232,inv-p-001625
2026-01-15,Dr Patel,pat-0429,inv-p-001627
2026-01-15,Dr Reddy,pat-0087,inv-p-001631
2026-01-15,Dr Reddy,pat-0221,inv-p-001638
2026-01-15,Dr Sharma,pat-0475,inv-p-001639
2026-01-16,Dr Reddy,pat-0013,inv-p-001683
2026-01-16,Dr Patel,pat-0416,inv-p-001687
2026-01-16,Dr Reddy,pat-0113,inv-p-001699
2026-01-16,Dr Patel,pat-0109,inv-p-001705
2026-01-16,Dr Patel,pat-0442,inv-p-001707
2026-01-16,Dr Sharma,pat-0052,inv-p-001714
2026-01-16,Dr Sharma,pat-0226,inv-p-001716
2026-01-16,Dr Khan,pat-0111,inv-p-001726
2026-01-16,Dr Khan,pat-0052,inv-p-001730
2026-01-16,Dr Khan,pat-0265,inv-p-001732
2026-01-16,Dr Iyer,pat-0088,inv-p-001739
2026-01-16,Dr Patel,pat-0475,inv-p-001742
2026-01-17,Dr Patel,pat-0212,inv-p-001766
2026-01-17,Dr Sharma,pat-0338,inv-p-001767
2026-01-17,Dr Khan,pat-0378,inv-p-001779
2026-01-17,Dr Sharma,pat-0250,inv-p-001784
2026-01-17,Dr Iyer,pat-0301,inv-p-001787
2026-01-17,Dr Sharma,pat-0435,inv-p-001790
2026-01-17,Dr Reddy,pat-0396,inv-p-001792
2026-01-17,Dr Sharma,pat-0335,inv-p-001800
2026-01-17,Dr Iyer,pat-0465,inv-p-001804
2026-01-17,Dr Reddy,pat-0166,inv-p-001809
2026-01-17,Dr Reddy,pat-0015,inv-p-001812
2026-01-17,Dr Reddy,pat-0383,inv-p-001814
2026-01-17,Dr Patel,pat-0379,inv-p-001824
2026-01-17,Dr Patel,pat-0200,inv-p-001827
2026-01-17,Dr Reddy,pat-0437,inv-p-001828
2026-01-17,Dr Reddy,pat-0092,inv-p-001836
2026-01-17,Dr Iyer,pat-0168,inv-p-001837
2026-01-17,Dr Reddy,pat-0212,inv-p-001849
2026-01-17,Dr Iyer,pat-0207,inv-p-001851
2026-01-17,Dr Patel,pat-0455,inv-p-001860
2026-01-17,Dr Khan,pat-0034,inv-p-001870
2026-01-18,Dr Reddy,pat-0180,inv-p-001876
2026-01-18,Dr Sharma,pat-0491,inv-p-001890
2026-01-18,Dr Khan,pat-0109,inv-p-001902
2026-01-18,Dr Khan,pat-0306,inv-p-001904
2026-01-18,Dr Sharma,pat-0268,inv-p-001921
2026-01-18,Dr Sharma,pat-0071,inv-p-001950
2026-01-18,Dr Khan,pat-0492,inv-p-001954
2026-01-18,Dr Sharma,pat-0498,inv-p-001963
2026-01-18,Dr Iyer,pat-0134,inv-p-001971
2026-01-18,Dr Iyer,pat-0301,inv-p-001972
2026-01-18,Dr Sharma,pat-0316,inv-p-001985
2026-01-19,Dr Patel,pat-0156,inv-p-002000
2026-01-19,Dr Sharma,pat-0202,inv-p-002003
2026-01-19,Dr Khan,pat-0179,inv-p-002014
2026-01-19,Dr Iyer,pat-0461,inv-p-002038
2026-01-19,Dr Reddy,pat-0208,inv-p-002044
2026-01-19,Dr Reddy,pat-0383,inv-p-002048
2026-01-19,Dr Sharma,pat-0054,inv-p-002056
2026-01-19,Dr Khan,pat-0154,inv-p-002067
2026-01-19,Dr Khan,pat-0208,inv-p-002070
2026-01-19,Dr Iyer,pat-0189,inv-p-002071
2026-01-19,Dr Patel,pat-0050,inv-p-002073
2026-01-19,Dr Iyer,pat-0411,inv-p-002076
2026-01-19,Dr Khan,pat-0056,inv-p-002079
2026-01-19,Dr Reddy,pat-0431,inv-p-002085
2026-01-19,Dr Sharma,pat-0453,inv-p-002086
2026-01-19,Dr Iyer,pat-0374,inv-p-002092
2026-01-19,Dr Khan,pat-0454,inv-p-002098
2026-01-20,Dr Khan,pat-0202,inv-p-002105
2026-01-20,Dr Sharma,pat-0426,inv-p-002114
2026-01-20,Dr Iyer,pat-0325,inv-p-002117
2026-01-20,Dr Khan,pat-0331,inv-p-002125
2026-01-20,Dr Patel,pat-0224,inv-p-002143
2026-01-20,Dr Reddy,pat-0278,inv-p-002149
2026-01-20,Dr Reddy,pat-0228,inv-p-002158
2026-01-20,Dr Khan,pat-0413,inv-p-002166
2026-01-20,Dr Khan,pat-0369,inv-p-002169
2026-01-20,Dr Khan,pat-0414,inv-p-002184
2026-01-20,Dr Sharma,pat-0049,inv-p-002202
2026-01-21,Dr Iyer,pat-0184,inv-p-002218
2026-01-21,Dr Iyer,pat-0418,inv-p-002220
2026-01-21,Dr Reddy,pat-0479,inv-p-002225
2026-01-21,Dr Reddy,pat-0465,inv-p-002230
2026-01-21,Dr Iyer,pat-0431,inv-p-002231
2026-01-21,Dr Sharma,pat-0037,inv-p-002235
2026-01-21,Dr Patel,pat-0019,inv-p-002245
2026-01-21,Dr Patel,pat-0036,inv-p-002263
2026-01-21,Dr Reddy,pat-0004,inv-p-002266
2026-01-21,Dr Sharma,pat-0262,inv-p-002275
2026-01-21,Dr Iyer,pat-0370,inv-p-002279
2026-01-21,Dr Sharma,pat-0483,inv-p-002297
2026-01-21,Dr Patel,pat-0321,inv-p-002298
2026-01-21,Dr Sharma,pat-0293,inv-p-002301
2026-01-21,Dr Reddy,pat-0288,inv-p-002308
2026-01-21,Dr Khan,pat-0315,inv-p-002311
2026-01-22,Dr Khan,pat-0317,inv-p-002315
2026-01-22,Dr Patel,pat-0315,inv-p-002320
2026-01-22,Dr Reddy,pat-0135,inv-p-002329
2026-01-22,Dr Sharma,pat-0036,inv-p-002336
2026-01-22,Dr Sharma,pat-0486,inv-p-002344
2026-01-22,Dr Sharma,pat-0382,inv-p-002348
2026-01-22,Dr Khan,pat-0340,inv-p-002352
2026-01-22,Dr Sharma,pat-0492,inv-p-002357
2026-01-22,Dr Patel,pat-0362,inv-p-002360
2026-01-22,Dr Khan,pat-0166,inv-p-002362
2026-01-22,Dr Khan,pat-0440,inv-p-002365
2026-01-22,Dr Sharma,pat-0378,inv-p-002375
2026-01-22,Dr Iyer,pat-0182,inv-p-002387
2026-01-22,Dr Reddy,pat-0185,inv-p-002398
2026-01-22,Dr Reddy,pat-0114,inv-p-002411
2026-01-22,Dr Sharma,pat-0272,inv-p-002422
2026-01-22,Dr Iyer,pat-0143,inv-p-002427
2026-01-22,Dr Reddy,pat-0255,inv-p-002431
2026-01-23,Dr Iyer,pat-0443,inv-p-002437
2026-01-23,Dr Reddy,pat-0366,inv-p-002457
2026-01-23,Dr Iyer,pat-0492,inv-p-002471
2026-01-23,Dr Iyer,pat-0357,inv-p-002476
2026-01-23,Dr Khan,pat-0410,inv-p-002485
2026-01-23,Dr Patel,pat-0046,inv-p-002486
2026-01-23,Dr Sharma,pat-0216,inv-p-002488
2026-01-23,Dr Iyer,pat-0184,inv-p-002500
2026-01-23,Dr Sharma,pat-0368,inv-p-002502
2026-01-23,Dr Iyer,pat-0090,inv-p-002505
2026-01-23,Dr Sharma,pat-0317,inv-p-002512
2026-01-23,Dr Iyer,pat-0461,inv-p-002527
2026-01-23,Dr Khan,pat-0112,inv-p-002529
2026-01-23,Dr Sharma,pat-0241,inv-p-002532
2026-01-23,Dr Khan,pat-0294,inv-p-002535
2026-01-23,Dr Khan,pat-0188,inv-p-002536
2026-01-23,Dr Patel,pat-0103,inv-p-002544
2026-01-24,Dr Iyer,pat-0037,inv-p-002550
2026-01-24,Dr Iyer,pat-0039,inv-p-002554
2026-01-24,Dr Khan,pat-0498,inv-p-002555
2026-01-24,Dr Iyer,pat-0303,inv-p-002563
2026-01-24,Dr Reddy,pat-0148,inv-p-002564
2026-01-24,Dr Reddy,pat-0229,inv-p-002569
2026-01-24,Dr Iyer,pat-0005,inv-p-002570
2026-01-24,Dr Patel,pat-0184,inv-p-002581
2026-01-24,Dr Patel,pat-0016,inv-p-002601
2026-01-24,Dr Patel,pat-0023,inv-p-002612
2026-01-24,Dr Patel,pat-0249,inv-p-002614
2026-01-24,Dr Patel,pat-0160,inv-p-002636
2026-01-24,Dr Khan,pat-0031,inv-p-002641
2026-01-24,Dr Patel,pat-0010,inv-p-002646
2026-01-24,Dr Sharma,pat-0351,inv-p-002650
2026-01-24,Dr Patel,pat-0307,inv-p-002654
2026-01-24,Dr Sharma,pat-0500,inv-p-002669
2026-01-24,Dr Sharma,pat-0449,inv-p-002681
2026-01-24,Dr Khan,pat-0442,inv-p-002684
2026-01-25,Dr Sharma,pat-0398,inv-p-002687
2026-01-25,Dr Khan,pat-0033,inv-p-002689
2026-01-25,Dr Iyer,pat-0272,inv-p-002694
2026-01-25,Dr Sharma,pat-0122,inv-p-002696
2026-01-25,Dr Sharma,pat-0474,inv-p-002699
2026-01-25,Dr Iyer,pat-0274,inv-p-002711
2026-01-25,Dr Iyer,pat-0023,inv-p-002718
2026-01-25,Dr Patel,pat-0429,inv-p-002722
2026-01-25,Dr Reddy,pat-0390,inv-p-002723
2026-01-25,Dr Patel,pat-0181,inv-p-002747
2026-01-25,Dr Patel,pat-0052,inv-p-002751
2026-01-25,Dr Sharma,pat-0087,inv-p-002755
2026-01-25,Dr Khan,pat-0421,inv-p-002758
2026-01-25,Dr Iyer,pat-0072,inv-p-002764
2026-01-25,Dr Khan,pat-0416,inv-p-002767
2026-01-25,Dr Patel,pat-0419,inv-p-002773
2026-01-25,Dr Iyer,pat-0186,inv-p-002774
2026-01-25,Dr Patel,pat-0237,inv-p-002784
2026-01-25,Dr Patel,pat-0481,inv-p-002790
2026-01-26,Dr Reddy,pat-0410,inv-p-002806
2026-01-26,Dr Patel,pat-0022,inv-p-002813
2026-01-26,Dr Patel,pat-0055,inv-p-002826
2026-01-26,Dr Sharma,pat-0414,inv-p-002831
2026-01-26,Dr Reddy,pat-0227,inv-p-002853
2026-01-26,Dr Reddy,pat-0379,inv-p-002867
2026-01-26,Dr Iyer,pat-0017,inv-p-002868
2026-01-26,Dr Khan,pat-0318,inv-p-002869
2026-01-26,Dr Sharma,pat-0448,inv-p-002872
2026-01-26,Dr Iyer,pat-0379,inv-p-002873
2026-01-26,Dr Patel,pat-0381,inv-p-002877
2026-01-26,Dr Khan,pat-0496,inv-p-002885
2026-01-26,Dr Sharma,pat-0038,inv-p-002917
2026-01-27,Dr Reddy,pat-0411,inv-p-002922
2026-01-27,Dr Reddy,pat-0296,inv-p-002933
2026-01-27,Dr Sharma,pat-0318,inv-p-002934
2026-01-27,Dr Sharma,pat-0104,inv-p-002948
2026-01-27,Dr Sharma,pat-0352,inv-p-002967
2026-01-27,Dr Sharma,pat-0052,inv-p-002986
2026-01-27,Dr Khan,pat-0432,inv-p-002987
2026-01-27,Dr Iyer,pat-0252,inv-p-003005
2026-01-28,Dr Sharma,pat-0476,inv-p-003035
2026-01-28,Dr Khan,pat-0355,inv-p-003036
2026-01-28,Dr Patel,pat-0213,inv-p-003046
2026-01-28,Dr Reddy,pat-0287,inv-p-003053
2026-01-28,Dr Khan,pat-0251,inv-p-003064
2026-01-28,Dr Sharma,pat-0012,inv-p-003076
2026-01-28,Dr Sharma,pat-0233,inv-p-003082
2026-01-28,Dr Sharma,pat-0079,inv-p-003083
2026-01-28,Dr Patel,pat-0206,inv-p-003087
2026-01-28,Dr Sharma,pat-0388,inv-p-003091
2026-01-28,Dr Sharma,pat-0076,inv-p-003094
2026-01-28,Dr Iyer,pat-0273,inv-p-003099
2026-01-28,Dr Patel,pat-0019,inv-p-003105
2026-01-28,Dr Sharma,pat-0360,inv-p-003106
2026-01-28,Dr Patel,pat-0145,inv-p-003110
2026-01-28,Dr Iyer,pat-0241,inv-p-003111
2026-01-28,Dr Sharma,pat-0193,inv-p-003112
2026-01-28,Dr Khan,pat-0298,inv-p-003124
2026-01-28,Dr Sharma,pat-0282,inv-p-003129
2026-01-28,Dr Reddy,pat-0399,inv-p-003135
2026-01-28,Dr Reddy,pat-0339,inv-p-003137
2026-01-28,Dr Sharma,pat-0475,inv-p-003141
2026-01-29,Dr Sharma,pat-0326,inv-p-003146
2026-01-29,Dr Reddy,pat-0146,inv-p-003158
2026-01-29,Dr Reddy,pat-0192,inv-p-003161
2026-01-29,Dr Khan,pat-0485,inv-p-003174
2026-01-29,Dr Reddy,pat-0140,inv-p-003202
2026-01-29,Dr Iyer,pat-0482,inv-p-003210
2026-01-29,Dr Sharma,pat-0058,inv-p-003214
2026-01-29,Dr Sharma,pat-0141,inv-p-003228
2026-01-29,Dr Patel,pat-0105,inv-p-003240
2026-01-29,Dr Sharma,pat-0147,inv-p-003242
2026-01-30,Dr Patel,pat-0228,inv-p-003261
2026-01-30,Dr Sharma,pat-0255,inv-p-003275
2026-01-30,Dr Reddy,pat-0419,inv-p-003291
2026-01-30,Dr Reddy,pat-0277,inv-p-003292
2026-01-30,Dr Reddy,pat-0187,inv-p-003294
2026-01-30,Dr Patel,pat-0219,inv-p-003296
2026-01-30,Dr Patel,pat-0243,inv-p-003311
2026-01-30,Dr Iyer,pat-0254,inv-p-003312
2026-01-30,Dr Reddy,pat-0097,inv-p-003314
2026-01-30,Dr Iyer,pat-0479,inv-p-003321
2026-01-30,Dr Patel,pat-0154,inv-p-003334
2026-01-30,Dr Sharma,pat-0445,inv-p-003352
2026-01-30,Dr Iyer,pat-0398,inv-p-003361
2026-01-31,Dr Iyer,pat-0035,inv-p-003373
2026-01-31,Dr Patel,pat-0405,inv-p-003374
2026-01-31,Dr Sharma,pat-0401,inv-p-003384
2026-01-31,Dr Sharma,pat-0345,inv-p-003397
2026-01-31,Dr Patel,pat-0054,inv-p-003403
2026-01-31,Dr Iyer,pat-0436,inv-p-003406
2026-01-31,Dr Patel,pat-0269,inv-p-003417
2026-01-31,Dr Sharma,pat-0421,inv-p-003418
2026-01-31,Dr Reddy,pat-0416,inv-p-003424
2026-01-31,Dr Iyer,pat-0483,inv-p-003443
2026-01-31,Dr Sharma,pat-0278,inv-p-003448
2026-01-31,Dr Patel,pat-0395,inv-p-003452
2026-01-31,Dr Sharma,pat-0188,inv-p-003453
2026-01-31,Dr Patel,pat-0124,inv-p-003455
2026-01-31,Dr Sharma,pat-0446,inv-p-003468
2026-01-31,Dr Sharma,pat-0347,inv-p-003490
2026-02-01,Dr Iyer,pat-0389,inv-p-003528
2026-02-01,Dr Khan,pat-0014,inv-p-003530
2026-02-01,Dr Khan,pat-0428,inv-p-003537
2026-02-01,Dr Reddy,pat-0458,inv-p-003546
2026-02-01,Dr Patel,pat-0061,inv-p-003549
2026-02-01,Dr Iyer,pat-0435,inv-p-003559
2026-02-01,Dr Khan,pat-0396,inv-p-003561
2026-02-01,Dr Patel,pat-0379,inv-p-003563
2026-02-01,Dr Patel,pat-0444,inv-p-003567
2026-02-01,Dr Sharma,pat-0294,inv-p-003571
2026-02-01,Dr Patel,pat-0266,inv-p-003575
2026-02-01,Dr Patel,pat-0166,inv-p-003582
2026-02-01,Dr Iyer,pat-0120,inv-p-003586
2026-02-01,Dr Patel,pat-0334,inv-p-003587
2026-02-01,Dr Reddy,pat-0112,inv-p-003593
2026-02-01,Dr Khan,pat-0447,inv-p-003594
2026-02-01,Dr Sharma,pat-0336,inv-p-003595
2026-02-01,Dr Khan,pat-0364,inv-p-003607
2026-02-01,Dr Iyer,pat-0222,inv-p-003608
2026-02-01,Dr Iyer,pat-0158,inv-p-003612
2026-02-01,Dr Reddy,pat-0160,inv-p-003614
2026-02-02,Dr Sharma,pat-0016,inv-p-003624
2026-02-02,Dr Iyer,pat-0181,inv-p-003631
2026-02-02,Dr Sharma,pat-0028,inv-p-003633
2026-02-02,Dr Sharma,pat-0470,inv-p-003634
2026-02-02,Dr Sharma,pat-0071,inv-p-003643
2026-02-02,Dr Reddy,pat-0084,inv-p-003645
2026-02-02,Dr Khan,pat-0369,inv-p-003651
2026-02-02,Dr Sharma,pat-0417,inv-p-003653
2026-02-02,Dr Patel,pat-0118,inv-p-003659
2026-02-02,Dr Sharma,pat-0201,inv-p-003667
2026-02-02,Dr Patel,pat-0054,inv-p-003680
2026-02-02,Dr Khan,pat-0380,inv-p-003691
2026-02-02,Dr Reddy,pat-0447,inv-p-003704
2026-02-02,Dr Khan,pat-0049,inv-p-003709
2026-02-02,Dr Iyer,pat-0262,inv-p-003712
2026-02-02,Dr Reddy,pat-0183,inv-p-003720
2026-02-02,Dr Patel,pat-0433,inv-p-003721
2026-02-03,Dr Iyer,pat-0077,inv-p-003727
2026-02-03,Dr Khan,pat-0123,inv-p-003730
2026-02-03,Dr Reddy,pat-0279,inv-p-003733
2026-02-03,Dr Iyer,pat-0286,inv-p-003742
2026-02-03,Dr Iyer,pat-0291,inv-p-003747
2026-02-03,Dr Iyer,pat-0365,inv-p-003753
2026-02-03,Dr Sharma,pat-0336,inv-p-003754
2026-02-03,Dr Khan,pat-0391,inv-p-003756
2026-02-03,Dr Sharma,pat-0111,inv-p-003758
2026-02-03,Dr Sharma,pat-0128,inv-p-003776
2026-02-03,Dr Patel,pat-0303,inv-p-003779
2026-02-03,Dr Patel,pat-0202,inv-p-003783
2026-02-03,Dr Reddy,pat-0075,inv-p-003795
2026-02-03,Dr Patel,pat-0372,inv-p-003797
2026-02-03,Dr Patel,pat-0020,inv-p-003800
2026-02-03,Dr Patel,pat-0340,inv-p-003803
2026-02-03,Dr Reddy,pat-0317,inv-p-003804
2026-02-03,Dr Reddy,pat-0198,inv-p-003805
2026-02-03,Dr Khan,pat-0304,inv-p-003810
2026-02-03,Dr Patel,pat-0271,inv-p-003815
2026-02-03,Dr Patel,pat-0287,inv-p-003819
2026-02-04,Dr Sharma,pat-0489,inv-p-003823
2026-02-04,Dr Khan,pat-0071,inv-p-003827
2026-02-04,Dr Iyer,pat-0100,inv-p-003829
2026-02-04,Dr Iyer,pat-0033,inv-p-003833
2026-02-04,Dr Reddy,pat-0121,inv-p-003835
2026-02-04,Dr Khan,pat-0409,inv-p-003838
2026-02-04,Dr Patel,pat-0301,inv-p-003845
2026-02-04,Dr Khan,pat-0311,inv-p-003850
2026-02-04,Dr Sharma,pat-0188,inv-p-003854
2026-02-04,Dr Sharma,pat-0020,inv-p-003861
2026-02-04,Dr Patel,pat-0343,inv-p-003864
2026-02-04,Dr Patel,pat-0342,inv-p-003868
2026-02-04,Dr Sharma,pat-0080,inv-p-003869
2026-02-04,Dr Iyer,pat-0053,inv-p-003876
2026-02-04,Dr Reddy,pat-0149,inv-p-003880
2026-02-04,Dr Iyer,pat-0465,inv-p-003882
2026-02-04,Dr Reddy,pat-0409,inv-p-003895
2026-02-04,Dr Reddy,pat-0080,inv-p-003901
2026-02-04,Dr Reddy,pat-0326,inv-p-003914
2026-02-04,Dr Khan,pat-0028,inv-p-003920
2026-02-05,Dr Patel,pat-0463,inv-p-003933
2026-02-05,Dr Sharma,pat-0485,inv-p-003939
2026-02-05,Dr Iyer,pat-0084,inv-p-003949
2026-02-05,Dr Khan,pat-0023,inv-p-003963
2026-02-05,Dr Reddy,pat-0035,inv-p-003968
2026-02-05,Dr Sharma,pat-0076,inv-p-003972
2026-02-05,Dr Patel,pat-0434,inv-p-003973
2026-02-05,Dr Sharma,pat-0109,inv-p-003976
2026-02-05,Dr Sharma,pat-0120,inv-p-003992
2026-02-05,Dr Reddy,pat-0164,inv-p-003998
2026-02-05,Dr Iyer,pat-0140,inv-p-004000
2026-02-05,Dr Sharma,pat-0104,inv-p-004003
2026-02-05,Dr Reddy,pat-0112,inv-p-004010
2026-02-05,Dr Patel,pat-0428,inv-p-004016
2026-02-05,Dr Khan,pat-0283,inv-p-004026
2026-02-05,Dr Patel,pat-0262,inv-p-004033
2026-02-06,Dr Reddy,pat-0018,inv-p-004053
2026-02-06,Dr Patel,pat-0023,inv-p-004075
2026-02-06,Dr Sharma,pat-0480,inv-p-004107
2026-02-06,Dr Khan,pat-0474,inv-p-004119
2026-02-06,Dr Patel,pat-0029,inv-p-004128
2026-02-06,Dr Reddy,pat-0177,inv-p-004130
2026-02-06,Dr Reddy,pat-0149,inv-p-004137
2026-02-07,Dr Iyer,pat-0035,inv-p-004156
2026-02-07,Dr Reddy,pat-0315,inv-p-004159
2026-02-07,Dr Iyer,pat-0223,inv-p-004184
2026-02-07,Dr Khan,pat-0049,inv-p-004187
2026-02-07,Dr Khan,pat-0493,inv-p-004189
2026-02-07,Dr Patel,pat-0383,inv-p-004191
2026-02-07,Dr Reddy,pat-0351,inv-p-004193
2026-02-07,Dr Patel,pat-0279,inv-p-004197
2026-02-07,Dr Reddy,pat-0258,inv-p-004205
2026-02-07,Dr Khan,pat-0320,inv-p-004220
2026-02-07,Dr Iyer,pat-0098,inv-p-004221
2026-02-07,Dr Sharma,pat-0449,inv-p-004222
2026-02-07,Dr Iyer,pat-0302,inv-p-004223
2026-02-07,Dr Khan,pat-0420,inv-p-004230
2026-02-07,Dr Iyer,pat-0109,inv-p-004244
2026-02-07,Dr Reddy,pat-0281,inv-p-004249
2026-02-07,Dr Sharma,pat-0445,inv-p-004251
2026-02-07,Dr Reddy,pat-0191,inv-p-004257
2026-02-07,Dr Sharma,pat-0036,inv-p-004265
2026-02-08,Dr Reddy,pat-0168,inv-p-004278
2026-02-08,Dr Iyer,pat-0090,inv-p-004291
2026-02-08,Dr Patel,pat-0008,inv-p-004294
2026-02-08,Dr Khan,pat-0378,inv-p-004297
2026-02-08,Dr Sharma,pat-0045,inv-p-004305
2026-02-08,Dr Patel,pat-0259,inv-p-004307
2026-02-08,Dr Iyer,pat-0136,inv-p-004309
2026-02-08,Dr Iyer,pat-0124,inv-p-004327
2026-02-08,Dr Sharma,pat-0135,inv-p-004333
2026-02-08,Dr Khan,pat-0383,inv-p-004334
2026-02-08,Dr Sharma,pat-0201,inv-p-004335
2026-02-08,Dr Reddy,pat-0352,inv-p-004341
2026-02-08,Dr Iyer,pat-0376,inv-p-004343
2026-02-08,Dr Iyer,pat-0218,inv-p-004348
2026-02-08,Dr Sharma,pat-0429,inv-p-004363
2026-02-08,Dr Patel,pat-0411,inv-p-004364
2026-02-08,Dr Sharma,pat-0214,inv-p-004372
2026-02-08,Dr Patel,pat-0478,inv-p-004386
2026-02-08,Dr Patel,pat-0307,inv-p-004393
2026-02-09,Dr Sharma,pat-0189,inv-p-004426
2026-02-09,Dr Iyer,pat-0244,inv-p-004432
2026-02-09,Dr Sharma,pat-0043,inv-p-004441
2026-02-09,Dr Reddy,pat-0016,inv-p-004452
2026-02-09,Dr Patel,pat-0327,inv-p-004456
2026-02-09,Dr Sharma,pat-0067,inv-p-004473
2026-02-09,Dr Khan,pat-0460,inv-p-004474
2026-02-09,Dr Patel,pat-0212,inv-p-004489
2026-02-09,Dr Reddy,pat-0448,inv-p-004492
2026-02-09,Dr Khan,pat-0036,inv-p-004498
2026-02-10,Dr Sharma,pat-0091,inv-p-004516
2026-02-10,Dr Patel,pat-0191,inv-p-004517
2026-02-10,Dr Patel,pat-0006,inv-p-004519
2026-02-10,Dr Patel,pat-0404,inv-p-004525
2026-02-10,Dr Reddy,pat-0010,inv-p-004536
2026-02-10,Dr Iyer,pat-0030,inv-p-004538
2026-02-10,Dr Iyer,pat-0340,inv-p-004542
2026-02-10,Dr Khan,pat-0406,inv-p-004566
2026-02-10,Dr Patel,pat-0134,inv-p-004567
2026-02-10,Dr Reddy,pat-0493,inv-p-004592
2026-02-10,Dr Reddy,pat-0296,inv-p-004593
2026-02-10,Dr Patel,pat-0133,inv-p-004595
2026-02-10,Dr Sharma,pat-0174,inv-p-004599
2026-02-11,Dr Khan,pat-0253,inv-p-004608
2026-02-11,Dr Sharma,pat-0054,inv-p-004631
2026-02-11,Dr Khan,pat-0453,inv-p-004634
2026-02-11,Dr Iyer,pat-0058,inv-p-004650
2026-02-11,Dr Sharma,pat-0147,inv-p-004654
2026-02-11,Dr Iyer,pat-0034,inv-p-004679
2026-02-11,Dr Reddy,pat-0280,inv-p-004681
2026-02-11,Dr Reddy,pat-0096,inv-p-004686
2026-02-11,Dr Iyer,pat-0335,inv-p-004690
2026-02-11,Dr Khan,pat-0199,inv-p-004698
2026-02-11,Dr Reddy,pat-0185,inv-p-004700
2026-02-11,Dr Patel,pat-0016,inv-p-004705
2026-02-12,Dr Sharma,pat-0272,inv-p-004707
2026-02-12,Dr Reddy,pat-0068,inv-p-004713
2026-02-12,Dr Patel,pat-0072,inv-p-004724
2026-02-12,Dr Iyer,pat-0500,inv-p-004735
2026-02-12,Dr Reddy,pat-0499,inv-p-004741
2026-02-12,Dr Sharma,pat-0378,inv-p-004742
2026-02-12,Dr Khan,pat-0282,inv-p-004749
2026-02-12,Dr Reddy,pat-0450,inv-p-004753
2026-02-12,Dr Patel,pat-0245,inv-p-004755
2026-02-12,Dr Sharma,pat-0336,inv-p-004761
2026-02-12,Dr Iyer,pat-0321,inv-p-004771
2026-02-12,Dr Reddy,pat-0269,inv-p-004773
2026-02-12,Dr Iyer,pat-0122,inv-p-004776
2026-02-12,Dr Sharma,pat-0499,inv-p-004787
2026-02-12,Dr Patel,pat-0375,inv-p-004790
2026-02-12,Dr Reddy,pat-0389,inv-p-004798
2026-02-12,Dr Iyer,pat-0314,inv-p-004799
2026-02-12,Dr Iyer,pat-0235,inv-p-004800
2026-02-12,Dr Sharma,pat-0275,inv-p-004812
2026-02-12,Dr Sharma,pat-0391,inv-p-004815
2026-02-13,Dr Reddy,pat-0049,inv-p-004827
2026-02-13,Dr Iyer,pat-0143,inv-p-004833
2026-02-13,Dr Sharma,pat-0152,inv-p-004839
2026-02-13,Dr Iyer,pat-0376,inv-p-004843
2026-02-13,Dr Sharma,pat-0154,inv-p-004851
2026-02-13,Dr Patel,pat-0361,inv-p-004852
2026-02-13,Dr Patel,pat-0372,inv-p-004859
2026-02-13,Dr Sharma,pat-0446,inv-p-004874
2026-02-13,Dr Patel,pat-0271,inv-p-004900
2026-02-13,Dr Khan,pat-0489,inv-p-004915
2026-02-13,Dr Patel,pat-0351,inv-p-004919
2026-02-14,Dr Patel,pat-0132,inv-p-004935
2026-02-14,Dr Iyer,pat-0320,inv-p-004942
2026-02-14,Dr Patel,pat-0124,inv-p-004946
2026-02-14,Dr Reddy,pat-0449,inv-p-004947
2026-02-14,Dr Patel,pat-0469,inv-p-004963
2026-02-14,Dr Reddy,pat-0076,inv-p-004964
2026-02-14,Dr Sharma,pat-0341,inv-p-004967
2026-02-14,Dr Khan,pat-0449,inv-p-004970
2026-02-14,Dr Reddy,pat-0317,inv-p-004973
2026-02-14,Dr Iyer,pat-0110,inv-p-004983
2026-02-14,Dr Reddy,pat-0189,inv-p-004987
2026-02-14,Dr Khan,pat-0294,inv-p-004994
2026-02-14,Dr Reddy,pat-0161,inv-p-004997
2026-02-14,Dr Iyer,pat-0382,inv-p-005013
2026-02-14,Dr Patel,pat-0183,inv-p-005014
2026-02-14,Dr Sharma,pat-0433,inv-p-005015
2026-02-14,Dr Sharma,pat-0372,inv-p-005023
2026-02-14,Dr Patel,pat-0088,inv-p-005028
2026-02-14,Dr Sharma,pat-0122,inv-p-005030
2026-02-14,Dr Khan,pat-0361,inv-p-005037
2026-02-14,Dr Iyer,pat-0257,inv-p-005044
2026-02-15,Dr Iyer,pat-0122,inv-p-005053
2026-02-15,Dr Khan,pat-0455,inv-p-005055
2026-02-15,Dr Khan,pat-0270,inv-p-005072
2026-02-15,Dr Sharma,pat-0143,inv-p-005075
2026-02-15,Dr Reddy,pat-0301,inv-p-005078
2026-02-15,Dr Iyer,pat-0205,inv-p-005079
2026-02-15,Dr Sharma,pat-0090,inv-p-005084
2026-02-15,Dr Patel,pat-0220,inv-p-005090
2026-02-15,Dr Iyer,pat-0494,inv-p-005094
2026-02-15,Dr Sharma,pat-0274,inv-p-005103
2026-02-15,Dr Patel,pat-0447,inv-p-005104
2026-02-15,Dr Iyer,pat-0199,inv-p-005111
2026-02-15,Dr Sharma,pat-0219,inv-p-005114
2026-02-15,Dr Khan,pat-0060,inv-p-005118
2026-02-15,Dr Patel,pat-0227,inv-p-005120
2026-02-15,Dr Sharma,pat-0458,inv-p-005123
2026-02-15,Dr Khan,pat-0225,inv-p-005138
2026-02-15,Dr Reddy,pat-0148,inv-p-005140
2026-02-15,Dr Reddy,pat-0417,inv-p-005160
2026-02-15,Dr Reddy,pat-0178,inv-p-005168
2026-02-16,Dr Sharma,pat-0176,inv-p-005176
2026-02-16,Dr Khan,pat-0492,inv-p-005184
2026-02-16,Dr Khan,pat-0346,inv-p-005186
2026-02-16,Dr Khan,pat-0447,inv-p-005193
2026-02-16,Dr Sharma,pat-0326,inv-p-005201
2026-02-16,Dr Khan,pat-0286,inv-p-005218
2026-02-16,Dr Sharma,pat-0383,inv-p-005227
2026-02-16,Dr Iyer,pat-0116,inv-p-005231
2026-02-16,Dr Sharma,pat-0325,inv-p-005247
2026-02-16,Dr Reddy,pat-0445,inv-p-005248
2026-02-16,Dr Patel,pat-0381,inv-p-005251
2026-02-16,Dr Reddy,pat-0392,inv-p-005257
2026-02-16,Dr Iyer,pat-0312,inv-p-005260
2026-02-16,Dr Khan,pat-0083,inv-p-005262
2026-02-16,Dr Sharma,pat-0082,inv-p-005265
2026-02-16,Dr Sharma,pat-0342,inv-p-005269
2026-02-17,Dr Khan,pat-0346,inv-p-005270
2026-02-17,Dr Khan,pat-0117,inv-p-005271
2026-02-17,Dr Sharma,pat-0351,inv-p-005272
2026-02-17,Dr Sharma,pat-0339,inv-p-005276
2026-02-17,Dr Iyer,pat-0370,inv-p-005278
2026-02-17,Dr Patel,pat-0169,inv-p-005280
2026-02-17,Dr Patel,pat-0262,inv-p-005286
2026-02-17,Dr Sharma,pat-0210,inv-p-005288
2026-02-17,Dr Reddy,pat-0165,inv-p-005293
2026-02-17,Dr Reddy,pat-0179,inv-p-005294
2026-02-17,Dr Khan,pat-0016,inv-p-005305
2026-02-17,Dr Reddy,pat-0031,inv-p-005313
2026-02-17,Dr Reddy,pat-0347,inv-p-005317
2026-02-17,Dr Reddy,pat-0055,inv-p-005319
2026-02-17,Dr Khan,pat-0357,inv-p-005340
2026-02-17,Dr Sharma,pat-0310,inv-p-005342
2026-02-17,Dr Sharma,pat-0092,inv-p-005344
2026-02-17,Dr Sharma,pat-0397,inv-p-005354
2026-02-17,Dr Sharma,pat-0322,inv-p-005362
2026-02-18,Dr Reddy,pat-0286,inv-p-005377
2026-02-18,Dr Iyer,pat-0037,inv-p-005378
2026-02-18,Dr Khan,pat-0370,inv-p-005403
2026-02-18,Dr Khan,pat-0477,inv-p-005408
2026-02-18,Dr Khan,pat-0160,inv-p-005416
2026-02-18,Dr Sharma,pat-0168,inv-p-005424
2026-02-18,Dr Patel,pat-0025,inv-p-005425
2026-02-18,Dr Patel,pat-0186,inv-p-005428
2026-02-18,Dr Iyer,pat-0056,inv-p-005431
2026-02-18,Dr Khan,pat-0037,inv-p-005434
2026-02-18,Dr Sharma,pat-0153,inv-p-005436
2026-02-18,Dr Patel,pat-0424,inv-p-005437
2026-02-18,Dr Reddy,pat-0209,inv-p-005439
2026-02-18,Dr Reddy,pat-0187,inv-p-005444
2026-02-18,Dr Khan,pat-0011,inv-p-005450
2026-02-18,Dr Patel,pat-0290,inv-p-005451
2026-02-18,Dr Khan,pat-0289,inv-p-005454
2026-02-18,Dr Khan,pat-0079,inv-p-005457
2026-02-18,Dr Khan,pat-0217,inv-p-005461
2026-02-18,Dr Sharma,pat-0487,inv-p-005462
2026-02-18,Dr Sharma,pat-0450,inv-p-005465
2026-02-18,Dr Reddy,pat-0020,inv-p-005467
2026-02-19,Dr Sharma,pat-0104,inv-p-005470
2026-02-19,Dr Reddy,pat-0004,inv-p-005480
2026-02-19,Dr Iyer,pat-0393,inv-p-005488
2026-02-19,Dr Patel,pat-0500,inv-p-005489
2026-02-19,Dr Khan,pat-0438,inv-p-005511
2026-02-19,Dr Reddy,pat-0245,inv-p-005514
2026-02-19,Dr Khan,pat-0020,inv-p-005524
2026-02-19,Dr Khan,pat-0377,inv-p-005525
2026-02-19,Dr Patel,pat-0354,inv-p-005537
2026-02-19,Dr Reddy,pat-0242,inv-p-005542
2026-02-19,Dr Iyer,pat-0235,inv-p-005543
2026-02-19,Dr Patel,pat-0045,inv-p-005554
2026-02-19,Dr Reddy,pat-0466,inv-p-005572
2026-02-19,Dr Patel,pat-0174,inv-p-005583
2026-02-19,Dr Khan,pat-0137,inv-p-005585
2026-02-20,Dr Reddy,pat-0419,inv-p-005588
2026-02-20,Dr Reddy,pat-0058,inv-p-005592
2026-02-20,Dr Sharma,pat-0018,inv-p-005596
2026-02-20,Dr Reddy,pat-0450,inv-p-005597
2026-02-20,Dr Sharma,pat-0124,inv-p-005608
2026-02-20,Dr Iyer,pat-0021,inv-p-005611
2026-02-20,Dr Iyer,pat-0247,inv-p-005617
2026-02-20,Dr Patel,pat-0195,inv-p-005620
2026-02-20,Dr Iyer,pat-0423,inv-p-005629
2026-02-20,Dr Khan,pat-0025,inv-p-005635
2026-02-20,Dr Reddy,pat-0417,inv-p-005640
2026-02-20,Dr Sharma,pat-0048,inv-p-005641
2026-02-20,Dr Reddy,pat-0008,inv-p-005645
2026-02-20,Dr Patel,pat-0358,inv-p-005655
2026-02-20,Dr Iyer,pat-0295,inv-p-005666
2026-02-20,Dr Khan,pat-0142,inv-p-005667
2026-02-20,Dr Iyer,pat-0403,inv-p-005680
2026-02-20,Dr Khan,pat-0253,inv-p-005685
2026-02-20,Dr Patel,pat-0319,inv-p-005698
2026-02-21,Dr Reddy,pat-0124,inv-p-005710
2026-02-21,Dr Khan,pat-0421,inv-p-005711
2026-02-21,Dr Patel,pat-0007,inv-p-005719
2026-02-21,Dr Patel,pat-0421,inv-p-005721
2026-02-21,Dr Patel,pat-0277,inv-p-005727
2026-02-21,Dr Reddy,pat-0406,inv-p-005731
2026-02-21,Dr Iyer,pat-0049,inv-p-005734
2026-02-21,Dr Iyer,pat-0383,inv-p-005750
2026-02-21,Dr Sharma,pat-0049,inv-p-005760
2026-02-21,Dr Sharma,pat-0165,inv-p-005761
2026-02-21,Dr Khan,pat-0135,inv-p-005773
2026-02-21,Dr Iyer,pat-0490,inv-p-005775
2026-02-21,Dr Iyer,pat-0231,inv-p-005780
2026-02-21,Dr Patel,pat-0365,inv-p-005791
2026-02-21,Dr Patel,pat-0348,inv-p-005798
2026-02-21,Dr Iyer,pat-0266,inv-p-005805
2026-02-21,Dr Reddy,pat-0473,inv-p-005811
2026-02-21,Dr Khan,pat-0083,inv-p-005822
2026-02-22,Dr Sharma,pat-0099,inv-p-005827
2026-02-22,Dr Iyer,pat-0326,inv-p-005831
2026-02-22,Dr Patel,pat-0491,inv-p-005836
2026-02-22,Dr Khan,pat-0105,inv-p-005850
2026-02-22,Dr Patel,pat-0350,inv-p-005855
2026-02-22,Dr Reddy,pat-0316,inv-p-005856
2026-02-22,Dr Reddy,pat-0222,inv-p-005882
2026-02-22,Dr Reddy,pat-0046,inv-p-005887
2026-02-22,Dr Khan,pat-0406,inv-p-005894
2026-02-22,Dr Patel,pat-0082,inv-p-005898
2026-02-22,Dr Iyer,pat-0287,inv-p-005902
2026-02-22,Dr Reddy,pat-0273,inv-p-005912
2026-02-22,Dr Patel,pat-0242,inv-p-005929
2026-02-22,Dr Iyer,pat-0453,inv-p-005930
2026-02-22,Dr Reddy,pat-0253,inv-p-005940
2026-02-22,Dr Khan,pat-0390,inv-p-005947
2026-02-22,Dr Khan,pat-0479,inv-p-005951
2026-02-22,Dr Iyer,pat-0238,inv-p-005962
2026-02-22,Dr Khan,pat-0058,inv-p-005963
2026-02-22,Dr Patel,pat-0037,inv-p-005964
2026-02-23,Dr Reddy,pat-0175,inv-p-005965
2026-02-23,Dr Patel,pat-0365,inv-p-005972
2026-02-23,Dr Reddy,pat-0372,inv-p-005974
2026-02-23,Dr Khan,pat-0217,inv-p-005980
2026-02-23,Dr Khan,pat-0376,inv-p-005983
2026-02-23,Dr Reddy,pat-0340,inv-p-005986
2026-02-23,Dr Patel,pat-0405,inv-p-005993
2026-02-23,Dr Sharma,pat-0480,inv-p-005998
2026-02-23,Dr Khan,pat-0197,inv-p-006003
2026-02-23,Dr Iyer,pat-0010,inv-p-006004
2026-02-23,Dr Khan,pat-0270,inv-p-006013
2026-02-23,Dr Sharma,pat-0026,inv-p-006014
2026-02-23,Dr Patel,pat-0345,inv-p-006018
2026-02-23,Dr Reddy,pat-0286,inv-p-006020
2026-02-23,Dr Reddy,pat-0135,inv-p-006025
2026-02-23,Dr Iyer,pat-0339,inv-p-006029
2026-02-23,Dr Iyer,pat-0255,inv-p-006031
2026-02-23,Dr Khan,pat-0089,inv-p-006043
2026-02-23,Dr Reddy,pat-0168,inv-p-006055
2026-02-23,Dr Sharma,pat-0023,inv-p-006058
2026-02-23,Dr Reddy,pat-0165,inv-p-006063
2026-02-24,Dr Iyer,pat-0157,inv-p-006072
2026-02-24,Dr Iyer,pat-0232,inv-p-006075
2026-02-24,Dr Patel,pat-0375,inv-p-006081
2026-02-24,Dr Patel,pat-0408,inv-p-006082
2026-02-24,Dr Iyer,pat-0076,inv-p-006084
2026-02-24,Dr Iyer,pat-0106,inv-p-006085
2026-02-24,Dr Patel,pat-0453,inv-p-006086
2026-02-24,Dr Iyer,pat-0093,inv-p-006095
2026-02-24,Dr Reddy,pat-0285,inv-p-006117
2026-02-24,Dr Sharma,pat-0237,inv-p-006122
2026-02-24,Dr Sharma,pat-0436,inv-p-006127
2026-02-24,Dr Patel,pat-0350,inv-p-006139
2026-02-24,Dr Iyer,pat-0078,inv-p-006146
2026-02-24,Dr Patel,pat-0028,inv-p-006159
2026-02-25,Dr Patel,pat-0063,inv-p-006190
2026-02-25,Dr Khan,pat-0118,inv-p-006191
2026-02-25,Dr Sharma,pat-0458,inv-p-006193
2026-02-25,Dr Iyer,pat-0331,inv-p-006210
2026-02-25,Dr Khan,pat-0426,inv-p-006212
2026-02-25,Dr Reddy,pat-0348,inv-p-006213
2026-02-25,Dr Iyer,pat-0056,inv-p-006214
2026-02-25,Dr Patel,pat-0126,inv-p-006228
2026-02-25,Dr Khan,pat-0024,inv-p-006232
2026-02-25,Dr Reddy,pat-0010,inv-p-006239
2026-02-25,Dr Reddy,pat-0125,inv-p-006259
2026-02-25,Dr Iyer,pat-0435,inv-p-006264
2026-02-25,Dr Patel,pat-0497,inv-p-006268
2026-02-25,Dr Reddy,pat-0101,inv-p-006272
2026-02-25,Dr Reddy,pat-0451,inv-p-006279
2026-02-26,Dr Reddy,pat-0322,inv-p-006284
2026-02-26,Dr Reddy,pat-0014,inv-p-006291
2026-02-26,Dr Patel,pat-0226,inv-p-006298
2026-02-26,Dr Reddy,pat-0429,inv-p-006299
2026-02-26,Dr Sharma,pat-0180,inv-p-006313
2026-02-26,Dr Sharma,pat-0077,inv-p-006328
2026-02-26,Dr Iyer,pat-0129,inv-p-006330
2026-02-26,Dr Patel,pat-0227,inv-p-006331
2026-02-26,Dr Khan,pat-0310,inv-p-006334
2026-02-26,Dr Iyer,pat-0333,inv-p-006337
2026-02-26,Dr Patel,pat-0255,inv-p-006349
2026-02-26,Dr Patel,pat-0344,inv-p-006358
2026-02-26,Dr Patel,pat-0483,inv-p-006360
2026-02-26,Dr Patel,pat-0405,inv-p-006386
2026-02-26,Dr Patel,pat-0450,inv-p-006392
2026-02-27,Dr Iyer,pat-0167,inv-p-006406
2026-02-27,Dr Khan,pat-0430,inv-p-006407
2026-02-27,Dr Khan,pat-0367,inv-p-006411
2026-02-27,Dr Reddy,pat-0236,inv-p-006416
2026-02-27,Dr Patel,pat-0195,inv-p-006429
2026-02-27,Dr Iyer,pat-0297,inv-p-006432
2026-02-27,Dr Patel,pat-0159,inv-p-006436
2026-02-27,Dr Reddy,pat-0183,inv-p-006444
2026-02-27,Dr Reddy,pat-0053,inv-p-006445
2026-02-27,Dr Iyer,pat-0407,inv-p-006451
2026-02-27,Dr Reddy,pat-0051,inv-p-006452
2026-02-27,Dr Reddy,pat-0229,inv-p-006456
2026-02-27,Dr Reddy,pat-0088,inv-p-006481
2026-02-27,Dr Reddy,pat-0442,inv-p-006493
2026-02-28,Dr Sharma,pat-0275,inv-p-006510
2026-02-28,Dr Reddy,pat-0275,inv-p-006518
2026-02-28,Dr Khan,pat-0388,inv-p-006523
2026-02-28,Dr Khan,pat-0247,inv-p-006530
2026-02-28,Dr Sharma,pat-0373,inv-p-006542
2026-02-28,Dr Patel,pat-0221,inv-p-006545
2026-02-28,Dr Khan,pat-0118,inv-p-006554
2026-02-28,Dr Sharma,pat-0298,inv-p-006571
2026-02-28,Dr Reddy,pat-0189,inv-p-006578
2026-02-28,Dr Sharma,pat-0287,inv-p-006586
2026-02-28,Dr Patel,pat-0295,inv-p-006592
2026-02-28,Dr Reddy,pat-0306,inv-p-006600
2026-02-28,Dr Patel,pat-0305,inv-p-006618
2026-03-01,Dr Reddy,pat-0098,inv-p-006645
2026-03-01,Dr Patel,pat-0323,inv-p-006647
2026-03-01,Dr Iyer,pat-0054,inv-p-006656
2026-03-01,Dr Reddy,pat-0454,inv-p-006669
2026-03-01,Dr Reddy,pat-0245,inv-p-006682
2026-03-01,Dr Iyer,pat-0056,inv-p-006683
2026-03-01,Dr Khan,pat-0127,inv-p-006694
2026-03-01,Dr Khan,pat-0451,inv-p-006700
2026-03-01,Dr Sharma,pat-0064,inv-p-006701
2026-03-01,Dr Sharma,pat-0228,inv-p-006703
2026-03-01,Dr Sharma,pat-0254,inv-p-006705
2026-03-01,Dr Khan,pat-0479,inv-p-006710
2026-03-01,Dr Khan,pat-0466,inv-p-006715
2026-03-01,Dr Khan,pat-0280,inv-p-006725
2026-03-01,Dr Reddy,pat-0064,inv-p-006732
2026-03-01,Dr Reddy,pat-0126,inv-p-006739
2026-03-01,Dr Reddy,pat-0445,inv-p-006742
2026-03-01,Dr Khan,pat-0334,inv-p-006751
2026-03-01,Dr Patel,pat-0250,inv-p-006753
2026-03-02,Dr Iyer,pat-0275,inv-p-006768
2026-03-02,Dr Iyer,pat-0170,inv-p-006775
2026-03-02,Dr Reddy,pat-0408,inv-p-006777
2026-03-02,Dr Reddy,pat-0033,inv-p-006791
2026-03-02,Dr Sharma,pat-0330,inv-p-006799
2026-03-02,Dr Patel,pat-0377,inv-p-006806
2026-03-02,Dr Iyer,pat-0475,inv-p-006807
2026-03-02,Dr Sharma,pat-0021,inv-p-006811
2026-03-02,Dr Reddy,pat-0469,inv-p-006815
2026-03-02,Dr Reddy,pat-0498,inv-p-006835
2026-03-02,Dr Iyer,pat-0050,inv-p-006840
2026-03-03,Dr Iyer,pat-0495,inv-p-006866
2026-03-03,Dr Reddy,pat-0446,inv-p-006868
2026-03-03,Dr Sharma,pat-0003,inv-p-006869
2026-03-03,Dr Iyer,pat-0334,inv-p-006882
2026-03-03,Dr Iyer,pat-0415,inv-p-006893
2026-03-03,Dr Patel,pat-0006,inv-p-006906
2026-03-03,Dr Sharma,pat-0284,inv-p-006915
2026-03-03,Dr Reddy,pat-0017,inv-p-006925
2026-03-03,Dr Reddy,pat-0301,inv-p-006927
2026-03-03,Dr Reddy,pat-0177,inv-p-006931
2026-03-03,Dr Khan,pat-0422,inv-p-006937
2026-03-03,Dr Reddy,pat-0173,inv-p-006939
2026-03-03,Dr Patel,pat-0459,inv-p-006941
2026-03-04,Dr Reddy,pat-0329,inv-p-006970
2026-03-04,Dr Sharma,pat-0418,inv-p-006980
2026-03-04,Dr Iyer,pat-0075,inv-p-006992
2026-03-04,Dr Patel,pat-0123,inv-p-006993
2026-03-04,Dr Sharma,pat-0186,inv-p-006998
2026-03-04,Dr Iyer,pat-0464,inv-p-007013
2026-03-04,Dr Reddy,pat-0276,inv-p-007014
2026-03-04,Dr Patel,pat-0046,inv-p-007023
2026-03-04,Dr Khan,pat-0246,inv-p-007027
2026-03-04,Dr Iyer,pat-0092,inv-p-007031
2026-03-04,Dr Khan,pat-0490,inv-p-007036
2026-03-04,Dr Khan,pat-0210,inv-p-007039
2026-03-04,Dr Iyer,pat-0091,inv-p-007060
2026-03-05,Dr Patel,pat-0085,inv-p-007068
2026-03-05,Dr Iyer,pat-0256,inv-p-007089
2026-03-05,Dr Khan,pat-0307,inv-p-007091
2026-03-05,Dr Reddy,pat-0411,inv-p-007092
2026-03-05,Dr Iyer,pat-0116,inv-p-007093
2026-03-05,Dr Khan,pat-0266,inv-p-007119
2026-03-05,Dr Sharma,pat-0454,inv-p-007126
2026-03-05,Dr Patel,pat-0173,inv-p-007133
2026-03-05,Dr Patel,pat-0391,inv-p-007135
2026-03-05,Dr Reddy,pat-0219,inv-p-007146
2026-03-05,Dr Khan,pat-0451,inv-p-007152
2026-03-05,Dr Patel,pat-0484,inv-p-007156
2026-03-06,Dr Sharma,pat-0354,inv-p-007163
2026-03-06,Dr Patel,pat-0099,inv-p-007166
2026-03-06,Dr Reddy,pat-0108,inv-p-007174
2026-03-06,Dr Khan,pat-0469,inv-p-007175
2026-03-06,Dr Patel,pat-0101,inv-p-007191
2026-03-06,Dr Reddy,pat-0161,inv-p-007193
2026-03-06,Dr Patel,pat-0246,inv-p-007200
2026-03-06,Dr Khan,pat-0304,inv-p-007202
2026-03-06,Dr Reddy,pat-0098,inv-p-007204
2026-03-06,Dr Reddy,pat-0192,inv-p-007223
2026-03-06,Dr Iyer,pat-0342,inv-p-007236
2026-03-06,Dr Patel,pat-0111,inv-p-007237
2026-03-06,Dr Reddy,pat-0288,inv-p-007252
2026-03-06,Dr Reddy,pat-0256,inv-p-007263
2026-03-06,Dr Sharma,pat-0364,inv-p-007265
2026-03-06,Dr Sharma,pat-0220,inv-p-007267
2026-03-07,Dr Sharma,pat-0274,inv-p-007268
2026-03-07,Dr Sharma,pat-0407,inv-p-007282
2026-03-07,Dr Sharma,pat-0319,inv-p-007293
2026-03-07,Dr Khan,pat-0134,inv-p-007299
2026-03-07,Dr Iyer,pat-0091,inv-p-007300
2026-03-07,Dr Reddy,pat-0014,inv-p-007321
2026-03-07,Dr Iyer,pat-0001,inv-p-007336
2026-03-07,Dr Reddy,pat-0449,inv-p-007343
2026-03-07,Dr Patel,pat-0143,inv-p-007381
2026-03-07,Dr Reddy,pat-0181,inv-p-007384
2026-03-08,Dr Iyer,pat-0435,inv-p-007401
2026-03-08,Dr Sharma,pat-0026,inv-p-007402
2026-03-08,Dr Sharma,pat-0045,inv-p-007403
2026-03-08,Dr Khan,pat-0438,inv-p-007407
2026-03-08,Dr Iyer,pat-0122,inv-p-007421
2026-03-08,Dr Patel,pat-0489,inv-p-007429
2026-03-08,Dr Reddy,pat-0120,inv-p-007439
2026-03-08,Dr Khan,pat-0286,inv-p-007440
2026-03-08,Dr Iyer,pat-0057,inv-p-007445
2026-03-08,Dr Patel,pat-0317,inv-p-007446
2026-03-08,Dr Reddy,pat-0239,inv-p-007449
2026-03-08,Dr Sharma,pat-0209,inv-p-007455
2026-03-08,Dr Iyer,pat-0447,inv-p-007472
2026-03-08,Dr Iyer,pat-0342,inv-p-007476
2026-03-08,Dr Khan,pat-0242,inv-p-007485
2026-03-08,Dr Patel,pat-0335,inv-p-007487
2026-03-08,Dr Khan,pat-0348,inv-p-007490
2026-03-08,Dr Iyer,pat-0409,inv-p-007497
2026-03-08,Dr Reddy,pat-0055,inv-p-007516
2026-03-08,Dr Sharma,pat-0447,inv-p-007517
2026-03-08,Dr Khan,pat-0044,inv-p-007521
2026-03-09,Dr Iyer,pat-0191,inv-p-007533
2026-03-09,Dr Patel,pat-0205,inv-p-007544
2026-03-09,Dr Khan,pat-0302,inv-p-007545
2026-03-09,Dr Reddy,pat-0466,inv-p-007546
2026-03-09,Dr Patel,pat-0093,inv-p-007571
2026-03-09,Dr Sharma,pat-0369,inv-p-007573
2026-03-09,Dr Khan,pat-0223,inv-p-007578
2026-03-09,Dr Iyer,pat-0253,inv-p-007584
2026-03-09,Dr Reddy,pat-0376,inv-p-007589
2026-03-09,Dr Iyer,pat-0308,inv-p-007594
2026-03-09,Dr Khan,pat-0283,inv-p-007596
2026-03-09,Dr Khan,pat-0498,inv-p-007597
2026-03-09,Dr Sharma,pat-0120,inv-p-007601
2026-03-09,Dr Patel,pat-0388,inv-p-007615
2026-03-09,Dr Khan,pat-0157,inv-p-007624
2026-03-10,Dr Khan,pat-0238,inv-p-007628
2026-03-10,Dr Iyer,pat-0232,inv-p-007629
2026-03-10,Dr Reddy,pat-0323,inv-p-007636
2026-03-10,Dr Patel,pat-0205,inv-p-007638
2026-03-10,Dr Khan,pat-0175,inv-p-007641
2026-03-10,Dr Khan,pat-0329,inv-p-007645
2026-03-10,Dr Sharma,pat-0202,inv-p-007657
2026-03-10,Dr Iyer,pat-0205,inv-p-007660
2026-03-10,Dr Patel,pat-0007,inv-p-007676
2026-03-10,Dr Khan,pat-0227,inv-p-007681
2026-03-10,Dr Patel,pat-0092,inv-p-007682
2026-03-10,Dr Reddy,pat-0190,inv-p-007683
2026-03-10,Dr Reddy,pat-0490,inv-p-007696
2026-03-10,Dr Iyer,pat-0188,inv-p-007698
2026-03-10,Dr Reddy,pat-0025,inv-p-007703
2026-03-10,Dr Khan,pat-0307,inv-p-007705
2026-03-10,Dr Patel,pat-0215,inv-p-007709
2026-03-10,Dr Iyer,pat-0028,inv-p-007725
2026-03-10,Dr Patel,pat-0065,inv-p-007728
2026-03-10,Dr Patel,pat-0355,inv-p-007729
2026-03-10,Dr Khan,pat-0261,inv-p-007730
2026-03-10,Dr Sharma,pat-0471,inv-p-007731
2026-03-10,Dr Patel,pat-0412,inv-p-007735
2026-03-11,Dr Sharma,pat-0132,inv-p-007772
2026-03-11,Dr Reddy,pat-0426,inv-p-007785
2026-03-11,Dr Sharma,pat-0251,inv-p-007797
2026-03-11,Dr Khan,pat-0367,inv-p-007799
2026-03-11,Dr Patel,pat-0461,inv-p-007803
2026-03-11,Dr Khan,pat-0444,inv-p-007811
2026-03-11,Dr Sharma,pat-0298,inv-p-007812
2026-03-11,Dr Khan,pat-0289,inv-p-007823
2026-03-11,Dr Patel,pat-0021,inv-p-007827
2026-03-11,Dr Iyer,pat-0435,inv-p-007829
2026-03-11,Dr Sharma,pat-0398,inv-p-007831
2026-03-11,Dr Sharma,pat-0054,inv-p-007836
2026-03-11,Dr Khan,pat-0354,inv-p-007843
2026-03-12,Dr Iyer,pat-0437,inv-p-007845
2026-03-12,Dr Sharma,pat-0045,inv-p-007849
2026-03-12,Dr Reddy,pat-0140,inv-p-007856
2026-03-12,Dr Iyer,pat-0067,inv-p-007864
2026-03-12,Dr Iyer,pat-0166,inv-p-007880
2026-03-12,Dr Khan,pat-0033,inv-p-007883
2026-03-12,Dr Patel,pat-0289,inv-p-007889
2026-03-12,Dr Sharma,pat-0057,inv-p-007898
2026-03-12,Dr Sharma,pat-0167,inv-p-007904
2026-03-12,Dr Sharma,pat-0278,inv-p-007912
2026-03-12,Dr Sharma,pat-0418,inv-p-007924
2026-03-12,Dr Patel,pat-0169,inv-p-007933
2026-03-13,Dr Reddy,pat-0383,inv-p-007943
2026-03-13,Dr Iyer,pat-0494,inv-p-007952
2026-03-13,Dr Patel,pat-0129,inv-p-007955
2026-03-13,Dr Khan,pat-0264,inv-p-007963
2026-03-13,Dr Khan,pat-0290,inv-p-007965
2026-03-13,Dr Reddy,pat-0182,inv-p-007971
2026-03-13,Dr Khan,pat-0429,inv-p-008006
2026-03-13,Dr Patel,pat-0395,inv-p-008012
2026-03-13,Dr Sharma,pat-0195,inv-p-008026
2026-03-13,Dr Reddy,pat-0032,inv-p-008039
2026-03-13,Dr Sharma,pat-0016,inv-p-008041
2026-03-13,Dr Sharma,pat-0016,inv-p-008043
2026-03-13,Dr Khan,pat-0226,inv-p-008046
2026-03-13,Dr Iyer,pat-0311,inv-p-008048
2026-03-14,Dr Patel,pat-0242,inv-p-008058
2026-03-14,Dr Patel,pat-0098,inv-p-008060
2026-03-14,Dr Patel,pat-0254,inv-p-008065
2026-03-14,Dr Sharma,pat-0041,inv-p-008066
2026-03-14,Dr Khan,pat-0329,inv-p-008077
2026-03-14,Dr Reddy,pat-0445,inv-p-008082
2026-03-14,Dr Sharma,pat-0191,inv-p-008083
2026-03-14,Dr Sharma,pat-0453,inv-p-008088
2026-03-14,Dr Patel,pat-0025,inv-p-008101
2026-03-14,Dr Iyer,pat-0154,inv-p-008110
2026-03-14,Dr Patel,pat-0395,inv-p-008116
2026-03-14,Dr Sharma,pat-0290,inv-p-008117
2026-03-14,Dr Iyer,pat-0053,inv-p-008131
2026-03-14,Dr Sharma,pat-0362,inv-p-008132
2026-03-14,Dr Iyer,pat-0095,inv-p-008143
2026-03-14,Dr Sharma,pat-0473,inv-p-008163
2026-03-14,Dr Sharma,pat-0353,inv-p-008170
2026-03-14,Dr Iyer,pat-0217,inv-p-008175
2026-03-14,Dr Patel,pat-0197,inv-p-008181
2026-03-14,Dr Iyer,pat-0461,inv-p-008182
2026-03-15,Dr Iyer,pat-0316,inv-p-008185
2026-03-15,Dr Reddy,pat-0158,inv-p-008192
2026-03-15,Dr Patel,pat-0210,inv-p-008199
2026-03-15,Dr Khan,pat-0205,inv-p-008204
2026-03-15,Dr Patel,pat-0160,inv-p-008213
2026-03-15,Dr Patel,pat-0283,inv-p-008228
2026-03-15,Dr Khan,pat-0046,inv-p-008230
2026-03-15,Dr Sharma,pat-0340,inv-p-008235
2026-03-15,Dr Sharma,pat-0356,inv-p-008243
2026-03-15,Dr Sharma,pat-0331,inv-p-008248
2026-03-15,Dr Reddy,pat-0089,inv-p-008266
2026-03-15,Dr Iyer,pat-0102,inv-p-008268
2026-03-15,Dr Iyer,pat-0332,inv-p-008270
2026-03-15,Dr Sharma,pat-0475,inv-p-008272
2026-03-15,Dr Iyer,pat-0357,inv-p-008274
2026-03-15,Dr Iyer,pat-0170,inv-p-008281
2026-03-15,Dr Sharma,pat-0150,inv-p-008294
2026-03-15,Dr Khan,pat-0105,inv-p-008301
2026-03-15,Dr Patel,pat-0010,inv-p-008304
2026-03-15,Dr Khan,pat-0276,inv-p-008311
2026-03-15,Dr Sharma,pat-0235,inv-p-008312
2026-03-16,Dr Reddy,pat-0469,inv-p-008333
2026-03-16,Dr Khan,pat-0482,inv-p-008353
2026-03-16,Dr Sharma,pat-0353,inv-p-008369
2026-03-16,Dr Iyer,pat-0299,inv-p-008371
2026-03-16,Dr Patel,pat-0105,inv-p-008379
2026-03-16,Dr Khan,pat-0305,inv-p-008382
2026-03-16,Dr Patel,pat-0485,inv-p-008389
2026-03-16,Dr Iyer,pat-0031,inv-p-008395
2026-03-16,Dr Reddy,pat-0116,inv-p-008398
2026-03-16,Dr Khan,pat-0432,inv-p-008402
2026-03-17,Dr Patel,pat-0089,inv-p-008435
2026-03-17,Dr Patel,pat-0398,inv-p-008441
2026-03-17,Dr Iyer,pat-0217,inv-p-008445
2026-03-17,Dr Iyer,pat-0344,inv-p-008447
2026-03-17,Dr Khan,pat-0287,inv-p-008453
2026-03-17,Dr Patel,pat-0025,inv-p-008470
2026-03-17,Dr Patel,pat-0471,inv-p-008473
2026-03-17,Dr Khan,pat-0412,inv-p-008477
2026-03-17,Dr Patel,pat-0174,inv-p-008478
2026-03-17,Dr Reddy,pat-0489,inv-p-008496
2026-03-17,Dr Patel,pat-0227,inv-p-008522
2026-03-17,Dr Patel,pat-0005,inv-p-008530
2026-03-18,Dr Patel,pat-0085,inv-p-008543
2026-03-18,Dr Reddy,pat-0252,inv-p-008546
2026-03-18,Dr Patel,pat-0260,inv-p-008550
2026-03-18,Dr Sharma,pat-0122,inv-p-008558
2026-03-18,Dr Khan,pat-0382,inv-p-008564
2026-03-18,Dr Patel,pat-0044,inv-p-008565
2026-03-18,Dr Sharma,pat-0345,inv-p-008567
2026-03-18,Dr Khan,pat-0096,inv-p-008569
2026-03-18,Dr Sharma,pat-0179,inv-p-008570
2026-03-18,Dr Patel,pat-0409,inv-p-008576
2026-03-18,Dr Sharma,pat-0093,inv-p-008580
2026-03-18,Dr Sharma,pat-0113,inv-p-008581
2026-03-18,Dr Sharma,pat-0154,inv-p-008583
2026-03-18,Dr Reddy,pat-0435,inv-p-008589
2026-03-18,Dr Patel,pat-0241,inv-p-008598
2026-03-18,Dr Reddy,pat-0277,inv-p-008603
2026-03-18,Dr Iyer,pat-0438,inv-p-008604
2026-03-18,Dr Khan,pat-0139,inv-p-008615
2026-03-18,Dr Sharma,pat-0092,inv-p-008619
2026-03-18,Dr Reddy,pat-0288,inv-p-008620
2026-03-18,Dr Khan,pat-0221,inv-p-008644
2026-03-19,Dr Reddy,pat-0011,inv-p-008651
2026-03-19,Dr Khan,pat-0065,inv-p-008656
2026-03-19,Dr Patel,pat-0423,inv-p-008658
2026-03-19,Dr Iyer,pat-0150,inv-p-008661
2026-03-19,Dr Reddy,pat-0292,inv-p-008662
2026-03-19,Dr Khan,pat-0394,inv-p-008677
2026-03-19,Dr Patel,pat-0234,inv-p-008686
2026-03-19,Dr Reddy,pat-0443,inv-p-008687
2026-03-19,Dr Khan,pat-0044,inv-p-008695
2026-03-19,Dr Sharma,pat-0135,inv-p-008704
2026-03-19,Dr Reddy,pat-0386,inv-p-008706
2026-03-19,Dr Khan,pat-0187,inv-p-008707
2026-03-19,Dr Sharma,pat-0041,inv-p-008710
2026-03-19,Dr Reddy,pat-0014,inv-p-008725
2026-03-19,Dr Reddy,pat-0313,inv-p-008730
2026-03-19,Dr Patel,pat-0472,inv-p-008739
2026-03-19,Dr Sharma,pat-0151,inv-p-008762
2026-03-20,Dr Sharma,pat-0340,inv-p-008766
2026-03-20,Dr Khan,pat-0466,inv-p-008783
2026-03-20,Dr Khan,pat-0408,inv-p-008785
2026-03-20,Dr Reddy,pat-0016,inv-p-008787
2026-03-20,Dr Patel,pat-0331,inv-p-008790
2026-03-20,Dr Iyer,pat-0408,inv-p-008815
2026-03-20,Dr Reddy,pat-0159,inv-p-008828
2026-03-20,Dr Patel,pat-0116,inv-p-008839
2026-03-20,Dr Sharma,pat-0138,inv-p-008840
2026-03-20,Dr Iyer,pat-0371,inv-p-008842
2026-03-20,Dr Sharma,pat-0379,inv-p-008869
2026-03-20,Dr Reddy,pat-0054,inv-p-008870
2026-03-21,Dr Khan,pat-0128,inv-p-008877
2026-03-21,Dr Patel,pat-0363,inv-p-008878
2026-03-21,Dr Patel,pat-0021,inv-p-008879
2026-03-21,Dr Reddy,pat-0425,inv-p-008883
2026-03-21,Dr Reddy,pat-0162,inv-p-008889
2026-03-21,Dr Patel,pat-0342,inv-p-008903
2026-03-21,Dr Sharma,pat-0076,inv-p-008918
2026-03-21,Dr Patel,pat-0278,inv-p-008924
2026-03-21,Dr Khan,pat-0203,inv-p-008930
2026-03-21,Dr Sharma,pat-0104,inv-p-008942
2026-03-21,Dr Patel,pat-0126,inv-p-008943
2026-03-21,Dr Patel,pat-0342,inv-p-008960
2026-03-21,Dr Khan,pat-0107,inv-p-008961
2026-03-21,Dr Sharma,pat-0107,inv-p-008962
2026-03-21,Dr Iyer,pat-0438,inv-p-008965
2026-03-21,Dr Reddy,pat-0320,inv-p-008979
2026-03-21,Dr Patel,pat-0236,inv-p-008982
2026-03-21,Dr Iyer,pat-0084,inv-p-008989
2026-03-21,Dr Khan,pat-0165,inv-p-008990
2026-03-21,Dr Patel,pat-0380,inv-p-008991
2026-03-21,Dr Iyer,pat-0112,inv-p-008999
2026-03-22,Dr Reddy,pat-0213,inv-p-009011
2026-03-22,Dr Reddy,pat-0232,inv-p-009025
2026-03-22,Dr Iyer,pat-0446,inv-p-009026
2026-03-22,Dr Sharma,pat-0300,inv-p-009032
2026-03-22,Dr Reddy,pat-0047,inv-p-009039
2026-03-22,Dr Sharma,pat-0493,inv-p-009045
2026-03-22,Dr Reddy,pat-0101,inv-p-009048
2026-03-22,Dr Iyer,pat-0431,inv-p-009059
2026-03-22,Dr Sharma,pat-0015,inv-p-009060
2026-03-22,Dr Patel,pat-0445,inv-p-009061
2026-03-22,Dr Sharma,pat-0150,inv-p-009062
2026-03-22,Dr Sharma,pat-0343,inv-p-009083
2026-03-22,Dr Reddy,pat-0091,inv-p-009090
2026-03-22,Dr Patel,pat-0416,inv-p-009094
2026-03-22,Dr Iyer,pat-0472,inv-p-009103
2026-03-22,Dr Reddy,pat-0274,inv-p-009108
2026-03-22,Dr Reddy,pat-0142,inv-p-009109
2026-03-22,Dr Reddy,pat-0153,inv-p-009129
2026-03-22,Dr Khan,pat-0294,inv-p-009135
2026-03-22,Dr Patel,pat-0399,inv-p-009139
2026-03-23,Dr Khan,pat-0311,inv-p-009142
2026-03-23,Dr Sharma,pat-0371,inv-p-009150
2026-03-23,Dr Patel,pat-0070,inv-p-009154
2026-03-23,Dr Patel,pat-0404,inv-p-009166
2026-03-23,Dr Khan,pat-0125,inv-p-009167
2026-03-23,Dr Reddy,pat-0129,inv-p-009173
2026-03-23,Dr Khan,pat-0246,inv-p-009186
2026-03-23,Dr Patel,pat-0039,inv-p-009189
2026-03-23,Dr Khan,pat-0154,inv-p-009192
2026-03-23,Dr Iyer,pat-0362,inv-p-009197
2026-03-23,Dr Patel,pat-0059,inv-p-009237
2026-03-24,Dr Reddy,pat-0219,inv-p-009250
2026-03-24,Dr Reddy,pat-0047,inv-p-009255
2026-03-24,Dr Khan,pat-0453,inv-p-009256
2026-03-24,Dr Iyer,pat-0180,inv-p-009272
2026-03-24,Dr Iyer,pat-0020,inv-p-009282
2026-03-24,Dr Reddy,pat-0310,inv-p-009286
2026-03-24,Dr Reddy,pat-0237,inv-p-009287
2026-03-24,Dr Sharma,pat-0359,inv-p-009292
2026-03-24,Dr Patel,pat-0311,inv-p-009293
2026-03-24,Dr Iyer,pat-0443,inv-p-009294
2026-03-24,Dr Reddy,pat-0482,inv-p-009299
2026-03-24,Dr Sharma,pat-0199,inv-p-009300
2026-03-24,Dr Iyer,pat-0300,inv-p-009302
2026-03-24,Dr Sharma,pat-0037,inv-p-009306
2026-03-24,Dr Iyer,pat-0468,inv-p-009311
2026-03-24,Dr Khan,pat-0270,inv-p-009318
2026-03-24,Dr Reddy,pat-0428,inv-p-009320
2026-03-24,Dr Sharma,pat-0219,inv-p-009331
2026-03-25,Dr Sharma,pat-0447,inv-p-009349
2026-03-25,Dr Sharma,pat-0427,inv-p-009353
2026-03-25,Dr Patel,pat-0279,inv-p-009356
2026-03-25,Dr Patel,pat-0268,inv-p-009360
2026-03-25,Dr Sharma,pat-0172,inv-p-009367
2026-03-25,Dr Reddy,pat-0094,inv-p-009374
2026-03-25,Dr Iyer,pat-0024,inv-p-009380
2026-03-25,Dr Patel,pat-0332,inv-p-009383
2026-03-25,Dr Sharma,pat-0211,inv-p-009386
2026-03-25,Dr Khan,pat-0489,inv-p-009387
2026-03-25,Dr Reddy,pat-0033,inv-p-009392
2026-03-25,Dr Khan,pat-0014,inv-p-009396
2026-03-25,Dr Sharma,pat-0197,inv-p-009398
2026-03-25,Dr Sharma,pat-0320,inv-p-009405
2026-03-25,Dr Khan,pat-0096,inv-p-009418
2026-03-25,Dr Patel,pat-0477,inv-p-009423
2026-03-25,Dr Khan,pat-0365,inv-p-009447
2026-03-25,Dr Khan,pat-0027,inv-p-009449
2026-03-26,Dr Sharma,pat-0080,inv-p-009454
2026-03-26,Dr Patel,pat-0439,inv-p-009463
2026-03-26,Dr Sharma,pat-0393,inv-p-009470
2026-03-26,Dr Patel,pat-0224,inv-p-009474
2026-03-26,Dr Patel,pat-0336,inv-p-009481
2026-03-26,Dr Reddy,pat-0087,inv-p-009484
2026-03-26,Dr Iyer,pat-0226,inv-p-009487
2026-03-26,Dr Reddy,pat-0094,inv-p-009488
2026-03-26,Dr Sharma,pat-0244,inv-p-009490
2026-03-26,Dr Patel,pat-0415,inv-p-009491
2026-03-26,Dr Iyer,pat-0397,inv-p-009496
2026-03-26,Dr Sharma,pat-0295,inv-p-009507
2026-03-26,Dr Iyer,pat-0040,inv-p-009513
2026-03-26,Dr Khan,pat-0314,inv-p-009517
2026-03-26,Dr Iyer,pat-0294,inv-p-009524
2026-03-26,Dr Patel,pat-0033,inv-p-009525
2026-03-26,Dr Iyer,pat-0350,inv-p-009526
2026-03-26,Dr Khan,pat-0466,inv-p-009530
2026-03-26,Dr Iyer,pat-0462,inv-p-009535
2026-03-26,Dr Khan,pat-0492,inv-p-009536
2026-03-26,Dr Reddy,pat-0265,inv-p-009541
2026-03-27,Dr Khan,pat-0497,inv-p-009558
2026-03-27,Dr Iyer,pat-0188,inv-p-009570
2026-03-27,Dr Reddy,pat-0084,inv-p-009579
2026-03-27,Dr Reddy,pat-0046,inv-p-009582
2026-03-27,Dr Reddy,pat-0163,inv-p-009587
2026-03-27,Dr Patel,pat-0286,inv-p-009590
2026-03-27,Dr Reddy,pat-0396,inv-p-009615
2026-03-27,Dr Sharma,pat-0438,inv-p-009620
2026-03-27,Dr Iyer,pat-0213,inv-p-009635
2026-03-27,Dr Sharma,pat-0129,inv-p-009640
2026-03-27,Dr Patel,pat-0028,inv-p-009643
2026-03-27,Dr Patel,pat-0328,inv-p-009650
2026-03-28,Dr Reddy,pat-0121,inv-p-009678
2026-03-28,Dr Iyer,pat-0213,inv-p-009684
2026-03-28,Dr Iyer,pat-0212,inv-p-009691
2026-03-28,Dr Iyer,pat-0161,inv-p-009694
2026-03-28,Dr Patel,pat-0383,inv-p-009699
2026-03-28,Dr Patel,pat-0499,inv-p-009705
2026-03-28,Dr Iyer,pat-0075,inv-p-009709
2026-03-28,Dr Patel,pat-0396,inv-p-009727
2026-03-28,Dr Reddy,pat-0058,inv-p-009731
2026-03-28,Dr Sharma,pat-0223,inv-p-009738
2026-03-28,Dr Patel,pat-0332,inv-p-009742
2026-03-28,Dr Sharma,pat-0181,inv-p-009745
2026-03-28,Dr Patel,pat-0152,inv-p-009749
2026-03-28,Dr Patel,pat-0141,inv-p-009750
2026-03-28,Dr Patel,pat-0292,inv-p-009753
2026-03-28,Dr Khan,pat-0137,inv-p-009754
2026-03-28,Dr Patel,pat-0478,inv-p-009758
2026-03-28,Dr Sharma,pat-0343,inv-p-009761
2026-03-28,Dr Patel,pat-0280,inv-p-009765
2026-03-28,Dr Khan,pat-0100,inv-p-009771
2026-03-28,Dr Reddy,pat-0232,inv-p-009776
2026-03-28,Dr Patel,pat-0390,inv-p-009784
2026-03-28,Dr Sharma,pat-0112,inv-p-009785
2026-03-29,Dr Khan,pat-0093,inv-p-009799
2026-03-29,Dr Khan,pat-0476,inv-p-009805
2026-03-29,Dr Patel,pat-0039,inv-p-009811
2026-03-29,Dr Reddy,pat-0393,inv-p-009819
2026-03-29,Dr Khan,pat-0496,inv-p-009823
2026-03-29,Dr Sharma,pat-0490,inv-p-009827
2026-03-29,Dr Khan,pat-0114,inv-p-009832
2026-03-29,Dr Khan,pat-0252,inv-p-009833
2026-03-29,Dr Patel,pat-0048,inv-p-009834
2026-03-29,Dr Sharma,pat-0335,inv-p-009836
2026-03-29,Dr Sharma,pat-0216,inv-p-009837
2026-03-29,Dr Sharma,pat-0372,inv-p-009869
2026-03-29,Dr Sharma,pat-0072,inv-p-009873
2026-03-29,Dr Reddy,pat-0439,inv-p-009879
2026-03-29,Dr Sharma,pat-0452,inv-p-009889
2026-03-29,Dr Patel,pat-0185,inv-p-009900
2026-03-29,Dr Sharma,pat-0201,inv-p-009903
2026-03-29,Dr Khan,pat-0264,inv-p-009904
2026-03-29,Dr Reddy,pat-0385,inv-p-009907
2026-03-30,Dr Iyer,pat-0495,inv-p-009930
2026-03-30,Dr Patel,pat-0173,inv-p-009960
2026-03-30,Dr Khan,pat-0107,inv-p-009964
2026-03-30,Dr Patel,pat-0175,inv-p-009978
2026-03-30,Dr Patel,pat-0011,inv-p-009983
2026-03-30,Dr Sharma,pat-0371,inv-p-009988
2026-03-30,Dr Reddy,pat-0484,inv-p-009995
2026-03-30,Dr Patel,pat-0414,inv-p-010016
2026-03-31,Dr Iyer,pat-0108,inv-p-010025
2026-03-31,Dr Khan,pat-0404,inv-p-010026
2026-03-31,Dr Iyer,pat-0243,inv-p-010032
2026-03-31,Dr Sharma,pat-0035,inv-p-010035
2026-03-31,Dr Khan,pat-0332,inv-p-010038
2026-03-31,Dr Reddy,pat-0378,inv-p-010046
2026-03-31,Dr Iyer,pat-0430,inv-p-010051
2026-03-31,Dr Sharma,pat-0203,inv-p-010063
2026-03-31,Dr Khan,pat-0085,inv-p-010082
2026-03-31,Dr Iyer,pat-0102,inv-p-010092
2026-03-31,Dr Sharma,pat-0484,inv-p-010100
2026-03-31,Dr Sharma,pat-0472,inv-p-010110
2026-03-31,Dr Reddy,pat-0475,inv-p-010113
2026-03-31,Dr Iyer,pat-0434,inv-p-010126
2026-03-31,Dr Reddy,pat-0408,inv-p-010131
2026-03-31,Dr Iyer,pat-0403,inv-p-010132
2026-04-01,Dr Sharma,pat-0086,inv-p-010147
2026-04-01,Dr Iyer,pat-0336,inv-p-010153
2026-04-01,Dr Sharma,pat-0399,inv-p-010162
2026-04-01,Dr Patel,pat-0276,inv-p-010176
2026-04-01,Dr Sharma,pat-0043,inv-p-010181
2026-04-01,Dr Patel,pat-0225,inv-p-010183
2026-04-01,Dr Reddy,pat-0180,inv-p-010186
2026-04-01,Dr Khan,pat-0092,inv-p-010198
2026-04-01,Dr Reddy,pat-0018,inv-p-010199
2026-04-01,Dr Sharma,pat-0424,inv-p-010207
2026-04-01,Dr Reddy,pat-0002,inv-p-010208
2026-04-01,Dr Iyer,pat-0360,inv-p-010215
2026-04-01,Dr Patel,pat-0247,inv-p-010216
2026-04-02,Dr Patel,pat-0151,inv-p-010255
2026-04-02,Dr Khan,pat-0487,inv-p-010258
2026-04-02,Dr Reddy,pat-0324,inv-p-010265
2026-04-02,Dr Reddy,pat-0236,inv-p-010296
2026-04-02,Dr Khan,pat-0073,inv-p-010299
2026-04-02,Dr Iyer,pat-0066,inv-p-010311
2026-04-02,Dr Reddy,pat-0335,inv-p-010315
2026-04-02,Dr Patel,pat-0222,inv-p-010320
2026-04-02,Dr Reddy,pat-0097,inv-p-010327
2026-04-02,Dr Sharma,pat-0221,inv-p-010336
2026-04-02,Dr Khan,pat-0263,inv-p-010337
2026-04-02,Dr Reddy,pat-0290,inv-p-010349
2026-04-03,Dr Reddy,pat-0172,inv-p-010356
2026-04-03,Dr Reddy,pat-0077,inv-p-010357
2026-04-03,Dr Khan,pat-0130,inv-p-010366
2026-04-03,Dr Sharma,pat-0086,inv-p-010370
2026-04-03,Dr Patel,pat-0483,inv-p-010373
2026-04-03,Dr Khan,pat-0290,inv-p-010381
2026-04-03,Dr Patel,pat-0470,inv-p-010389
2026-04-03,Dr Patel,pat-0063,inv-p-010390
2026-04-03,Dr Patel,pat-0287,inv-p-010396
2026-04-03,Dr Reddy,pat-0455,inv-p-010408
2026-04-03,Dr Khan,pat-0342,inv-p-010409
2026-04-03,Dr Iyer,pat-0384,inv-p-010419
2026-04-03,Dr Patel,pat-0422,inv-p-010422
2026-04-03,Dr Sharma,pat-0123,inv-p-010427
2026-04-03,Dr Reddy,pat-0440,inv-p-010450
2026-04-03,Dr Reddy,pat-0006,inv-p-010451
2026-04-04,Dr Sharma,pat-0427,inv-p-010456
2026-04-04,Dr Sharma,pat-0046,inv-p-010468
2026-04-04,Dr Sharma,pat-0320,inv-p-010472
2026-04-04,Dr Iyer,pat-0262,inv-p-010474
2026-04-04,Dr Iyer,pat-0409,inv-p-010487
2026-04-04,Dr Patel,pat-0389,inv-p-010504
2026-04-04,Dr Patel,pat-0030,inv-p-010507
2026-04-04,Dr Sharma,pat-0308,inv-p-010511
2026-04-04,Dr Sharma,pat-0299,inv-p-010517
2026-04-04,Dr Sharma,pat-0055,inv-p-010523
2026-04-04,Dr Khan,pat-0218,inv-p-010526
2026-04-04,Dr Sharma,pat-0445,inv-p-010534
2026-04-04,Dr Iyer,pat-0208,inv-p-010543
2026-04-04,Dr Reddy,pat-0372,inv-p-010551
2026-04-04,Dr Patel,pat-0315,inv-p-010558
2026-04-04,Dr Patel,pat-0063,inv-p-010565
2026-04-04,Dr Khan,pat-0274,inv-p-010566
2026-04-04,Dr Khan,pat-0430,inv-p-010567
2026-04-05,Dr Reddy,pat-0306,inv-p-010578
2026-04-05,Dr Iyer,pat-0482,inv-p-010586
2026-04-05,Dr Reddy,pat-0486,inv-p-010607
2026-04-05,Dr Reddy,pat-0451,inv-p-010614
2026-04-05,Dr Khan,pat-0017,inv-p-010619
2026-04-05,Dr Khan,pat-0169,inv-p-010622
2026-04-05,Dr Khan,pat-0321,inv-p-010634
2026-04-05,Dr Iyer,pat-0188,inv-p-010636
2026-04-05,Dr Reddy,pat-0474,inv-p-010649
2026-04-05,Dr Iyer,pat-0270,inv-p-010661
2026-04-05,Dr Iyer,pat-0312,inv-p-010663
2026-04-05,Dr Iyer,pat-0415,inv-p-010665
2026-04-05,Dr Iyer,pat-0305,inv-p-010675
2026-04-05,Dr Patel,pat-0067,inv-p-010686
2026-04-06,Dr Patel,pat-0128,inv-p-010718
2026-04-06,Dr Reddy,pat-0227,inv-p-010726
2026-04-06,Dr Khan,pat-0104,inv-p-010729
2026-04-06,Dr Reddy,pat-0053,inv-p-010743
2026-04-06,Dr Sharma,pat-0418,inv-p-010748
2026-04-06,Dr Iyer,pat-0428,inv-p-010752
2026-04-06,Dr Iyer,pat-0198,inv-p-010759
2026-04-06,Dr Reddy,pat-0179,inv-p-010766
2026-04-06,Dr Reddy,pat-0002,inv-p-010782
2026-04-06,Dr Patel,pat-0339,inv-p-010787
2026-04-07,Dr Khan,pat-0264,inv-p-010799
2026-04-07,Dr Iyer,pat-0004,inv-p-010811
2026-04-07,Dr Reddy,pat-0483,inv-p-010856
2026-04-07,Dr Sharma,pat-0499,inv-p-010862
2026-04-07,Dr Patel,pat-0258,inv-p-010864
2026-04-07,Dr Patel,pat-0263,inv-p-010867
2026-04-07,Dr Reddy,pat-0137,inv-p-010872
2026-04-07,Dr Sharma,pat-0394,inv-p-010881
2026-04-07,Dr Khan,pat-0310,inv-p-010886
2026-04-08,Dr Patel,pat-0041,inv-p-010900
2026-04-08,Dr Reddy,pat-0238,inv-p-010912
2026-04-08,Dr Sharma,pat-0425,inv-p-010913
2026-04-08,Dr Reddy,pat-0493,inv-p-010920
2026-04-08,Dr Patel,pat-0201,inv-p-010922
2026-04-08,Dr Khan,pat-0156,inv-p-010932
2026-04-08,Dr Reddy,pat-0010,inv-p-010936
2026-04-08,Dr Sharma,pat-0400,inv-p-010946
2026-04-08,Dr Iyer,pat-0075,inv-p-010958
2026-04-08,Dr Patel,pat-0399,inv-p-010976
2026-04-09,Dr Patel,pat-0009,inv-p-011010
2026-04-09,Dr Sharma,pat-0469,inv-p-011020
2026-04-09,Dr Patel,pat-0254,inv-p-011033
2026-04-09,Dr Iyer,pat-0239,inv-p-011036
2026-04-09,Dr Patel,pat-0357,inv-p-011048
2026-04-09,Dr Reddy,pat-0340,inv-p-011053
2026-04-09,Dr Iyer,pat-0080,inv-p-011062
2026-04-09,Dr Iyer,pat-0400,inv-p-011076
2026-04-09,Dr Khan,pat-0099,inv-p-011085
2026-04-09,Dr Patel,pat-0095,inv-p-011098
2026-04-10,Dr Khan,pat-0031,inv-p-011107
2026-04-10,Dr Iyer,pat-0422,inv-p-011114
2026-04-10,Dr Khan,pat-0086,inv-p-011117
2026-04-10,Dr Reddy,pat-0205,inv-p-011129
2026-04-10,Dr Iyer,pat-0490,inv-p-011130
2026-04-10,Dr Khan,pat-0113,inv-p-011134
2026-04-10,Dr Khan,pat-0064,inv-p-011145
2026-04-10,Dr Khan,pat-0114,inv-p-011148
2026-04-10,Dr Khan,pat-0213,inv-p-011150
2026-04-10,Dr Iyer,pat-0383,inv-p-011158
2026-04-10,Dr Sharma,pat-0295,inv-p-011176
2026-04-10,Dr Iyer,pat-0136,inv-p-011180
2026-04-10,Dr Patel,pat-0309,inv-p-011183
2026-04-10,Dr Iyer,pat-0253,inv-p-011187
2026-04-10,Dr Sharma,pat-0310,inv-p-011190
2026-04-10,Dr Iyer,pat-0120,inv-p-011192
2026-04-11,Dr Iyer,pat-0322,inv-p-011195
2026-04-11,Dr Reddy,pat-0009,inv-p-011202
2026-04-11,Dr Sharma,pat-0249,inv-p-011207
2026-04-11,Dr Iyer,pat-0412,inv-p-011210
2026-04-11,Dr Sharma,pat-0052,inv-p-011218
2026-04-11,Dr Khan,pat-0081,inv-p-011222
2026-04-11,Dr Iyer,pat-0297,inv-p-011244
2026-04-11,Dr Khan,pat-0219,inv-p-011252
2026-04-11,Dr Patel,pat-0398,inv-p-011254
2026-04-11,Dr Khan,pat-0351,inv-p-011256
2026-04-11,Dr Patel,pat-0238,inv-p-011299
2026-04-11,Dr Iyer,pat-0354,inv-p-011304
2026-04-11,Dr Iyer,pat-0355,inv-p-011313
2026-04-12,Dr Patel,pat-0260,inv-p-011332
2026-04-12,Dr Sharma,pat-0173,inv-p-011334
2026-04-12,Dr Patel,pat-0478,inv-p-011341
2026-04-12,Dr Iyer,pat-0141,inv-p-011356
2026-04-12,Dr Reddy,pat-0311,inv-p-011359
2026-04-12,Dr Reddy,pat-0215,inv-p-011370
2026-04-12,Dr Patel,pat-0247,inv-p-011388
2026-04-12,Dr Reddy,pat-0192,inv-p-011391
2026-04-12,Dr Reddy,pat-0044,inv-p-011396
2026-04-12,Dr Reddy,pat-0026,inv-p-011410
2026-04-12,Dr Reddy,pat-0217,inv-p-011421
2026-04-12,Dr Sharma,pat-0336,inv-p-011433
2026-04-12,Dr Sharma,pat-0162,inv-p-011436
2026-04-12,Dr Reddy,pat-0062,inv-p-011437
2026-04-12,Dr Iyer,pat-0350,inv-p-011443
2026-04-12,Dr Sharma,pat-0119,inv-p-011451
2026-04-13,Dr Sharma,pat-0413,inv-p-011454
2026-04-13,Dr Patel,pat-0400,inv-p-011459
2026-04-13,Dr Khan,pat-0338,inv-p-011478
2026-04-13,Dr Reddy,pat-0296,inv-p-011479
2026-04-13,Dr Iyer,pat-0443,inv-p-011482
2026-04-13,Dr Iyer,pat-0034,inv-p-011483
2026-04-13,Dr Reddy,pat-0459,inv-p-011487
2026-04-13,Dr Patel,pat-0397,inv-p-011493
2026-04-13,Dr Sharma,pat-0442,inv-p-011494
2026-04-13,Dr Khan,pat-0220,inv-p-011497
2026-04-13,Dr Iyer,pat-0482,inv-p-011500
2026-04-13,Dr Iyer,pat-0153,inv-p-011509
2026-04-13,Dr Khan,pat-0319,inv-p-011522
2026-04-13,Dr Iyer,pat-0106,inv-p-011538
2026-04-13,Dr Sharma,pat-0475,inv-p-011542
2026-04-13,Dr Patel,pat-0413,inv-p-011544
2026-04-13,Dr Patel,pat-0292,inv-p-011554
2026-04-13,Dr Sharma,pat-0216,inv-p-011559
2026-04-13,Dr Patel,pat-0495,inv-p-011562
2026-04-14,Dr Patel,pat-0020,inv-p-011574
2026-04-14,Dr Khan,pat-0175,inv-p-011575
2026-04-14,Dr Iyer,pat-0291,inv-p-011578
2026-04-14,Dr Patel,pat-0309,inv-p-011586
2026-04-14,Dr Iyer,pat-0023,inv-p-011594
2026-04-14,Dr Iyer,pat-0354,inv-p-011600
2026-04-14,Dr Sharma,pat-0192,inv-p-011603
2026-04-14,Dr Iyer,pat-0370,inv-p-011610
2026-04-14,Dr Reddy,pat-0050,inv-p-011614
2026-04-14,Dr Patel,pat-0289,inv-p-011616
2026-04-14,Dr Reddy,pat-0320,inv-p-011631
2026-04-14,Dr Khan,pat-0064,inv-p-011632
2026-04-14,Dr Sharma,pat-0165,inv-p-011633
2026-04-14,Dr Sharma,pat-0377,inv-p-011653
2026-04-15,Dr Khan,pat-0317,inv-p-011668
2026-04-15,Dr Khan,pat-0223,inv-p-011672
2026-04-15,Dr Sharma,pat-0094,inv-p-011688
2026-04-15,Dr Khan,pat-0462,inv-p-011706
2026-04-15,Dr Reddy,pat-0242,inv-p-011710
2026-04-15,Dr Reddy,pat-0386,inv-p-011717
2026-04-15,Dr Khan,pat-0270,inv-p-011719
2026-04-15,Dr Khan,pat-0396,inv-p-011731
2026-04-15,Dr Khan,pat-0102,inv-p-011740
2026-04-15,Dr Reddy,pat-0073,inv-p-011747
2026-04-15,Dr Khan,pat-0269,inv-p-011767
2026-04-15,Dr Patel,pat-0170,inv-p-011771
2026-04-16,Dr Khan,pat-0411,inv-p-011778
2026-04-16,Dr Sharma,pat-0267,inv-p-011788
2026-04-16,Dr Khan,pat-0359,inv-p-011790
2026-04-16,Dr Sharma,pat-0038,inv-p-011795
2026-04-16,Dr Reddy,pat-0238,inv-p-011802
2026-04-16,Dr Patel,pat-0023,inv-p-011803
2026-04-16,Dr Khan,pat-0434,inv-p-011805
2026-04-16,Dr Reddy,pat-0023,inv-p-011816
2026-04-16,Dr Iyer,pat-0368,inv-p-011826
2026-04-16,Dr Khan,pat-0383,inv-p-011828
2026-04-16,Dr Reddy,pat-0434,inv-p-011834
2026-04-16,Dr Sharma,pat-0346,inv-p-011835
2026-04-16,Dr Khan,pat-0388,inv-p-011841
2026-04-16,Dr Iyer,pat-0498,inv-p-011847
2026-04-16,Dr Khan,pat-0177,inv-p-011848
2026-04-16,Dr Sharma,pat-0460,inv-p-011850
2026-04-16,Dr Khan,pat-0246,inv-p-011856
2026-04-16,Dr Reddy,pat-0105,inv-p-011858
2026-04-16,Dr Patel,pat-0294,inv-p-011862
2026-04-16,Dr Iyer,pat-0185,inv-p-011866
2026-04-17,Dr Khan,pat-0257,inv-p-011886
2026-04-17,Dr Sharma,pat-0221,inv-p-011899
2026-04-17,Dr Sharma,pat-0331,inv-p-011912
2026-04-17,Dr Iyer,pat-0045,inv-p-011913
2026-04-17,Dr Khan,pat-0294,inv-p-011916
2026-04-17,Dr Reddy,pat-0249,inv-p-011930
2026-04-17,Dr Iyer,pat-0094,inv-p-011947
2026-04-17,Dr Patel,pat-0331,inv-p-011953
2026-04-17,Dr Iyer,pat-0463,inv-p-011959
2026-04-17,Dr Khan,pat-0305,inv-p-011963
2026-04-18,Dr Khan,pat-0379,inv-p-011967
2026-04-18,Dr Sharma,pat-0313,inv-p-011969
2026-04-18,Dr Sharma,pat-0202,inv-p-011976
2026-04-18,Dr Patel,pat-0395,inv-p-011988
2026-04-18,Dr Sharma,pat-0072,inv-p-011990
2026-04-18,Dr Sharma,pat-0366,inv-p-011994
2026-04-18,Dr Reddy,pat-0490,inv-p-011996
2026-04-18,Dr Sharma,pat-0268,inv-p-011997
2026-04-18,Dr Iyer,pat-0123,inv-p-012012
2026-04-18,Dr Iyer,pat-0266,inv-p-012019
2026-04-18,Dr Khan,pat-0012,inv-p-012024
2026-04-18,Dr Sharma,pat-0063,inv-p-012025
2026-04-18,Dr Sharma,pat-0475,inv-p-012026
2026-04-18,Dr Sharma,pat-0325,inv-p-012029
2026-04-18,Dr Iyer,pat-0458,inv-p-012054
2026-04-18,Dr Reddy,pat-0339,inv-p-012068
2026-04-18,Dr Reddy,pat-0070,inv-p-012070
2026-04-18,Dr Reddy,pat-0094,inv-p-012073
2026-04-18,Dr Sharma,pat-0394,inv-p-012077
2026-04-18,Dr Patel,pat-0068,inv-p-012081
2026-04-18,Dr Sharma,pat-0296,inv-p-012088
2026-04-18,Dr Iyer,pat-0041,inv-p-012093
2026-04-18,Dr Sharma,pat-0258,inv-p-012098
2026-04-18,Dr Reddy,pat-0207,inv-p-012100
2026-04-18,Dr Reddy,pat-0316,inv-p-012102
2026-04-19,Dr Reddy,pat-0047,inv-p-012107
2026-04-19,Dr Patel,pat-0284,inv-p-012118
2026-04-19,Dr Sharma,pat-0181,inv-p-012125
2026-04-19,Dr Iyer,pat-0336,inv-p-012163
2026-04-19,Dr Reddy,pat-0497,inv-p-012165
2026-04-19,Dr Reddy,pat-0366,inv-p-012168
2026-04-19,Dr Khan,pat-0333,inv-p-012169
2026-04-19,Dr Patel,pat-0066,inv-p-012173
2026-04-19,Dr Reddy,pat-0491,inv-p-012178
2026-04-19,Dr Iyer,pat-0266,inv-p-012181
2026-04-19,Dr Patel,pat-0048,inv-p-012182
2026-04-19,Dr Patel,pat-0486,inv-p-012183
2026-04-19,Dr Khan,pat-0466,inv-p-012192
2026-04-19,Dr Khan,pat-0422,inv-p-012209
2026-04-19,Dr Patel,pat-0473,inv-p-012214
2026-04-20,Dr Sharma,pat-0176,inv-p-012230
2026-04-20,Dr Khan,pat-0162,inv-p-012241
2026-04-20,Dr Khan,pat-0298,inv-p-012244
2026-04-20,Dr Khan,pat-0250,inv-p-012245
2026-04-20,Dr Iyer,pat-0339,inv-p-012251
2026-04-20,Dr Khan,pat-0306,inv-p-012255
2026-04-20,Dr Iyer,pat-0194,inv-p-012265
2026-04-20,Dr Iyer,pat-0053,inv-p-012269
2026-04-20,Dr Reddy,pat-0282,inv-p-012272
2026-04-20,Dr Patel,pat-0304,inv-p-012276
2026-04-20,Dr Khan,pat-0061,inv-p-012283
2026-04-20,Dr Patel,pat-0488,inv-p-012291
2026-04-20,Dr Iyer,pat-0162,inv-p-012296
2026-04-20,Dr Sharma,pat-0031,inv-p-012299
2026-04-20,Dr Khan,pat-0126,inv-p-012309
2026-04-20,Dr Patel,pat-0467,inv-p-012310
2026-04-21,Dr Reddy,pat-0281,inv-p-012327
2026-04-21,Dr Reddy,pat-0434,inv-p-012328
2026-04-21,Dr Patel,pat-0434,inv-p-012329
2026-04-21,Dr Khan,pat-0051,inv-p-012330
2026-04-21,Dr Patel,pat-0498,inv-p-012331
2026-04-21,Dr Khan,pat-0233,inv-p-012340
2026-04-21,Dr Patel,pat-0125,inv-p-012343
2026-04-21,Dr Khan,pat-0445,inv-p-012367
2026-04-21,Dr Patel,pat-0312,inv-p-012372
2026-04-21,Dr Sharma,pat-0294,inv-p-012383
2026-04-21,Dr Iyer,pat-0061,inv-p-012400
2026-04-21,Dr Patel,pat-0354,inv-p-012406
2026-04-21,Dr Khan,pat-0083,inv-p-012417
2026-04-21,Dr Patel,pat-0111,inv-p-012420
2026-04-22,Dr Sharma,pat-0448,inv-p-012441
2026-04-22,Dr Reddy,pat-0085,inv-p-012453
2026-04-22,Dr Patel,pat-0048,inv-p-012458
2026-04-22,Dr Patel,pat-0157,inv-p-012459
2026-04-22,Dr Reddy,pat-0489,inv-p-012468
2026-04-22,Dr Sharma,pat-0291,inv-p-012469
2026-04-22,Dr Iyer,pat-0330,inv-p-012472
2026-04-22,Dr Sharma,pat-0357,inv-p-012478
2026-04-22,Dr Khan,pat-0260,inv-p-012488
2026-04-22,Dr Sharma,pat-0238,inv-p-012489
2026-04-22,Dr Iyer,pat-0322,inv-p-012494
2026-04-22,Dr Reddy,pat-0034,inv-p-012496
2026-04-22,Dr Iyer,pat-0091,inv-p-012509
2026-04-22,Dr Reddy,pat-0276,inv-p-012524
2026-04-22,Dr Khan,pat-0114,inv-p-012531
2026-04-22,Dr Reddy,pat-0473,inv-p-012538
2026-04-23,Dr Patel,pat-0012,inv-p-012544
2026-04-23,Dr Iyer,pat-0261,inv-p-012550
2026-04-23,Dr Khan,pat-0377,inv-p-012556
2026-04-23,Dr Reddy,pat-0325,inv-p-012557
2026-04-23,Dr Sharma,pat-0464,inv-p-012560
2026-04-23,Dr Reddy,pat-0102,inv-p-012571
2026-04-23,Dr Iyer,pat-0422,inv-p-012573
2026-04-23,Dr Reddy,pat-0193,inv-p-012576
2026-04-23,Dr Iyer,pat-0403,inv-p-012594
2026-04-23,Dr Patel,pat-0024,inv-p-012595
2026-04-23,Dr Patel,pat-0203,inv-p-012598
2026-04-23,Dr Reddy,pat-0391,inv-p-012608
2026-04-23,Dr Iyer,pat-0470,inv-p-012611
2026-04-23,Dr Khan,pat-0143,inv-p-012612
2026-04-23,Dr Iyer,pat-0217,inv-p-012615
2026-04-23,Dr Reddy,pat-0088,inv-p-012617
2026-04-24,Dr Sharma,pat-0494,inv-p-012667
2026-04-24,Dr Patel,pat-0086,inv-p-012668
2026-04-24,Dr Khan,pat-0433,inv-p-012673
2026-04-24,Dr Khan,pat-0257,inv-p-012679
2026-04-24,Dr Iyer,pat-0435,inv-p-012682
2026-04-24,Dr Patel,pat-0359,inv-p-012686
2026-04-24,Dr Sharma,pat-0077,inv-p-012710
2026-04-24,Dr Reddy,pat-0149,inv-p-012712
2026-04-24,Dr Patel,pat-0337,inv-p-012730
2026-04-24,Dr Reddy,pat-0114,inv-p-012732
2026-04-24,Dr Patel,pat-0104,inv-p-012733
2026-04-24,Dr Khan,pat-0365,inv-p-012736
2026-04-24,Dr Sharma,pat-0009,inv-p-012741
2026-04-25,Dr Patel,pat-0270,inv-p-012761
2026-04-25,Dr Sharma,pat-0234,inv-p-012768
2026-04-25,Dr Patel,pat-0016,inv-p-012774
2026-04-25,Dr Iyer,pat-0437,inv-p-012777
2026-04-25,Dr Reddy,pat-0090,inv-p-012778
2026-04-25,Dr Reddy,pat-0203,inv-p-012788
2026-04-25,Dr Khan,pat-0221,inv-p-012790
2026-04-25,Dr Khan,pat-0324,inv-p-012800
2026-04-25,Dr Reddy,pat-0176,inv-p-012814
2026-04-25,Dr Reddy,pat-0448,inv-p-012816
2026-04-25,Dr Sharma,pat-0117,inv-p-012821
2026-04-25,Dr Iyer,pat-0239,inv-p-012834
2026-04-25,Dr Khan,pat-0243,inv-p-012842
2026-04-25,Dr Reddy,pat-0202,inv-p-012847
2026-04-25,Dr Khan,pat-0060,inv-p-012848
2026-04-25,Dr Patel,pat-0365,inv-p-012853
2026-04-25,Dr Iyer,pat-0105,inv-p-012854
2026-04-25,Dr Iyer,pat-0139,inv-p-012857
2026-04-25,Dr Iyer,pat-0289,inv-p-012859
2026-04-25,Dr Sharma,pat-0013,inv-p-012865
2026-04-25,Dr Khan,pat-0260,inv-p-012885
2026-04-26,Dr Reddy,pat-0181,inv-p-012886
2026-04-26,Dr Patel,pat-0304,inv-p-012897
2026-04-26,Dr Khan,pat-0424,inv-p-012906
2026-04-26,Dr Khan,pat-0214,inv-p-012913
2026-04-26,Dr Khan,pat-0069,inv-p-012916
2026-04-26,Dr Patel,pat-0486,inv-p-012919
2026-04-26,Dr Patel,pat-0028,inv-p-012928
2026-04-26,Dr Sharma,pat-0140,inv-p-012940
2026-04-26,Dr Sharma,pat-0061,inv-p-012947
2026-04-26,Dr Sharma,pat-0330,inv-p-012948
2026-04-26,Dr Patel,pat-0348,inv-p-012955
2026-04-26,Dr Khan,pat-0135,inv-p-012969
2026-04-26,Dr Patel,pat-0002,inv-p-012981
2026-04-26,Dr Iyer,pat-0124,inv-p-012984
2026-04-26,Dr Iyer,pat-0040,inv-p-012987
2026-04-26,Dr Iyer,pat-0043,inv-p-012991
2026-04-26,Dr Sharma,pat-0300,inv-p-012995
2026-04-26,Dr Khan,pat-0372,inv-p-013004
2026-04-26,Dr Reddy,pat-0081,inv-p-013006
2026-04-26,Dr Iyer,pat-0323,inv-p-013016
2026-04-27,Dr Khan,pat-0231,inv-p-013023
2026-04-27,Dr Reddy,pat-0152,inv-p-013025
2026-04-27,Dr Iyer,pat-0221,inv-p-013026
2026-04-27,Dr Sharma,pat-0128,inv-p-013029
2026-04-27,Dr Reddy,pat-0328,inv-p-013031
2026-04-27,Dr Sharma,pat-0354,inv-p-013034
2026-04-27,Dr Iyer,pat-0281,inv-p-013035
2026-04-27,Dr Reddy,pat-0124,inv-p-013036
2026-04-27,Dr Reddy,pat-0098,inv-p-013044
2026-04-27,Dr Khan,pat-0376,inv-p-013066
2026-04-27,Dr Sharma,pat-0135,inv-p-013069
2026-04-27,Dr Patel,pat-0257,inv-p-013105
2026-04-27,Dr Iyer,pat-0185,inv-p-013106
2026-04-27,Dr Sharma,pat-0080,inv-p-013110
2026-04-27,Dr Reddy,pat-0133,inv-p-013117
2026-04-27,Dr Khan,pat-0093,inv-p-013127
2026-04-27,Dr Sharma,pat-0179,inv-p-013128
2026-04-27,Dr Reddy,pat-0214,inv-p-013132
2026-04-27,Dr Sharma,pat-0386,inv-p-013137
2026-04-27,Dr Patel,pat-0050,inv-p-013139
2026-04-28,Dr Iyer,pat-0267,inv-p-013152
2026-04-28,Dr Sharma,pat-0004,inv-p-013153
2026-04-28,Dr Reddy,pat-0354,inv-p-013159
2026-04-28,Dr Sharma,pat-0460,inv-p-013166
2026-04-28,Dr Sharma,pat-0417,inv-p-013170
2026-04-28,Dr Iyer,pat-0013,inv-p-013171
2026-04-28,Dr Khan,pat-0480,inv-p-013172
2026-04-28,Dr Khan,pat-0189,inv-p-013173
2026-04-28,Dr Reddy,pat-0178,inv-p-013174
2026-04-28,Dr Reddy,pat-0434,inv-p-013177
2026-04-28,Dr Patel,pat-0258,inv-p-013181
2026-04-28,Dr Sharma,pat-0086,inv-p-013182
2026-04-28,Dr Sharma,pat-0021,inv-p-013183
2026-04-28,Dr Khan,pat-0182,inv-p-013192
2026-04-28,Dr Patel,pat-0432,inv-p-013194
2026-04-28,Dr Reddy,pat-0415,inv-p-013197
2026-04-28,Dr Patel,pat-0169,inv-p-013205
2026-04-28,Dr Reddy,pat-0012,inv-p-013216
2026-04-28,Dr Reddy,pat-0215,inv-p-013224
2026-04-28,Dr Iyer,pat-0371,inv-p-013230
2026-04-28,Dr Sharma,pat-0172,inv-p-013232
2026-04-28,Dr Khan,pat-0461,inv-p-013237
2026-04-28,Dr Sharma,pat-0359,inv-p-013250
2026-04-28,Dr Reddy,pat-0411,inv-p-013258
2026-04-29,Dr Iyer,pat-0190,inv-p-013261
2026-04-29,Dr Reddy,pat-0039,inv-p-013293
2026-04-29,Dr Khan,pat-0029,inv-p-013294
2026-04-29,Dr Khan,pat-0399,inv-p-013295
2026-04-29,Dr Sharma,pat-0391,inv-p-013297
2026-04-29,Dr Iyer,pat-0012,inv-p-013303
2026-04-29,Dr Reddy,pat-0169,inv-p-013307
2026-04-29,Dr Reddy,pat-0264,inv-p-013320
2026-04-29,Dr Patel,pat-0100,inv-p-013321
2026-04-29,Dr Reddy,pat-0093,inv-p-013326
2026-04-29,Dr Sharma,pat-0051,inv-p-013333
2026-04-29,Dr Reddy,pat-0189,inv-p-013337
2026-04-29,Dr Khan,pat-0082,inv-p-013346
2026-04-29,Dr Reddy,pat-0210,inv-p-013353
2026-04-29,Dr Patel,pat-0189,inv-p-013375
2026-04-29,Dr Khan,pat-0386,inv-p-013380
2026-04-30,Dr Patel,pat-0418,inv-p-013385
2026-04-30,Dr Khan,pat-0117,inv-p-013392
2026-04-30,Dr Reddy,pat-0429,inv-p-013396
2026-04-30,Dr Khan,pat-0097,inv-p-013414
2026-04-30,Dr Iyer,pat-0071,inv-p-013416
2026-04-30,Dr Khan,pat-0177,inv-p-013421
2026-04-30,Dr Sharma,pat-0363,inv-p-013424
2026-04-30,Dr Khan,pat-0261,inv-p-013426
2026-04-30,Dr Khan,pat-0397,inv-p-013430
2026-04-30,Dr Reddy,pat-0333,inv-p-013432
2026-04-30,Dr Khan,pat-0187,inv-p-013436
2026-04-30,Dr Reddy,pat-0023,inv-p-013443
2026-04-30,Dr Sharma,pat-0218,inv-p-013447
2026-04-30,Dr Reddy,pat-0124,inv-p-013454
2026-04-30,Dr Iyer,pat-0310,inv-p-013466
2026-04-30,Dr Patel,pat-0269,inv-p-013470
2026-04-30,Dr Reddy,pat-0226,inv-p-013471
2026-04-30,Dr Reddy,pat-0076,inv-p-013488
2026-05-01,Dr Sharma,pat-0105,inv-p-013497
2026-05-01,Dr Patel,pat-0204,inv-p-013508
2026-05-01,Dr Iyer,pat-0127,inv-p-013509
2026-05-01,Dr Iyer,pat-0295,inv-p-013515
2026-05-01,Dr Iyer,pat-0100,inv-p-013528
2026-05-01,Dr Patel,pat-0363,inv-p-013534
2026-05-01,Dr Patel,pat-0100,inv-p-013542
2026-05-01,Dr Reddy,pat-0197,inv-p-013554
2026-05-01,Dr Reddy,pat-0414,inv-p-013557
2026-05-01,Dr Reddy,pat-0235,inv-p-013561
2026-05-01,Dr Patel,pat-0328,inv-p-013564
2026-05-01,Dr Patel,pat-0401,inv-p-013576
2026-05-01,Dr Khan,pat-0330,inv-p-013582
2026-05-01,Dr Iyer,pat-0008,inv-p-013584
2026-05-01,Dr Sharma,pat-0289,inv-p-013589
2026-05-01,Dr Reddy,pat-0392,inv-p-013592
2026-05-01,Dr Reddy,pat-0388,inv-p-013593
2026-05-02,Dr Khan,pat-0336,inv-p-013602
2026-05-02,Dr Sharma,pat-0112,inv-p-013609
2026-05-02,Dr Khan,pat-0293,inv-p-013611
2026-05-02,Dr Reddy,pat-0175,inv-p-013617
2026-05-02,Dr Iyer,pat-0207,inv-p-013627
2026-05-02,Dr Sharma,pat-0118,inv-p-013629
2026-05-02,Dr Sharma,pat-0263,inv-p-013632
2026-05-02,Dr Reddy,pat-0196,inv-p-013633
2026-05-02,Dr Patel,pat-0397,inv-p-013649
2026-05-02,Dr Patel,pat-0433,inv-p-013652
2026-05-02,Dr Sharma,pat-0126,inv-p-013659
2026-05-02,Dr Khan,pat-0475,inv-p-013683
2026-05-02,Dr Khan,pat-0153,inv-p-013684
2026-05-02,Dr Reddy,pat-0146,inv-p-013689
2026-05-02,Dr Sharma,pat-0434,inv-p-013693
2026-05-02,Dr Iyer,pat-0431,inv-p-013698
2026-05-02,Dr Sharma,pat-0460,inv-p-013704
2026-05-02,Dr Sharma,pat-0076,inv-p-013714
2026-05-02,Dr Patel,pat-0395,inv-p-013715
2026-05-03,Dr Iyer,pat-0498,inv-p-013727
2026-05-03,Dr Khan,pat-0189,inv-p-013730
2026-05-03,Dr Khan,pat-0376,inv-p-013734
2026-05-03,Dr Patel,pat-0242,inv-p-013736
2026-05-03,Dr Iyer,pat-0074,inv-p-013741
2026-05-03,Dr Sharma,pat-0168,inv-p-013746
2026-05-03,Dr Iyer,pat-0386,inv-p-013752
2026-05-03,Dr Reddy,pat-0162,inv-p-013762
2026-05-03,Dr Reddy,pat-0111,inv-p-013769
2026-05-03,Dr Patel,pat-0077,inv-p-013771
2026-05-03,Dr Iyer,pat-0131,inv-p-013772
2026-05-03,Dr Sharma,pat-0352,inv-p-013775
2026-05-03,Dr Reddy,pat-0471,inv-p-013782
2026-05-03,Dr Khan,pat-0426,inv-p-013784
2026-05-03,Dr Khan,pat-0434,inv-p-013811
2026-05-03,Dr Iyer,pat-0138,inv-p-013812
2026-05-03,Dr Patel,pat-0415,inv-p-013821
2026-05-04,Dr Iyer,pat-0132,inv-p-013853
2026-05-04,Dr Sharma,pat-0260,inv-p-013866
2026-05-04,Dr Khan,pat-0164,inv-p-013879
2026-05-04,Dr Sharma,pat-0145,inv-p-013883
2026-05-04,Dr Sharma,pat-0146,inv-p-013884
2026-05-04,Dr Iyer,pat-0091,inv-p-013899
2026-05-04,Dr Iyer,pat-0102,inv-p-013909
2026-05-04,Dr Iyer,pat-0104,inv-p-013913
2026-05-04,Dr Khan,pat-0065,inv-p-013917
2026-05-04,Dr Patel,pat-0128,inv-p-013923
2026-05-04,Dr Sharma,pat-0437,inv-p-013936
2026-05-05,Dr Sharma,pat-0475,inv-p-013953
2026-05-05,Dr Iyer,pat-0118,inv-p-013957
2026-05-05,Dr Khan,pat-0307,inv-p-013958
2026-05-05,Dr Iyer,pat-0095,inv-p-013960
2026-05-05,Dr Khan,pat-0035,inv-p-013964
2026-05-05,Dr Sharma,pat-0335,inv-p-013991
2026-05-05,Dr Sharma,pat-0246,inv-p-013993
2026-05-05,Dr Iyer,pat-0081,inv-p-014000
2026-05-05,Dr Patel,pat-0076,inv-p-014013
2026-05-05,Dr Sharma,pat-0424,inv-p-014023
2026-05-06,Dr Iyer,pat-0143,inv-p-014043
2026-05-06,Dr Sharma,pat-0375,inv-p-014045
2026-05-06,Dr Patel,pat-0378,inv-p-014065
2026-05-06,Dr Khan,pat-0154,inv-p-014074
2026-05-06,Dr Patel,pat-0468,inv-p-014080
2026-05-06,Dr Reddy,pat-0375,inv-p-014092
2026-05-06,Dr Sharma,pat-0442,inv-p-014093
2026-05-06,Dr Iyer,pat-0149,inv-p-014095
2026-05-06,Dr Sharma,pat-0340,inv-p-014107
2026-05-06,Dr Sharma,pat-0339,inv-p-014114
2026-05-06,Dr Patel,pat-0052,inv-p-014126
2026-05-06,Dr Iyer,pat-0228,inv-p-014131
2026-05-06,Dr Patel,pat-0476,inv-p-014136
2026-05-06,Dr Iyer,pat-0411,inv-p-014148
2026-05-07,Dr Iyer,pat-0431,inv-p-014160
2026-05-07,Dr Reddy,pat-0168,inv-p-014177
2026-05-07,Dr Iyer,pat-0400,inv-p-014182
2026-05-07,Dr Patel,pat-0464,inv-p-014201
2026-05-07,Dr Reddy,pat-0281,inv-p-014215
2026-05-07,Dr Reddy,pat-0152,inv-p-014216
2026-05-07,Dr Patel,pat-0354,inv-p-014218
2026-05-07,Dr Reddy,pat-0371,inv-p-014224
2026-05-07,Dr Reddy,pat-0274,inv-p-014228
2026-05-07,Dr Patel,pat-0423,inv-p-014236
2026-05-07,Dr Khan,pat-0332,inv-p-014237
2026-05-07,Dr Reddy,pat-0325,inv-p-014241
2026-05-07,Dr Sharma,pat-0133,inv-p-014242
2026-05-07,Dr Iyer,pat-0276,inv-p-014243
2026-05-08,Dr Iyer,pat-0181,inv-p-014253
2026-05-08,Dr Khan,pat-0283,inv-p-014258
2026-05-08,Dr Khan,pat-0117,inv-p-014260
2026-05-08,Dr Patel,pat-0422,inv-p-014262
2026-05-08,Dr Sharma,pat-0076,inv-p-014281
2026-05-08,Dr Patel,pat-0244,inv-p-014291
2026-05-08,Dr Sharma,pat-0340,inv-p-014292
2026-05-08,Dr Khan,pat-0301,inv-p-014304
2026-05-08,Dr Khan,pat-0145,inv-p-014332
2026-05-08,Dr Iyer,pat-0156,inv-p-014343
2026-05-08,Dr Khan,pat-0336,inv-p-014347
2026-05-09,Dr Khan,pat-0007,inv-p-014356
2026-05-09,Dr Patel,pat-0407,inv-p-014360
2026-05-09,Dr Sharma,pat-0088,inv-p-014369
2026-05-09,Dr Patel,pat-0169,inv-p-014370
2026-05-09,Dr Patel,pat-0036,inv-p-014372
2026-05-09,Dr Reddy,pat-0463,inv-p-014374
2026-05-09,Dr Khan,pat-0496,inv-p-014375
2026-05-09,Dr Iyer,pat-0141,inv-p-014379
2026-05-09,Dr Patel,pat-0029,inv-p-014383
2026-05-09,Dr Sharma,pat-0422,inv-p-014395
2026-05-09,Dr Reddy,pat-0322,inv-p-014415
2026-05-09,Dr Khan,pat-0268,inv-p-014423
2026-05-09,Dr Reddy,pat-0153,inv-p-014424
2026-05-09,Dr Khan,pat-0394,inv-p-014427
2026-05-09,Dr Khan,pat-0307,inv-p-014428
2026-05-09,Dr Sharma,pat-0427,inv-p-014430
2026-05-09,Dr Patel,pat-0404,inv-p-014454
2026-05-09,Dr Iyer,pat-0373,inv-p-014471
2026-05-10,Dr Patel,pat-0346,inv-p-014475
2026-05-10,Dr Iyer,pat-0427,inv-p-014480
2026-05-10,Dr Khan,pat-0377,inv-p-014492
2026-05-10,Dr Sharma,pat-0420,inv-p-014493
2026-05-10,Dr Sharma,pat-0419,inv-p-014500
2026-05-10,Dr Khan,pat-0308,inv-p-014505
2026-05-10,Dr Iyer,pat-0265,inv-p-014508
2026-05-10,Dr Patel,pat-0283,inv-p-014513
2026-05-10,Dr Khan,pat-0132,inv-p-014529
2026-05-10,Dr Patel,pat-0299,inv-p-014532
2026-05-10,Dr Sharma,pat-0320,inv-p-014533
2026-05-10,Dr Khan,pat-0112,inv-p-014548
2026-05-10,Dr Patel,pat-0222,inv-p-014553
2026-05-10,Dr Patel,pat-0486,inv-p-014565
2026-05-10,Dr Reddy,pat-0388,inv-p-014574
2026-05-10,Dr Khan,pat-0336,inv-p-014579
2026-05-11,Dr Sharma,pat-0444,inv-p-014599
2026-05-11,Dr Iyer,pat-0492,inv-p-014611
2026-05-11,Dr Iyer,pat-0470,inv-p-014612
2026-05-11,Dr Iyer,pat-0237,inv-p-014618
2026-05-11,Dr Reddy,pat-0037,inv-p-014648
2026-05-11,Dr Iyer,pat-0037,inv-p-014654
2026-05-11,Dr Reddy,pat-0315,inv-p-014664
2026-05-11,Dr Iyer,pat-0188,inv-p-014670
2026-05-12,Dr Iyer,pat-0338,inv-p-014687
2026-05-12,Dr Khan,pat-0486,inv-p-014696
2026-05-12,Dr Reddy,pat-0369,inv-p-014708
2026-05-12,Dr Reddy,pat-0090,inv-p-014716
2026-05-12,Dr Khan,pat-0086,inv-p-014730
2026-05-12,Dr Khan,pat-0452,inv-p-014743
2026-05-12,Dr Iyer,pat-0221,inv-p-014751
2026-05-12,Dr Patel,pat-0312,inv-p-014757
2026-05-12,Dr Reddy,pat-0344,inv-p-014762
2026-05-12,Dr Sharma,pat-0013,inv-p-014763
2026-05-12,Dr Khan,pat-0033,inv-p-014766
2026-05-12,Dr Patel,pat-0499,inv-p-014767
2026-05-12,Dr Sharma,pat-0044,inv-p-014774
2026-05-12,Dr Iyer,pat-0026,inv-p-014779
2026-05-13,Dr Khan,pat-0137,inv-p-014799
2026-05-13,Dr Sharma,pat-0245,inv-p-014811
2026-05-13,Dr Iyer,pat-0283,inv-p-014820
2026-05-13,Dr Sharma,pat-0421,inv-p-014832
2026-05-13,Dr Reddy,pat-0175,inv-p-014835
2026-05-13,Dr Khan,pat-0199,inv-p-014840
2026-05-13,Dr Khan,pat-0131,inv-p-014846
2026-05-13,Dr Iyer,pat-0308,inv-p-014849
2026-05-13,Dr Sharma,pat-0166,inv-p-014866
2026-05-13,Dr Iyer,pat-0196,inv-p-014869
2026-05-13,Dr Khan,pat-0406,inv-p-014870
2026-05-13,Dr Sharma,pat-0388,inv-p-014875
2026-05-14,Dr Sharma,pat-0410,inv-p-014891
2026-05-14,Dr Patel,pat-0410,inv-p-014892
2026-05-14,Dr Khan,pat-0173,inv-p-014906
2026-05-14,Dr Iyer,pat-0035,inv-p-014917
2026-05-14,Dr Khan,pat-0307,inv-p-014921
2026-05-14,Dr Iyer,pat-0029,inv-p-014923
2026-05-14,Dr Khan,pat-0366,inv-p-014929
2026-05-14,Dr Sharma,pat-0196,inv-p-014935
2026-05-14,Dr Reddy,pat-0296,inv-p-014938
2026-05-14,Dr Khan,pat-0148,inv-p-014958
2026-05-14,Dr Sharma,pat-0237,inv-p-014972
2026-05-14,Dr Reddy,pat-0228,inv-p-014974
2026-05-14,Dr Khan,pat-0422,inv-p-014977
2026-05-15,Dr Iyer,pat-0450,inv-p-014987
2026-05-15,Dr Iyer,pat-0077,inv-p-014988
2026-05-15,Dr Patel,pat-0273,inv-p-014991
2026-05-15,Dr Khan,pat-0372,inv-p-015001
2026-05-15,Dr Khan,pat-0424,inv-p-015015
2026-05-15,Dr Iyer,pat-0342,inv-p-015027
2026-05-15,Dr Patel,pat-0253,inv-p-015031
2026-05-15,Dr Sharma,pat-0021,inv-p-015032
2026-05-15,Dr Iyer,pat-0069,inv-p-015063
2026-05-15,Dr Sharma,pat-0091,inv-p-015064
2026-05-15,Dr Khan,pat-0348,inv-p-015082
2026-05-15,Dr Patel,pat-0452,inv-p-015086
2026-05-16,Dr Khan,pat-0331,inv-p-015096
2026-05-16,Dr Sharma,pat-0108,inv-p-015097
2026-05-16,Dr Sharma,pat-0291,inv-p-015098
2026-05-16,Dr Sharma,pat-0194,inv-p-015102
2026-05-16,Dr Sharma,pat-0480,inv-p-015104
2026-05-16,Dr Khan,pat-0248,inv-p-015106
2026-05-16,Dr Reddy,pat-0266,inv-p-015112
2026-05-16,Dr Sharma,pat-0250,inv-p-015121
2026-05-16,Dr Sharma,pat-0213,inv-p-015126
2026-05-16,Dr Iyer,pat-0278,inv-p-015127
2026-05-16,Dr Patel,pat-0254,inv-p-015128
2026-05-16,Dr Patel,pat-0173,inv-p-015138
2026-05-16,Dr Iyer,pat-0467,inv-p-015139
2026-05-16,Dr Patel,pat-0091,inv-p-015142
2026-05-16,Dr Reddy,pat-0471,inv-p-015149
2026-05-16,Dr Patel,pat-0143,inv-p-015173
2026-05-16,Dr Sharma,pat-0073,inv-p-015179
2026-05-16,Dr Iyer,pat-0117,inv-p-015197
2026-05-16,Dr Sharma,pat-0413,inv-p-015198
2026-05-16,Dr Patel,pat-0056,inv-p-015205
2026-05-16,Dr Khan,pat-0190,inv-p-015215
2026-05-17,Dr Khan,pat-0442,inv-p-015221
2026-05-17,Dr Iyer,pat-0112,inv-p-015235
2026-05-17,Dr Khan,pat-0407,inv-p-015236
2026-05-17,Dr Khan,pat-0358,inv-p-015241
2026-05-17,Dr Patel,pat-0296,inv-p-015242
2026-05-17,Dr Khan,pat-0460,inv-p-015246
2026-05-17,Dr Khan,pat-0311,inv-p-015257
2026-05-17,Dr Khan,pat-0378,inv-p-015265
2026-05-17,Dr Khan,pat-0043,inv-p-015266
2026-05-17,Dr Reddy,pat-0146,inv-p-015271
2026-05-17,Dr Reddy,pat-0222,inv-p-015277
2026-05-17,Dr Sharma,pat-0441,inv-p-015280
2026-05-17,Dr Khan,pat-0170,inv-p-015286
2026-05-17,Dr Reddy,pat-0221,inv-p-015287
2026-05-17,Dr Iyer,pat-0105,inv-p-015306
2026-05-17,Dr Reddy,pat-0171,inv-p-015311
2026-05-17,Dr Reddy,pat-0108,inv-p-015319
2026-05-17,Dr Reddy,pat-0106,inv-p-015328
2026-05-17,Dr Sharma,pat-0108,inv-p-015331
2026-05-17,Dr Iyer,pat-0391,inv-p-015334
2026-05-17,Dr Reddy,pat-0475,inv-p-015338
2026-05-17,Dr Reddy,pat-0378,inv-p-015339
2026-05-18,Dr Sharma,pat-0009,inv-p-015356
2026-05-18,Dr Sharma,pat-0176,inv-p-015361
2026-05-18,Dr Iyer,pat-0424,inv-p-015365
2026-05-18,Dr Reddy,pat-0244,inv-p-015368
2026-05-18,Dr Iyer,pat-0008,inv-p-015382
2026-05-18,Dr Reddy,pat-0061,inv-p-015388
2026-05-18,Dr Iyer,pat-0021,inv-p-015389
2026-05-18,Dr Khan,pat-0418,inv-p-015390
2026-05-18,Dr Sharma,pat-0032,inv-p-015400
2026-05-18,Dr Sharma,pat-0311,inv-p-015404
2026-05-18,Dr Iyer,pat-0163,inv-p-015405
2026-05-18,Dr Patel,pat-0493,inv-p-015408
2026-05-18,Dr Khan,pat-0096,inv-p-015409
2026-05-18,Dr Reddy,pat-0055,inv-p-015430
2026-05-18,Dr Reddy,pat-0196,inv-p-015452
2026-05-18,Dr Khan,pat-0423,inv-p-015453
2026-05-19,Dr Khan,pat-0012,inv-p-015455
2026-05-19,Dr Patel,pat-0195,inv-p-015456
2026-05-19,Dr Sharma,pat-0193,inv-p-015457
2026-05-19,Dr Iyer,pat-0491,inv-p-015478
2026-05-19,Dr Patel,pat-0085,inv-p-015487
2026-05-19,Dr Sharma,pat-0355,inv-p-015519
2026-05-19,Dr Sharma,pat-0283,inv-p-015548
2026-05-19,Dr Iyer,pat-0433,inv-p-015550
2026-05-20,Dr Iyer,pat-0222,inv-p-015588
2026-05-20,Dr Sharma,pat-0070,inv-p-015597
2026-05-20,Dr Patel,pat-0371,inv-p-015608
2026-05-20,Dr Iyer,pat-0378,inv-p-015613
2026-05-20,Dr Sharma,pat-0250,inv-p-015616
2026-05-20,Dr Patel,pat-0187,inv-p-015625
2026-05-20,Dr Patel,pat-0444,inv-p-015631
2026-05-20,Dr Patel,pat-0122,inv-p-015636
2026-05-20,Dr Patel,pat-0029,inv-p-015645
2026-05-20,Dr Patel,pat-0218,inv-p-015650
2026-05-20,Dr Reddy,pat-0373,inv-p-015651
2026-05-20,Dr Patel,pat-0006,inv-p-015652
2026-05-20,Dr Khan,pat-0354,inv-p-015668
2026-05-21,Dr Sharma,pat-0241,inv-p-015672
2026-05-21,Dr Iyer,pat-0399,inv-p-015687
2026-05-21,Dr Khan,pat-0411,inv-p-015700
2026-05-21,Dr Patel,pat-0469,inv-p-015714
2026-05-21,Dr Sharma,pat-0058,inv-p-015715
2026-05-21,Dr Reddy,pat-0412,inv-p-015731
2026-05-21,Dr Sharma,pat-0195,inv-p-015734
2026-05-21,Dr Khan,pat-0267,inv-p-015735
2026-05-21,Dr Reddy,pat-0419,inv-p-015752
2026-05-21,Dr Iyer,pat-0227,inv-p-015755
2026-05-21,Dr Reddy,pat-0125,inv-p-015756
2026-05-22,Dr Khan,pat-0028,inv-p-015773
2026-05-22,Dr Iyer,pat-0220,inv-p-015782
2026-05-22,Dr Sharma,pat-0188,inv-p-015786
2026-05-22,Dr Reddy,pat-0335,inv-p-015789
2026-05-22,Dr Khan,pat-0402,inv-p-015793
2026-05-22,Dr Khan,pat-0389,inv-p-015801
2026-05-22,Dr Khan,pat-0336,inv-p-015806
2026-05-22,Dr Sharma,pat-0361,inv-p-015808
2026-05-22,Dr Reddy,pat-0403,inv-p-015813
2026-05-22,Dr Khan,pat-0446,inv-p-015827
2026-05-22,Dr Sharma,pat-0034,inv-p-015828
2026-05-22,Dr Khan,pat-0111,inv-p-015829
2026-05-22,Dr Sharma,pat-0373,inv-p-015840
2026-05-22,Dr Sharma,pat-0111,inv-p-015843
2026-05-22,Dr Patel,pat-0032,inv-p-015849
2026-05-22,Dr Sharma,pat-0332,inv-p-015851
2026-05-22,Dr Reddy,pat-0013,inv-p-015858
2026-05-22,Dr Iyer,pat-0245,inv-p-015859
2026-05-22,Dr Iyer,pat-0351,inv-p-015863
2026-05-22,Dr Iyer,pat-0211,inv-p-015866
2026-05-22,Dr Reddy,pat-0197,inv-p-015868
2026-05-23,Dr Iyer,pat-0210,inv-p-015878
2026-05-23,Dr Patel,pat-0444,inv-p-015883
2026-05-23,Dr Sharma,pat-0461,inv-p-015889
2026-05-23,Dr Reddy,pat-0065,inv-p-015896
2026-05-23,Dr Patel,pat-0067,inv-p-015898
2026-05-23,Dr Khan,pat-0209,inv-p-015899
2026-05-23,Dr Iyer,pat-0129,inv-p-015907
2026-05-23,Dr Khan,pat-0342,inv-p-015910
2026-05-23,Dr Iyer,pat-0288,inv-p-015911
2026-05-23,Dr Khan,pat-0265,inv-p-015919
2026-05-23,Dr Iyer,pat-0041,inv-p-015924
2026-05-23,Dr Reddy,pat-0249,inv-p-015927
2026-05-23,Dr Khan,pat-0102,inv-p-015928
2026-05-23,Dr Reddy,pat-0194,inv-p-015929
2026-05-23,Dr Iyer,pat-0364,inv-p-015939
2026-05-23,Dr Khan,pat-0269,inv-p-015941
2026-05-23,Dr Sharma,pat-0285,inv-p-015955
2026-05-23,Dr Sharma,pat-0220,inv-p-015962
2026-05-23,Dr Reddy,pat-0146,inv-p-015967
2026-05-23,Dr Khan,pat-0162,inv-p-015973
2026-05-23,Dr Khan,pat-0113,inv-p-015974
2026-05-23,Dr Iyer,pat-0061,inv-p-015975
2026-05-23,Dr Patel,pat-0405,inv-p-015976
2026-05-23,Dr Iyer,pat-0230,inv-p-015977
2026-05-23,Dr Reddy,pat-0211,inv-p-016001
2026-05-24,Dr Khan,pat-0210,inv-p-016016
2026-05-24,Dr Sharma,pat-0003,inv-p-016027
2026-05-24,Dr Reddy,pat-0022,inv-p-016037
2026-05-24,Dr Khan,pat-0182,inv-p-016053
2026-05-24,Dr Patel,pat-0484,inv-p-016054
2026-05-24,Dr Patel,pat-0090,inv-p-016058
2026-05-24,Dr Khan,pat-0428,inv-p-016063
2026-05-24,Dr Reddy,pat-0383,inv-p-016073
2026-05-24,Dr Khan,pat-0482,inv-p-016075
2026-05-24,Dr Reddy,pat-0329,inv-p-016082
2026-05-24,Dr Sharma,pat-0480,inv-p-016101
2026-05-24,Dr Khan,pat-0380,inv-p-016102
2026-05-25,Dr Khan,pat-0303,inv-p-016148
2026-05-25,Dr Patel,pat-0453,inv-p-016158
2026-05-25,Dr Patel,pat-0230,inv-p-016161
2026-05-25,Dr Iyer,pat-0032,inv-p-016164
2026-05-25,Dr Patel,pat-0007,inv-p-016171
2026-05-25,Dr Khan,pat-0458,inv-p-016180
2026-05-25,Dr Sharma,pat-0200,inv-p-016181
2026-05-25,Dr Patel,pat-0496,inv-p-016190
2026-05-25,Dr Sharma,pat-0333,inv-p-016200
2026-05-25,Dr Khan,pat-0418,inv-p-016204
2026-05-25,Dr Patel,pat-0301,inv-p-016208
2026-05-25,Dr Patel,pat-0424,inv-p-016209
2026-05-25,Dr Reddy,pat-0332,inv-p-016210
2026-05-25,Dr Iyer,pat-0010,inv-p-016211
2026-05-25,Dr Sharma,pat-0025,inv-p-016213
2026-05-25,Dr Iyer,pat-0030,inv-p-016221
2026-05-25,Dr Sharma,pat-0228,inv-p-016222
2026-05-25,Dr Sharma,pat-0270,inv-p-016232
2026-05-26,Dr Sharma,pat-0053,inv-p-016256
2026-05-26,Dr Khan,pat-0444,inv-p-016273
2026-05-26,Dr Iyer,pat-0150,inv-p-016276
2026-05-26,Dr Iyer,pat-0045,inv-p-016288
2026-05-26,Dr Sharma,pat-0154,inv-p-016289
2026-05-26,Dr Sharma,pat-0488,inv-p-016303
2026-05-26,Dr Iyer,pat-0361,inv-p-016318
2026-05-26,Dr Khan,pat-0464,inv-p-016326
2026-05-27,Dr Sharma,pat-0156,inv-p-016346
2026-05-27,Dr Sharma,pat-0439,inv-p-016354
2026-05-27,Dr Sharma,pat-0339,inv-p-016358
2026-05-27,Dr Patel,pat-0260,inv-p-016372
2026-05-27,Dr Khan,pat-0076,inv-p-016383
2026-05-27,Dr Iyer,pat-0005,inv-p-016389
2026-05-27,Dr Sharma,pat-0101,inv-p-016405
2026-05-27,Dr Khan,pat-0193,inv-p-016413
2026-05-27,Dr Iyer,pat-0325,inv-p-016421
2026-05-27,Dr Sharma,pat-0307,inv-p-016425
2026-05-27,Dr Iyer,pat-0083,inv-p-016427
2026-05-27,Dr Khan,pat-0072,inv-p-016429
2026-05-27,Dr Patel,pat-0053,inv-p-016436
2026-05-28,Dr Iyer,pat-0131,inv-p-016452
2026-05-28,Dr Khan,pat-0448,inv-p-016454
2026-05-28,Dr Sharma,pat-0187,inv-p-016465
2026-05-28,Dr Iyer,pat-0009,inv-p-016474
2026-05-28,Dr Khan,pat-0200,inv-p-016481
2026-05-28,Dr Khan,pat-0090,inv-p-016488
2026-05-28,Dr Patel,pat-0492,inv-p-016516
2026-05-28,Dr Sharma,pat-0298,inv-p-016517
2026-05-28,Dr Reddy,pat-0456,inv-p-016519
2026-05-29,Dr Reddy,pat-0218,inv-p-016552
2026-05-29,Dr Patel,pat-0210,inv-p-016561
2026-05-29,Dr Sharma,pat-0070,inv-p-016572
2026-05-29,Dr Sharma,pat-0456,inv-p-016576
2026-05-29,Dr Iyer,pat-0248,inv-p-016582
2026-05-29,Dr Reddy,pat-0045,inv-p-016584
2026-05-29,Dr Patel,pat-0356,inv-p-016589
2026-05-29,Dr Patel,pat-0433,inv-p-016597
2026-05-29,Dr Reddy,pat-0217,inv-p-016615
2026-05-29,Dr Khan,pat-0234,inv-p-016621
2026-05-29,Dr Reddy,pat-0493,inv-p-016632
2026-05-29,Dr Sharma,pat-0288,inv-p-016648
2026-05-30,Dr Iyer,pat-0068,inv-p-016663
2026-05-30,Dr Khan,pat-0469,inv-p-016666
2026-05-30,Dr Sharma,pat-0044,inv-p-016683
2026-05-30,Dr Reddy,pat-0259,inv-p-016687
2026-05-30,Dr Sharma,pat-0051,inv-p-016689
2026-05-30,Dr Khan,pat-0078,inv-p-016693
2026-05-30,Dr Reddy,pat-0208,inv-p-016699
2026-05-30,Dr Patel,pat-0016,inv-p-016737
2026-05-30,Dr Iyer,pat-0257,inv-p-016743
2026-05-30,Dr Khan,pat-0308,inv-p-016744
2026-05-30,Dr Reddy,pat-0109,inv-p-016776
2026-05-30,Dr Patel,pat-0373,inv-p-016782
2026-05-31,Dr Iyer,pat-0491,inv-p-016815
2026-05-31,Dr Iyer,pat-0391,inv-p-016820
2026-05-31,Dr Patel,pat-0198,inv-p-016843
2026-05-31,Dr Patel,pat-0472,inv-p-016852
2026-05-31,Dr Sharma,pat-0287,inv-p-016854
2026-05-31,Dr Iyer,pat-0287,inv-p-016877
2026-05-31,Dr Khan,pat-0025,inv-p-016899
2026-05-31,Dr Patel,pat-0367,inv-p-016904
2026-05-31,Dr Iyer,pat-0423,inv-p-016910
2026-05-31,Dr Sharma,pat-0468,inv-p-016919
2026-06-01,Dr Khan,pat-0435,inv-p-016933
2026-06-01,Dr Sharma,pat-0009,inv-p-016935
2026-06-01,Dr Sharma,pat-0113,inv-p-016937
2026-06-01,Dr Reddy,pat-0485,inv-p-016940
2026-06-01,Dr Iyer,pat-0351,inv-p-016955
2026-06-01,Dr Sharma,pat-0401,inv-p-016958
2026-06-01,Dr Patel,pat-0069,inv-p-016968
2026-06-01,Dr Patel,pat-0177,inv-p-016973
2026-06-01,Dr Sharma,pat-0251,inv-p-016974
2026-06-01,Dr Khan,pat-0122,inv-p-016979
2026-06-01,Dr Khan,pat-0221,inv-p-016981
2026-06-01,Dr Patel,pat-0270,inv-p-016989
2026-06-01,Dr Khan,pat-0500,inv-p-016991
2026-06-01,Dr Reddy,pat-0318,inv-p-016995
2026-06-01,Dr Sharma,pat-0214,inv-p-016997
2026-06-01,Dr Khan,pat-0048,inv-p-017006
2026-06-01,Dr Iyer,pat-0374,inv-p-017008
2026-06-01,Dr Iyer,pat-0216,inv-p-017012
2026-06-01,Dr Patel,pat-0268,inv-p-017017
2026-06-02,Dr Patel,pat-0309,inv-p-017035
2026-06-02,Dr Khan,pat-0297,inv-p-017040
2026-06-02,Dr Khan,pat-0076,inv-p-017050
2026-06-02,Dr Khan,pat-0002,inv-p-017073
2026-06-02,Dr Iyer,pat-0253,inv-p-017077
2026-06-02,Dr Khan,pat-0341,inv-p-017078
2026-06-02,Dr Reddy,pat-0053,inv-p-017084
2026-06-02,Dr Iyer,pat-0002,inv-p-017091
2026-06-02,Dr Khan,pat-0128,inv-p-017092
2026-06-02,Dr Iyer,pat-0342,inv-p-017102
2026-06-02,Dr Patel,pat-0487,inv-p-017107
2026-06-02,Dr Sharma,pat-0314,inv-p-017123
2026-06-02,Dr Iyer,pat-0190,inv-p-017128
2026-06-02,Dr Iyer,pat-0038,inv-p-017132
2026-06-03,Dr Khan,pat-0382,inv-p-017144
2026-06-03,Dr Khan,pat-0014,inv-p-017160
2026-06-03,Dr Patel,pat-0380,inv-p-017161
2026-06-03,Dr Patel,pat-0458,inv-p-017166
2026-06-03,Dr Khan,pat-0114,inv-p-017167
2026-06-03,Dr Patel,pat-0458,inv-p-017168
2026-06-03,Dr Iyer,pat-0022,inv-p-017174
2026-06-03,Dr Iyer,pat-0330,inv-p-017176
2026-06-03,Dr Reddy,pat-0262,inv-p-017183
2026-06-03,Dr Sharma,pat-0200,inv-p-017189
2026-06-03,Dr Iyer,pat-0441,inv-p-017191
2026-06-03,Dr Iyer,pat-0246,inv-p-017206
2026-06-03,Dr Reddy,pat-0084,inv-p-017209
2026-06-03,Dr Iyer,pat-0085,inv-p-017210
2026-06-03,Dr Sharma,pat-0280,inv-p-017216
2026-06-03,Dr Reddy,pat-0381,inv-p-017219
2026-06-03,Dr Sharma,pat-0490,inv-p-017236
2026-06-03,Dr Reddy,pat-0032,inv-p-017240
2026-06-03,Dr Sharma,pat-0225,inv-p-017241
2026-06-03,Dr Iyer,pat-0418,inv-p-017244
2026-06-03,Dr Iyer,pat-0051,inv-p-017246
2026-06-04,Dr Iyer,pat-0430,inv-p-017256
2026-06-04,Dr Iyer,pat-0005,inv-p-017269
2026-06-04,Dr Khan,pat-0214,inv-p-017282
2026-06-04,Dr Iyer,pat-0411,inv-p-017314
2026-06-04,Dr Patel,pat-0304,inv-p-017316
2026-06-04,Dr Patel,pat-0250,inv-p-017323
2026-06-04,Dr Reddy,pat-0362,inv-p-017324
2026-06-04,Dr Reddy,pat-0123,inv-p-017344
2026-06-04,Dr Sharma,pat-0326,inv-p-017362
2026-06-04,Dr Reddy,pat-0241,inv-p-017368
2026-06-04,Dr Sharma,pat-0094,inv-p-017372
2026-06-05,Dr Reddy,pat-0366,inv-p-017374
2026-06-05,Dr Patel,pat-0127,inv-p-017394
2026-06-05,Dr Reddy,pat-0199,inv-p-017398
2026-06-05,Dr Patel,pat-0488,inv-p-017401
2026-06-05,Dr Reddy,pat-0283,inv-p-017404
2026-06-05,Dr Patel,pat-0305,inv-p-017408
2026-06-05,Dr Sharma,pat-0138,inv-p-017415
2026-06-05,Dr Reddy,pat-0314,inv-p-017418
2026-06-05,Dr Patel,pat-0177,inv-p-017422
2026-06-05,Dr Khan,pat-0102,inv-p-017427
2026-06-05,Dr Iyer,pat-0407,inv-p-017433
2026-06-05,Dr Reddy,pat-0244,inv-p-017439
2026-06-05,Dr Patel,pat-0384,inv-p-017444
2026-06-05,Dr Reddy,pat-0061,inv-p-017456
2026-06-05,Dr Sharma,pat-0039,inv-p-017458
2026-06-05,Dr Khan,pat-0481,inv-p-017460
2026-06-05,Dr Reddy,pat-0491,inv-p-017465
2026-06-05,Dr Reddy,pat-0029,inv-p-017475
2026-06-05,Dr Sharma,pat-0287,inv-p-017485
2026-06-06,Dr Sharma,pat-0334,inv-p-017488
2026-06-06,Dr Patel,pat-0295,inv-p-017496
2026-06-06,Dr Khan,pat-0440,inv-p-017507
2026-06-06,Dr Patel,pat-0112,inv-p-017510
2026-06-06,Dr Khan,pat-0171,inv-p-017515
2026-06-06,Dr Iyer,pat-0033,inv-p-017516
2026-06-06,Dr Reddy,pat-0192,inv-p-017521
2026-06-06,Dr Sharma,pat-0174,inv-p-017529
2026-06-06,Dr Sharma,pat-0481,inv-p-017530
2026-06-06,Dr Sharma,pat-0335,inv-p-017531
2026-06-06,Dr Reddy,pat-0316,inv-p-017538
2026-06-06,Dr Iyer,pat-0328,inv-p-017544
2026-06-06,Dr Sharma,pat-0285,inv-p-017548
2026-06-06,Dr Khan,pat-0346,inv-p-017552
2026-06-06,Dr Khan,pat-0364,inv-p-017555
2026-06-06,Dr Reddy,pat-0415,inv-p-017558
2026-06-06,Dr Sharma,pat-0322,inv-p-017569
2026-06-06,Dr Patel,pat-0241,inv-p-017579
2026-06-06,Dr Patel,pat-0361,inv-p-017585
2026-06-06,Dr Sharma,pat-0458,inv-p-017592
2026-06-06,Dr Khan,pat-0448,inv-p-017601
2026-06-06,Dr Khan,pat-0415,inv-p-017603
2026-06-06,Dr Sharma,pat-0065,inv-p-017608
2026-06-06,Dr Khan,pat-0489,inv-p-017617
2026-06-07,Dr Iyer,pat-0254,inv-p-017632
2026-06-07,Dr Sharma,pat-0447,inv-p-017641
2026-06-07,Dr Reddy,pat-0396,inv-p-017646
2026-06-07,Dr Reddy,pat-0282,inv-p-017647
2026-06-07,Dr Reddy,pat-0490,inv-p-017654
2026-06-07,Dr Iyer,pat-0277,inv-p-017657
2026-06-07,Dr Khan,pat-0070,inv-p-017659
2026-06-07,Dr Khan,pat-0206,inv-p-017660
2026-06-07,Dr Sharma,pat-0456,inv-p-017673
2026-06-07,Dr Khan,pat-0127,inv-p-017681
2026-06-07,Dr Reddy,pat-0139,inv-p-017684
2026-06-07,Dr Sharma,pat-0174,inv-p-017688
2026-06-07,Dr Sharma,pat-0458,inv-p-017689
2026-06-07,Dr Reddy,pat-0369,inv-p-017697
2026-06-07,Dr Reddy,pat-0097,inv-p-017701
2026-06-07,Dr Khan,pat-0244,inv-p-017704
2026-06-07,Dr Sharma,pat-0003,inv-p-017715
2026-06-07,Dr Khan,pat-0373,inv-p-017727
2026-06-07,Dr Reddy,pat-0203,inv-p-017730
2026-06-08,Dr Reddy,pat-0036,inv-p-017740
2026-06-08,Dr Khan,pat-0213,inv-p-017749
2026-06-08,Dr Sharma,pat-0056,inv-p-017760
2026-06-08,Dr Reddy,pat-0447,inv-p-017766
2026-06-08,Dr Sharma,pat-0367,inv-p-017768
2026-06-08,Dr Khan,pat-0255,inv-p-017772
2026-06-08,Dr Sharma,pat-0489,inv-p-017773
2026-06-08,Dr Sharma,pat-0058,inv-p-017776
2026-06-08,Dr Patel,pat-0036,inv-p-017779
2026-06-08,Dr Patel,pat-0216,inv-p-017786
2026-06-08,Dr Reddy,pat-0436,inv-p-017792
2026-06-08,Dr Reddy,pat-0157,inv-p-017798
2026-06-08,Dr Reddy,pat-0285,inv-p-017801
2026-06-08,Dr Sharma,pat-0349,inv-p-017802
2026-06-08,Dr Iyer,pat-0483,inv-p-017805
2026-06-08,Dr Reddy,pat-0209,inv-p-017815
2026-06-08,Dr Patel,pat-0332,inv-p-017819
2026-06-08,Dr Iyer,pat-0127,inv-p-017820
2026-06-08,Dr Iyer,pat-0447,inv-p-017822
2026-06-08,Dr Iyer,pat-0251,inv-p-017829
2026-06-08,Dr Khan,pat-0031,inv-p-017844
2026-06-09,Dr Iyer,pat-0374,inv-p-017846
2026-06-09,Dr Sharma,pat-0437,inv-p-017858
2026-06-09,Dr Sharma,pat-0306,inv-p-017870
2026-06-09,Dr Khan,pat-0303,inv-p-017872
2026-06-09,Dr Sharma,pat-0054,inv-p-017883
2026-06-09,Dr Khan,pat-0207,inv-p-017885
2026-06-09,Dr Reddy,pat-0287,inv-p-017889
2026-06-09,Dr Sharma,pat-0283,inv-p-017895
2026-06-09,Dr Sharma,pat-0140,inv-p-017896
2026-06-09,Dr Reddy,pat-0377,inv-p-017901
2026-06-09,Dr Iyer,pat-0011,inv-p-017902
2026-06-09,Dr Patel,pat-0221,inv-p-017907
2026-06-09,Dr Sharma,pat-0467,inv-p-017920
2026-06-09,Dr Khan,pat-0089,inv-p-017923
2026-06-09,Dr Reddy,pat-0293,inv-p-017930
2026-06-09,Dr Sharma,pat-0186,inv-p-017931
2026-06-09,Dr Iyer,pat-0008,inv-p-017935
2026-06-09,Dr Sharma,pat-0289,inv-p-017937
2026-06-10,Dr Sharma,pat-0003,inv-p-017952
2026-06-10,Dr Iyer,pat-0459,inv-p-017960
2026-06-10,Dr Patel,pat-0155,inv-p-017970
2026-06-10,Dr Iyer,pat-0232,inv-p-017972
2026-06-10,Dr Reddy,pat-0461,inv-p-017980
2026-06-10,Dr Khan,pat-0435,inv-p-017981
2026-06-10,Dr Iyer,pat-0056,inv-p-017986
2026-06-10,Dr Iyer,pat-0030,inv-p-017987
2026-06-10,Dr Sharma,pat-0283,inv-p-017997
2026-06-10,Dr Khan,pat-0412,inv-p-018004
2026-06-10,Dr Sharma,pat-0463,inv-p-018011
2026-06-10,Dr Reddy,pat-0352,inv-p-018018
2026-06-10,Dr Patel,pat-0085,inv-p-018020
2026-06-10,Dr Sharma,pat-0232,inv-p-018022
2026-06-10,Dr Patel,pat-0110,inv-p-018026
2026-06-10,Dr Patel,pat-0416,inv-p-018027
2026-06-10,Dr Reddy,pat-0249,inv-p-018028
2026-06-11,Dr Khan,pat-0003,inv-p-018053
2026-06-11,Dr Sharma,pat-0497,inv-p-018055
2026-06-11,Dr Reddy,pat-0215,inv-p-018067
2026-06-11,Dr Patel,pat-0466,inv-p-018069
2026-06-11,Dr Reddy,pat-0005,inv-p-018078
2026-06-11,Dr Patel,pat-0365,inv-p-018085
2026-06-11,Dr Khan,pat-0095,inv-p-018095
2026-06-11,Dr Sharma,pat-0019,inv-p-018101
2026-06-11,Dr Reddy,pat-0474,inv-p-018104
2026-06-11,Dr Iyer,pat-0188,inv-p-018121
2026-06-11,Dr Sharma,pat-0408,inv-p-018132
2026-06-11,Dr Patel,pat-0299,inv-p-018133
2026-06-11,Dr Khan,pat-0037,inv-p-018136
2026-06-11,Dr Iyer,pat-0480,inv-p-018140
2026-06-11,Dr Sharma,pat-0087,inv-p-018149
2026-06-11,Dr Khan,pat-0188,inv-p-018150
2026-06-11,Dr Sharma,pat-0055,inv-p-018153
2026-06-12,Dr Reddy,pat-0061,inv-p-018170
2026-06-12,Dr Khan,pat-0062,inv-p-018188
2026-06-12,Dr Reddy,pat-0453,inv-p-018193
2026-06-12,Dr Iyer,pat-0284,inv-p-018204
2026-06-12,Dr Khan,pat-0428,inv-p-018207
2026-06-12,Dr Iyer,pat-0150,inv-p-018208
2026-06-12,Dr Reddy,pat-0283,inv-p-018212
2026-06-12,Dr Sharma,pat-0204,inv-p-018216
2026-06-12,Dr Khan,pat-0065,inv-p-018218
2026-06-12,Dr Khan,pat-0390,inv-p-018227
2026-06-12,Dr Patel,pat-0287,inv-p-018239
2026-06-12,Dr Patel,pat-0264,inv-p-018241
2026-06-12,Dr Sharma,pat-0128,inv-p-018255
2026-06-12,Dr Iyer,pat-0451,inv-p-018265
2026-06-13,Dr Sharma,pat-0185,inv-p-018270
2026-06-13,Dr Khan,pat-0311,inv-p-018275
2026-06-13,Dr Sharma,pat-0388,inv-p-018284
2026-06-13,Dr Khan,pat-0190,inv-p-018286
2026-06-13,Dr Patel,pat-0098,inv-p-018304
2026-06-13,Dr Reddy,pat-0041,inv-p-018305
2026-06-13,Dr Iyer,pat-0456,inv-p-018317
2026-06-13,Dr Iyer,pat-0437,inv-p-018319
2026-06-13,Dr Sharma,pat-0438,inv-p-018320
2026-06-13,Dr Khan,pat-0199,inv-p-018321
2026-06-13,Dr Iyer,pat-0035,inv-p-018329
2026-06-13,Dr Patel,pat-0428,inv-p-018331
2026-06-13,Dr Iyer,pat-0168,inv-p-018345
2026-06-13,Dr Khan,pat-0096,inv-p-018352
2026-06-13,Dr Khan,pat-0053,inv-p-018354
2026-06-13,Dr Iyer,pat-0449,inv-p-018356
2026-06-13,Dr Iyer,pat-0047,inv-p-018357
2026-06-13,Dr Khan,pat-0013,inv-p-018359
2026-06-13,Dr Reddy,pat-0238,inv-p-018365
2026-06-13,Dr Iyer,pat-0417,inv-p-018372
2026-06-13,Dr Reddy,pat-0312,inv-p-018375
2026-06-13,Dr Iyer,pat-0459,inv-p-018378
2026-06-13,Dr Reddy,pat-0317,inv-p-018381
2026-06-13,Dr Sharma,pat-0327,inv-p-018386
2026-06-13,Dr Sharma,pat-0257,inv-p-018389
2026-06-14,Dr Sharma,pat-0420,inv-p-018406
2026-06-14,Dr Khan,pat-0388,inv-p-018412
2026-06-14,Dr Sharma,pat-0432,inv-p-018417
2026-06-14,Dr Patel,pat-0484,inv-p-018429
2026-06-14,Dr Sharma,pat-0327,inv-p-018431
2026-06-14,Dr Khan,pat-0155,inv-p-018432
2026-06-14,Dr Reddy,pat-0078,inv-p-018441
2026-06-14,Dr Reddy,pat-0009,inv-p-018448
2026-06-14,Dr Patel,pat-0444,inv-p-018449
2026-06-14,Dr Reddy,pat-0329,inv-p-018456
2026-06-14,Dr Patel,pat-0021,inv-p-018464
2026-06-14,Dr Khan,pat-0456,inv-p-018467
2026-06-14,Dr Patel,pat-0359,inv-p-018468
2026-06-14,Dr Iyer,pat-0280,inv-p-018470
2026-06-14,Dr Sharma,pat-0427,inv-p-018477
2026-06-14,Dr Reddy,pat-0161,inv-p-018478
2026-06-14,Dr Patel,pat-0433,inv-p-018487
2026-06-14,Dr Sharma,pat-0347,inv-p-018491
2026-06-14,Dr Iyer,pat-0440,inv-p-018502
2026-06-14,Dr Sharma,pat-0413,inv-p-018504
2026-06-14,Dr Iyer,pat-0470,inv-p-018507
2026-06-14,Dr Iyer,pat-0466,inv-p-018517
2026-06-14,Dr Iyer,pat-0171,inv-p-018518
2026-06-14,Dr Reddy,pat-0066,inv-p-018523
2026-06-14,Dr Khan,pat-0082,inv-p-018526
2026-06-14,Dr Iyer,pat-0338,inv-p-018527
2026-06-14,Dr Patel,pat-0194,inv-p-018528
2026-06-15,Dr Patel,pat-0323,inv-p-018541
2026-06-15,Dr Reddy,pat-0254,inv-p-018549
2026-06-15,Dr Sharma,pat-0431,inv-p-018566
2026-06-15,Dr Reddy,pat-0405,inv-p-018570
2026-06-15,Dr Sharma,pat-0404,inv-p-018579
2026-06-15,Dr Iyer,pat-0285,inv-p-018597
2026-06-15,Dr Khan,pat-0053,inv-p-018609
2026-06-15,Dr Iyer,pat-0184,inv-p-018610
2026-06-15,Dr Sharma,pat-0303,inv-p-018616
2026-06-15,Dr Iyer,pat-0086,inv-p-018619
2026-06-15,Dr Iyer,pat-0215,inv-p-018636
2026-06-15,Dr Sharma,pat-0371,inv-p-018644
2026-06-16,Dr Sharma,pat-0375,inv-p-018655
2026-06-16,Dr Iyer,pat-0294,inv-p-018660
2026-06-16,Dr Patel,pat-0365,inv-p-018663
2026-06-16,Dr Sharma,pat-0294,inv-p-018674
2026-06-16,Dr Khan,pat-0207,inv-p-018677
2026-06-16,Dr Reddy,pat-0251,inv-p-018685
2026-06-16,Dr Sharma,pat-0311,inv-p-018692
2026-06-16,Dr Sharma,pat-0095,inv-p-018717
2026-06-16,Dr Sharma,pat-0394,inv-p-018721
2026-06-16,Dr Patel,pat-0290,inv-p-018737
2026-06-16,Dr Iyer,pat-0415,inv-p-018742
2026-06-17,Dr Patel,pat-0333,inv-p-018745
2026-06-17,Dr Sharma,pat-0351,inv-p-018751
2026-06-17,Dr Khan,pat-0428,inv-p-018759
2026-06-17,Dr Iyer,pat-0102,inv-p-018764
2026-06-17,Dr Iyer,pat-0436,inv-p-018767
2026-06-17,Dr Iyer,pat-0060,inv-p-018769
2026-06-17,Dr Khan,pat-0080,inv-p-018770
2026-06-17,Dr Iyer,pat-0209,inv-p-018774
2026-06-17,Dr Iyer,pat-0130,inv-p-018786
2026-06-17,Dr Sharma,pat-0359,inv-p-018789
2026-06-17,Dr Patel,pat-0213,inv-p-018790
2026-06-17,Dr Khan,pat-0342,inv-p-018791
2026-06-17,Dr Patel,pat-0097,inv-p-018798
2026-06-17,Dr Patel,pat-0406,inv-p-018800
2026-06-17,Dr Patel,pat-0243,inv-p-018802
2026-06-17,Dr Reddy,pat-0223,inv-p-018803
2026-06-17,Dr Khan,pat-0004,inv-p-018805
2026-06-17,Dr Sharma,pat-0390,inv-p-018806
2026-06-17,Dr Iyer,pat-0246,inv-p-018814
2026-06-17,Dr Patel,pat-0063,inv-p-018817
2026-06-17,Dr Reddy,pat-0165,inv-p-018818
2026-06-17,Dr Iyer,pat-0302,inv-p-018825
2026-06-17,Dr Patel,pat-0360,inv-p-018826
2026-06-17,Dr Iyer,pat-0075,inv-p-018833
2026-06-17,Dr Reddy,pat-0438,inv-p-018837
2026-06-17,Dr Khan,pat-0322,inv-p-018839
2026-06-17,Dr Khan,pat-0292,inv-p-018841
2026-06-17,Dr Sharma,pat-0201,inv-p-018844
2026-06-17,Dr Patel,pat-0064,inv-p-018846
2026-06-17,Dr Patel,pat-0375,inv-p-018851
2026-06-17,Dr Patel,pat-0419,inv-p-018853
2026-06-18,Dr Iyer,pat-0155,inv-p-018864
2026-06-18,Dr Sharma,pat-0328,inv-p-018869
2026-06-18,Dr Iyer,pat-0085,inv-p-018874
2026-06-18,Dr Iyer,pat-0078,inv-p-018885
2026-06-18,Dr Sharma,pat-0335,inv-p-018887
2026-06-18,Dr Patel,pat-0282,inv-p-018889
2026-06-18,Dr Patel,pat-0443,inv-p-018892
2026-06-18,Dr Sharma,pat-0013,inv-p-018894
2026-06-18,Dr Reddy,pat-0280,inv-p-018919
2026-06-18,Dr Khan,pat-0327,inv-p-018931
2026-06-18,Dr Reddy,pat-0187,inv-p-018938
2026-06-18,Dr Iyer,pat-0500,inv-p-018953
2026-06-18,Dr Sharma,pat-0240,inv-p-018962
2026-06-19,Dr Khan,pat-0033,inv-p-018964
2026-06-19,Dr Patel,pat-0062,inv-p-018971
2026-06-19,Dr Sharma,pat-0209,inv-p-018972
2026-06-19,Dr Reddy,pat-0108,inv-p-018980
2026-06-19,Dr Iyer,pat-0014,inv-p-018983
2026-06-19,Dr Iyer,pat-0202,inv-p-019001
2026-06-19,Dr Iyer,pat-0023,inv-p-019021
2026-06-19,Dr Sharma,pat-0202,inv-p-019031
2026-06-19,Dr Iyer,pat-0492,inv-p-019036
2026-06-19,Dr Reddy,pat-0209,inv-p-019051
2026-06-19,Dr Khan,pat-0353,inv-p-019058
2026-06-19,Dr Patel,pat-0471,inv-p-019061
2026-06-19,Dr Patel,pat-0052,inv-p-019064
2026-06-19,Dr Reddy,pat-0455,inv-p-019079
2026-06-20,Dr Sharma,pat-0155,inv-p-019088
2026-06-20,Dr Sharma,pat-0272,inv-p-019101
2026-06-20,Dr Patel,pat-0213,inv-p-019105
2026-06-20,Dr Iyer,pat-0336,inv-p-019107
2026-06-20,Dr Reddy,pat-0391,inv-p-019108
2026-06-20,Dr Reddy,pat-0167,inv-p-019111
2026-06-20,Dr Reddy,pat-0300,inv-p-019120
2026-06-20,Dr Reddy,pat-0389,inv-p-019127
2026-06-20,Dr Patel,pat-0434,inv-p-019135
2026-06-20,Dr Khan,pat-0045,inv-p-019136
2026-06-20,Dr Iyer,pat-0237,inv-p-019147
2026-06-20,Dr Sharma,pat-0277,inv-p-019158
2026-06-20,Dr Iyer,pat-0006,inv-p-019160
2026-06-20,Dr Sharma,pat-0350,inv-p-019164
2026-06-20,Dr Iyer,pat-0135,inv-p-019174
2026-06-20,Dr Reddy,pat-0313,inv-p-019180
2026-06-20,Dr Sharma,pat-0046,inv-p-019186
2026-06-20,Dr Khan,pat-0111,inv-p-019188
2026-06-20,Dr Sharma,pat-0307,inv-p-019194
2026-06-20,Dr Patel,pat-0362,inv-p-019195
2026-06-20,Dr Reddy,pat-0312,inv-p-019198
2026-06-21,Dr Patel,pat-0058,inv-p-019212
2026-06-21,Dr Khan,pat-0240,inv-p-019214
2026-06-21,Dr Sharma,pat-0188,inv-p-019216
2026-06-21,Dr Iyer,pat-0004,inv-p-019223
2026-06-21,Dr Khan,pat-0197,inv-p-019229
2026-06-21,Dr Iyer,pat-0375,inv-p-019234
2026-06-21,Dr Khan,pat-0242,inv-p-019241
2026-06-21,Dr Patel,pat-0210,inv-p-019243
2026-06-21,Dr Patel,pat-0332,inv-p-019248
2026-06-21,Dr Patel,pat-0457,inv-p-019256
2026-06-21,Dr Reddy,pat-0446,inv-p-019273
2026-06-21,Dr Reddy,pat-0232,inv-p-019276
2026-06-21,Dr Patel,pat-0002,inv-p-019282
2026-06-21,Dr Sharma,pat-0352,inv-p-019288
2026-06-21,Dr Patel,pat-0287,inv-p-019299
2026-06-21,Dr Iyer,pat-0476,inv-p-019300
2026-06-21,Dr Sharma,pat-0074,inv-p-019304
2026-06-21,Dr Khan,pat-0202,inv-p-019314
2026-06-21,Dr Iyer,pat-0303,inv-p-019323
2026-06-22,Dr Khan,pat-0236,inv-p-019345
2026-06-22,Dr Iyer,pat-0265,inv-p-019361
2026-06-22,Dr Patel,pat-0362,inv-p-019364
2026-06-22,Dr Iyer,pat-0272,inv-p-019365
2026-06-22,Dr Patel,pat-0090,inv-p-019366
2026-06-22,Dr Patel,pat-0430,inv-p-019370
2026-06-22,Dr Khan,pat-0298,inv-p-019379
2026-06-22,Dr Khan,pat-0048,inv-p-019390
2026-06-22,Dr Reddy,pat-0057,inv-p-019393
2026-06-22,Dr Iyer,pat-0260,inv-p-019394
2026-06-22,Dr Sharma,pat-0112,inv-p-019425
2026-06-22,Dr Iyer,pat-0226,inv-p-019431
2026-06-22,Dr Reddy,pat-0200,inv-p-019443
2026-06-23,Dr Iyer,pat-0127,inv-p-019463
2026-06-23,Dr Patel,pat-0363,inv-p-019493
2026-06-23,Dr Khan,pat-0058,inv-p-019518
2026-06-23,Dr Reddy,pat-0277,inv-p-019523
2026-06-23,Dr Iyer,pat-0376,inv-p-019538
2026-06-23,Dr Iyer,pat-0255,inv-p-019540
2026-06-23,Dr Sharma,pat-0491,inv-p-019547
2026-06-24,Dr Khan,pat-0218,inv-p-019550
2026-06-24,Dr Khan,pat-0056,inv-p-019554
2026-06-24,Dr Reddy,pat-0454,inv-p-019560
2026-06-24,Dr Patel,pat-0427,inv-p-019561
2026-06-24,Dr Reddy,pat-0248,inv-p-019566
2026-06-24,Dr Iyer,pat-0478,inv-p-019577
2026-06-24,Dr Patel,pat-0032,inv-p-019580
2026-06-24,Dr Patel,pat-0084,inv-p-019597
2026-06-24,Dr Reddy,pat-0470,inv-p-019612
2026-06-24,Dr Reddy,pat-0199,inv-p-019621
2026-06-24,Dr Khan,pat-0089,inv-p-019624
2026-06-24,Dr Reddy,pat-0014,inv-p-019628
2026-06-24,Dr Iyer,pat-0133,inv-p-019636
2026-06-24,Dr Iyer,pat-0269,inv-p-019645
2026-06-24,Dr Khan,pat-0097,inv-p-019657
2026-06-24,Dr Patel,pat-0453,inv-p-019664
2026-06-25,Dr Iyer,pat-0404,inv-p-019668
2026-06-25,Dr Patel,pat-0150,inv-p-019676
2026-06-25,Dr Iyer,pat-0374,inv-p-019680
2026-06-25,Dr Patel,pat-0075,inv-p-019694
2026-06-25,Dr Reddy,pat-0170,inv-p-019715
2026-06-25,Dr Iyer,pat-0464,inv-p-019718
2026-06-25,Dr Iyer,pat-0267,inv-p-019720
2026-06-25,Dr Iyer,pat-0313,inv-p-019734
2026-06-25,Dr Patel,pat-0496,inv-p-019735
2026-06-25,Dr Sharma,pat-0091,inv-p-019738
2026-06-25,Dr Sharma,pat-0039,inv-p-019749
2026-06-25,Dr Sharma,pat-0310,inv-p-019769
2026-06-25,Dr Iyer,pat-0291,inv-p-019771
2026-06-26,Dr Iyer,pat-0452,inv-p-019781
2026-06-26,Dr Khan,pat-0357,inv-p-019793
2026-06-26,Dr Reddy,pat-0117,inv-p-019794
2026-06-26,Dr Reddy,pat-0139,inv-p-019795
2026-06-26,Dr Reddy,pat-0313,inv-p-019797
2026-06-26,Dr Sharma,pat-0336,inv-p-019798
2026-06-26,Dr Patel,pat-0260,inv-p-019808
2026-06-26,Dr Khan,pat-0173,inv-p-019809
2026-06-26,Dr Khan,pat-0152,inv-p-019815
2026-06-26,Dr Patel,pat-0311,inv-p-019821
2026-06-26,Dr Sharma,pat-0398,inv-p-019828
2026-06-26,Dr Iyer,pat-0465,inv-p-019830
2026-06-26,Dr Patel,pat-0071,inv-p-019832
2026-06-26,Dr Sharma,pat-0135,inv-p-019835
2026-06-26,Dr Khan,pat-0460,inv-p-019845
2026-06-26,Dr Reddy,pat-0302,inv-p-019847
2026-06-26,Dr Sharma,pat-0460,inv-p-019851
2026-06-26,Dr Sharma,pat-0191,inv-p-019852
2026-06-26,Dr Reddy,pat-0368,inv-p-019854
2026-06-26,Dr Sharma,pat-0463,inv-p-019858
2026-06-26,Dr Khan,pat-0318,inv-p-019862
2026-06-26,Dr Khan,pat-0295,inv-p-019865
2026-06-27,Dr Reddy,pat-0209,inv-p-019905
2026-06-27,Dr Iyer,pat-0269,inv-p-019907
2026-06-27,Dr Iyer,pat-0165,inv-p-019919
2026-06-27,Dr Patel,pat-0320,inv-p-019933
2026-06-27,Dr Iyer,pat-0224,inv-p-019940
2026-06-27,Dr Patel,pat-0473,inv-p-019945
2026-06-27,Dr Iyer,pat-0137,inv-p-019950
2026-06-27,Dr Sharma,pat-0317,inv-p-019953
2026-06-27,Dr Iyer,pat-0012,inv-p-019962
2026-06-27,Dr Khan,pat-0395,inv-p-019968
2026-06-27,Dr Iyer,pat-0355,inv-p-019976
2026-06-27,Dr Iyer,pat-0129,inv-p-019979
2026-06-27,Dr Reddy,pat-0263,inv-p-020009
2026-06-27,Dr Sharma,pat-0368,inv-p-020013
2026-06-28,Dr Patel,pat-0115,inv-p-020023
2026-06-28,Dr Iyer,pat-0356,inv-p-020029
2026-06-28,Dr Patel,pat-0304,inv-p-020041
2026-06-28,Dr Patel,pat-0124,inv-p-020045
2026-06-28,Dr Reddy,pat-0174,inv-p-020051
2026-06-28,Dr Khan,pat-0491,inv-p-020054
2026-06-28,Dr Khan,pat-0067,inv-p-020062
2026-06-28,Dr Reddy,pat-0435,inv-p-020064
2026-06-28,Dr Reddy,pat-0256,inv-p-020066
2026-06-28,Dr Khan,pat-0015,inv-p-020071
2026-06-28,Dr Khan,pat-0041,inv-p-020085
2026-06-28,Dr Sharma,pat-0190,inv-p-020088
2026-06-28,Dr Khan,pat-0196,inv-p-020098
2026-06-28,Dr Sharma,pat-0058,inv-p-020101
2026-06-28,Dr Patel,pat-0042,inv-p-020111
2026-06-28,Dr Iyer,pat-0060,inv-p-020112
2026-06-28,Dr Reddy,pat-0466,inv-p-020113
2026-06-28,Dr Sharma,pat-0230,inv-p-020115
2026-06-28,Dr Patel,pat-0298,inv-p-020122
2026-06-28,Dr Khan,pat-0120,inv-p-020123
2026-06-28,Dr Patel,pat-0321,inv-p-020130
2026-06-28,Dr Reddy,pat-0395,inv-p-020136
2026-06-29,Dr Khan,pat-0414,inv-p-020139
2026-06-29,Dr Sharma,pat-0318,inv-p-020160
2026-06-29,Dr Reddy,pat-0064,inv-p-020162
2026-06-29,Dr Khan,pat-0422,inv-p-020167
2026-06-29,Dr Reddy,pat-0145,inv-p-020171
2026-06-29,Dr Khan,pat-0264,inv-p-020175
2026-06-29,Dr Reddy,pat-0044,inv-p-020186
2026-06-29,Dr Iyer,pat-0470,inv-p-020188
2026-06-29,Dr Iyer,pat-0156,inv-p-020207
2026-06-29,Dr Iyer,pat-0306,inv-p-020208
2026-06-29,Dr Sharma,pat-0417,inv-p-020217
2026-06-29,Dr Iyer,pat-0467,inv-p-020240
2026-06-30,Dr Khan,pat-0269,inv-p-020251
2026-06-30,Dr Iyer,pat-0043,inv-p-020256
2026-06-30,Dr Khan,pat-0347,inv-p-020263
2026-06-30,Dr Sharma,pat-0010,inv-p-020289
2026-06-30,Dr Iyer,pat-0012,inv-p-020291
2026-06-30,Dr Khan,pat-0024,inv-p-020318
2026-06-30,Dr Reddy,pat-0387,inv-p-020322
2026-06-30,Dr Patel,pat-0493,inv-p-020324
2026-06-30,Dr Reddy,pat-0407,inv-p-020332
2026-06-30,Dr Iyer,pat-0347,inv-p-020337
2026-06-30,Dr Sharma,pat-0478,inv-p-020338
2026-06-30,Dr Iyer,pat-0392,inv-p-020347
2026-06-30,Dr Khan,pat-0370,inv-p-020355
